6.99999e+06 7500 -2.88163e+07
6.99998e+06 15000 -2.88163e+07
6.99995e+06 22500 -2.88163e+07
6.99992e+06 29999.9 -2.88163e+07
6.99988e+06 37499.8 -2.88163e+07
6.99983e+06 44999.7 -2.88163e+07
6.99977e+06 52499.5 -2.88163e+07
6.99971e+06 59999.3 -2.88163e+07
6.99963e+06 67499 -2.88163e+07
6.99955e+06 74998.6 -2.88163e+07
6.99946e+06 82498.1 -2.88163e+07
6.99937e+06 89997.5 -2.88163e+07
6.99926e+06 97496.8 -2.88163e+07
6.99915e+06 104996 -2.88163e+07
6.99902e+06 112495 -2.88163e+07
6.99889e+06 119994 -2.88163e+07
6.99876e+06 127493 -2.88163e+07
6.99861e+06 134992 -2.88163e+07
6.99845e+06 142490 -2.88163e+07
6.99829e+06 149988 -2.88163e+07
6.99812e+06 157487 -2.88163e+07
6.99794e+06 164985 -2.88163e+07
6.99775e+06 172482 -2.88163e+07
6.99756e+06 179980 -2.88163e+07
6.99736e+06 187477 -2.88163e+07
6.99714e+06 194975 -2.88163e+07
6.99693e+06 202471 -2.88163e+07
6.9967e+06 209968 -2.88163e+07
6.99646e+06 217465 -2.88163e+07
6.99622e+06 224961 -2.88163e+07
6.99597e+06 232457 -2.88163e+07
6.99571e+06 239952 -2.88163e+07
6.99544e+06 247448 -2.88163e+07
6.99516e+06 254943 -2.88163e+07
6.99488e+06 262438 -2.88163e+07
6.99458e+06 269932 -2.88163e+07
6.99428e+06 277426 -2.88163e+07
6.99397e+06 284920 -2.88163e+07
6.99366e+06 292414 -2.88163e+07
6.99333e+06 299907 -2.88163e+07
6.993e+06 307400 -2.88163e+07
6.99266e+06 314892 -2.88163e+07
6.99231e+06 322385 -2.88163e+07
6.99195e+06 329876 -2.88163e+07
6.99158e+06 337368 -2.88163e+07
6.99121e+06 344859 -2.88163e+07
6.99083e+06 352349 -2.88163e+07
6.99044e+06 359839 -2.88163e+07
6.99004e+06 367329 -2.88163e+07
6.98963e+06 374819 -2.88163e+07
6.98922e+06 382307 -2.88163e+07
6.98879e+06 389796 -2.88163e+07
6.98836e+06 397284 -2.88163e+07
6.98792e+06 404771 -2.88163e+07
6.98748e+06 412258 -2.88163e+07
6.98702e+06 419745 -2.88163e+07
6.98656e+06 427231 -2.88163e+07
6.98609e+06 434717 -2.88163e+07
6.98561e+06 442202 -2.88163e+07
6.98512e+06 449686 -2.88163e+07
6.98462e+06 457170 -2.88163e+07
6.98412e+06 464654 -2.88163e+07
6.98361e+06 472137 -2.88163e+07
6.98309e+06 479619 -2.88163e+07
6.98256e+06 487101 -2.88163e+07
6.98202e+06 494583 -2.88163e+07
6.98148e+06 502063 -2.88163e+07
6.98092e+06 509543 -2.88163e+07
6.98036e+06 517023 -2.88163e+07
6.97979e+06 524502 -2.88163e+07
6.97922e+06 531980 -2.88163e+07
6.97863e+06 539458 -2.88163e+07
6.97804e+06 546935 -2.88163e+07
6.97744e+06 554412 -2.88163e+07
6.97683e+06 561887 -2.88163e+07
6.97621e+06 569363 -2.88163e+07
6.97558e+06 576837 -2.88163e+07
6.97495e+06 584311 -2.88162e+07
6.97431e+06 591784 -2.88162e+07
6.97366e+06 599257 -2.88162e+07
6.973e+06 606728 -2.88162e+07
6.97233e+06 614199 -2.88162e+07
6.97166e+06 621670 -2.88162e+07
6.97098e+06 629139 -2.88162e+07
6.97029e+06 636608 -2.88162e+07
6.96959e+06 644076 -2.88162e+07
6.96888e+06 651544 -2.88162e+07
6.96817e+06 659011 -2.88162e+07
6.96744e+06 666476 -2.88162e+07
6.96671e+06 673942 -2.88162e+07
6.96597e+06 681406 -2.88162e+07
6.96523e+06 688869 -2.88162e+07
6.96447e+06 696332 -2.88162e+07
6.96371e+06 703794 -2.88162e+07
6.96294e+06 711255 -2.88162e+07
6.96216e+06 718715 -2.88162e+07
6.96137e+06 726175 -2.88162e+07
6.96057e+06 733634 -2.88162e+07
6.95977e+06 741091 -2.88162e+07
6.95896e+06 748548 -2.88162e+07
6.95814e+06 756004 -2.88162e+07
6.95731e+06 763459 -2.88162e+07
6.95647e+06 770914 -2.88162e+07
6.95563e+06 778367 -2.88162e+07
6.95478e+06 785819 -2.88162e+07
6.95392e+06 793271 -2.88162e+07
6.95305e+06 800722 -2.88162e+07
6.95217e+06 808171 -2.88162e+07
6.95129e+06 815620 -2.88162e+07
6.95039e+06 823068 -2.88162e+07
6.94949e+06 830515 -2.88162e+07
6.94858e+06 837961 -2.88162e+07
6.94767e+06 845405 -2.88162e+07
6.94674e+06 852849 -2.88162e+07
6.94581e+06 860292 -2.88162e+07
6.94487e+06 867734 -2.88162e+07
6.94392e+06 875175 -2.88162e+07
6.94296e+06 882615 -2.88162e+07
6.94199e+06 890054 -2.88162e+07
6.94102e+06 897492 -2.88162e+07
6.94004e+06 904929 -2.88162e+07
6.93905e+06 912364 -2.88162e+07
6.93805e+06 919799 -2.88162e+07
6.93704e+06 927233 -2.88162e+07
6.93603e+06 934665 -2.88162e+07
6.93501e+06 942097 -2.88162e+07
6.93398e+06 949527 -2.88162e+07
6.93294e+06 956956 -2.88162e+07
6.93189e+06 964384 -2.88162e+07
6.93084e+06 971811 -2.88162e+07
6.92978e+06 979237 -2.88162e+07
6.92871e+06 986662 -2.88162e+07
6.92763e+06 994086 -2.88162e+07
6.92654e+06 1.00151e+06 -2.88162e+07
6.92545e+06 1.00893e+06 -2.88162e+07
6.92435e+06 1.01635e+06 -2.88162e+07
6.92323e+06 1.02377e+06 -2.88162e+07
6.92212e+06 1.03119e+06 -2.88162e+07
6.92099e+06 1.0386e+06 -2.88162e+07
6.91985e+06 1.04602e+06 -2.88162e+07
6.91871e+06 1.05343e+06 -2.88162e+07
6.91756e+06 1.06084e+06 -2.88162e+07
6.9164e+06 1.06826e+06 -2.88162e+07
6.91523e+06 1.07567e+06 -2.88162e+07
6.91406e+06 1.08308e+06 -2.88162e+07
6.91288e+06 1.09048e+06 -2.88162e+07
6.91169e+06 1.09789e+06 -2.88162e+07
6.91049e+06 1.1053e+06 -2.88162e+07
6.90928e+06 1.1127e+06 -2.88162e+07
6.90806e+06 1.1201e+06 -2.88162e+07
6.90684e+06 1.1275e+06 -2.88162e+07
6.90561e+06 1.1349e+06 -2.88162e+07
6.90437e+06 1.1423e+06 -2.88162e+07
6.90312e+06 1.1497e+06 -2.88162e+07
6.90187e+06 1.1571e+06 -2.88162e+07
6.9006e+06 1.16449e+06 -2.88162e+07
6.89933e+06 1.17189e+06 -2.88162e+07
6.89805e+06 1.17928e+06 -2.88162e+07
6.89677e+06 1.18667e+06 -2.88162e+07
6.89547e+06 1.19406e+06 -2.88162e+07
6.89417e+06 1.20145e+06 -2.88162e+07
6.89286e+06 1.20883e+06 -2.88162e+07
6.89154e+06 1.21622e+06 -2.88162e+07
6.89021e+06 1.2236e+06 -2.88162e+07
6.88887e+06 1.23098e+06 -2.88162e+07
6.88753e+06 1.23836e+06 -2.88162e+07
6.88618e+06 1.24574e+06 -2.88162e+07
6.88482e+06 1.25312e+06 -2.88162e+07
6.88345e+06 1.2605e+06 -2.88162e+07
6.88207e+06 1.26787e+06 -2.88162e+07
6.88069e+06 1.27525e+06 -2.88162e+07
6.8793e+06 1.28262e+06 -2.88162e+07
6.8779e+06 1.28999e+06 -2.88162e+07
6.87649e+06 1.29736e+06 -2.88162e+07
6.87508e+06 1.30473e+06 -2.88162e+07
6.87365e+06 1.31209e+06 -2.88162e+07
6.87222e+06 1.31946e+06 -2.88162e+07
6.87078e+06 1.32682e+06 -2.88162e+07
6.86933e+06 1.33418e+06 -2.88162e+07
6.86788e+06 1.34154e+06 -2.88162e+07
6.86641e+06 1.3489e+06 -2.88162e+07
6.86494e+06 1.35626e+06 -2.88162e+07
6.86346e+06 1.36361e+06 -2.88162e+07
6.86198e+06 1.37097e+06 -2.88162e+07
6.86048e+06 1.37832e+06 -2.88162e+07
6.85898e+06 1.38567e+06 -2.88162e+07
6.85747e+06 1.39302e+06 -2.88162e+07
6.85595e+06 1.40036e+06 -2.88162e+07
6.85442e+06 1.40771e+06 -2.88162e+07
6.85288e+06 1.41505e+06 -2.88162e+07
6.85134e+06 1.4224e+06 -2.88162e+07
6.84979e+06 1.42974e+06 -2.88162e+07
6.84823e+06 1.43708e+06 -2.88162e+07
6.84666e+06 1.44441e+06 -2.88162e+07
6.84509e+06 1.45175e+06 -2.88162e+07
6.8435e+06 1.45908e+06 -2.88162e+07
6.84191e+06 1.46642e+06 -2.88162e+07
6.84031e+06 1.47375e+06 -2.88162e+07
6.83871e+06 1.48107e+06 -2.88162e+07
6.83709e+06 1.4884e+06 -2.88162e+07
6.83547e+06 1.49573e+06 -2.88162e+07
6.83384e+06 1.50305e+06 -2.88162e+07
6.8322e+06 1.51037e+06 -2.88162e+07
6.83055e+06 1.51769e+06 -2.88162e+07
6.8289e+06 1.52501e+06 -2.88162e+07
6.82723e+06 1.53233e+06 -2.88162e+07
6.82556e+06 1.53964e+06 -2.88162e+07
6.82388e+06 1.54696e+06 -2.88162e+07
6.8222e+06 1.55427e+06 -2.88162e+07
6.8205e+06 1.56158e+06 -2.88162e+07
6.8188e+06 1.56888e+06 -2.88162e+07
6.81709e+06 1.57619e+06 -2.88162e+07
6.81537e+06 1.58349e+06 -2.88162e+07
6.81365e+06 1.5908e+06 -2.88162e+07
6.81191e+06 1.5981e+06 -2.88162e+07
6.81017e+06 1.60539e+06 -2.88162e+07
6.80842e+06 1.61269e+06 -2.88162e+07
6.80666e+06 1.61999e+06 -2.88162e+07
6.8049e+06 1.62728e+06 -2.88162e+07
6.80312e+06 1.63457e+06 -2.88162e+07
6.80134e+06 1.64186e+06 -2.88162e+07
6.79955e+06 1.64914e+06 -2.88162e+07
6.79775e+06 1.65643e+06 -2.88162e+07
6.79595e+06 1.66371e+06 -2.88162e+07
6.79413e+06 1.67099e+06 -2.88162e+07
6.79231e+06 1.67827e+06 -2.88162e+07
6.79048e+06 1.68555e+06 -2.88162e+07
6.78865e+06 1.69283e+06 -2.88162e+07
6.7868e+06 1.7001e+06 -2.88162e+07
6.78495e+06 1.70737e+06 -2.88162e+07
6.78309e+06 1.71464e+06 -2.88162e+07
6.78122e+06 1.72191e+06 -2.88162e+07
6.77934e+06 1.72917e+06 -2.88162e+07
6.77746e+06 1.73644e+06 -2.88162e+07
6.77557e+06 1.7437e+06 -2.88162e+07
6.77367e+06 1.75096e+06 -2.88162e+07
6.77176e+06 1.75822e+06 -2.88162e+07
6.76984e+06 1.76547e+06 -2.88162e+07
6.76792e+06 1.77272e+06 -2.88162e+07
6.76599e+06 1.77998e+06 -2.88162e+07
6.76405e+06 1.78722e+06 -2.88162e+07
6.7621e+06 1.79447e+06 -2.88162e+07
6.76014e+06 1.80172e+06 -2.88162e+07
6.75818e+06 1.80896e+06 -2.88162e+07
6.75621e+06 1.8162e+06 -2.88162e+07
6.75423e+06 1.82344e+06 -2.88162e+07
6.75224e+06 1.83068e+06 -2.88162e+07
6.75025e+06 1.83791e+06 -2.88162e+07
6.74825e+06 1.84514e+06 -2.88162e+07
6.74624e+06 1.85237e+06 -2.88162e+07
6.74422e+06 1.8596e+06 -2.88162e+07
6.74219e+06 1.86683e+06 -2.88162e+07
6.74016e+06 1.87405e+06 -2.88162e+07
6.73812e+06 1.88127e+06 -2.88162e+07
6.73607e+06 1.88849e+06 -2.88162e+07
6.73401e+06 1.89571e+06 -2.88162e+07
6.73194e+06 1.90292e+06 -2.88162e+07
6.72987e+06 1.91013e+06 -2.88162e+07
6.72779e+06 1.91735e+06 -2.88162e+07
6.7257e+06 1.92455e+06 -2.88162e+07
6.7236e+06 1.93176e+06 -2.88162e+07
6.7215e+06 1.93896e+06 -2.88162e+07
6.71939e+06 1.94616e+06 -2.88162e+07
6.71727e+06 1.95336e+06 -2.88162e+07
6.71514e+06 1.96056e+06 -2.88162e+07
6.713e+06 1.96775e+06 -2.88162e+07
6.71086e+06 1.97495e+06 -2.88162e+07
6.70871e+06 1.98214e+06 -2.88162e+07
6.70655e+06 1.98932e+06 -2.88162e+07
6.70438e+06 1.99651e+06 -2.88162e+07
6.70221e+06 2.00369e+06 -2.88162e+07
6.70003e+06 2.01087e+06 -2.88162e+07
6.69783e+06 2.01805e+06 -2.88162e+07
6.69564e+06 2.02523e+06 -2.88162e+07
6.69343e+06 2.0324e+06 -2.88162e+07
6.69122e+06 2.03957e+06 -2.88162e+07
6.689e+06 2.04674e+06 -2.88162e+07
6.68677e+06 2.05391e+06 -2.88162e+07
6.68453e+06 2.06107e+06 -2.88162e+07
6.68228e+06 2.06823e+06 -2.88162e+07
6.68003e+06 2.07539e+06 -2.88162e+07
6.67777e+06 2.08255e+06 -2.88162e+07
6.6755e+06 2.08971e+06 -2.88162e+07
6.67323e+06 2.09686e+06 -2.88162e+07
6.67094e+06 2.10401e+06 -2.88162e+07
6.66865e+06 2.11115e+06 -2.88162e+07
6.66635e+06 2.1183e+06 -2.88162e+07
6.66404e+06 2.12544e+06 -2.88162e+07
6.66173e+06 2.13258e+06 -2.88162e+07
6.65941e+06 2.13972e+06 -2.88162e+07
6.65708e+06 2.14685e+06 -2.88162e+07
6.65474e+06 2.15399e+06 -2.88162e+07
6.65239e+06 2.16112e+06 -2.88162e+07
6.65004e+06 2.16824e+06 -2.88162e+07
6.64768e+06 2.17537e+06 -2.88162e+07
6.64531e+06 2.18249e+06 -2.88162e+07
6.64293e+06 2.18961e+06 -2.88162e+07
6.64055e+06 2.19673e+06 -2.88162e+07
6.63815e+06 2.20384e+06 -2.88162e+07
6.63575e+06 2.21095e+06 -2.88162e+07
6.63335e+06 2.21806e+06 -2.88162e+07
6.63093e+06 2.22517e+06 -2.88162e+07
6.62851e+06 2.23227e+06 -2.88162e+07
6.62608e+06 2.23938e+06 -2.88162e+07
6.62364e+06 2.24647e+06 -2.88162e+07
6.62119e+06 2.25357e+06 -2.88162e+07
6.61874e+06 2.26066e+06 -2.88162e+07
6.61627e+06 2.26776e+06 -2.88162e+07
6.61381e+06 2.27484e+06 -2.88162e+07
6.61133e+06 2.28193e+06 -2.88162e+07
6.60884e+06 2.28901e+06 -2.88162e+07
6.60635e+06 2.29609e+06 -2.88162e+07
6.60385e+06 2.30317e+06 -2.88162e+07
6.60134e+06 2.31025e+06 -2.88162e+07
6.59883e+06 2.31732e+06 -2.88162e+07
6.5963e+06 2.32439e+06 -2.88162e+07
6.59377e+06 2.33146e+06 -2.88162e+07
6.59123e+06 2.33852e+06 -2.88162e+07
6.58869e+06 2.34558e+06 -2.88162e+07
6.58613e+06 2.35264e+06 -2.88162e+07
6.58357e+06 2.3597e+06 -2.88162e+07
6.581e+06 2.36675e+06 -2.88162e+07
6.57842e+06 2.3738e+06 -2.88162e+07
6.57584e+06 2.38085e+06 -2.88162e+07
6.57325e+06 2.38789e+06 -2.88162e+07
6.57065e+06 2.39494e+06 -2.88162e+07
6.56804e+06 2.40198e+06 -2.88162e+07
6.56542e+06 2.40901e+06 -2.88162e+07
6.5628e+06 2.41605e+06 -2.88162e+07
6.56017e+06 2.42308e+06 -2.88162e+07
6.55753e+06 2.43011e+06 -2.88162e+07
6.55488e+06 2.43713e+06 -2.88162e+07
6.55223e+06 2.44415e+06 -2.88162e+07
6.54957e+06 2.45117e+06 -2.88162e+07
6.5469e+06 2.45819e+06 -2.88161e+07
6.54422e+06 2.46521e+06 -2.88161e+07
6.54154e+06 2.47222e+06 -2.88161e+07
6.53885e+06 2.47922e+06 -2.88161e+07
6.53615e+06 2.48623e+06 -2.88161e+07
6.53344e+06 2.49323e+06 -2.88161e+07
6.53073e+06 2.50023e+06 -2.88161e+07
6.528e+06 2.50723e+06 -2.88161e+07
6.52527e+06 2.51422e+06 -2.88161e+07
6.52254e+06 2.52121e+06 -2.88161e+07
6.51979e+06 2.5282e+06 -2.88161e+07
6.51704e+06 2.53519e+06 -2.88161e+07
6.51428e+06 2.54217e+06 -2.88161e+07
6.51151e+06 2.54915e+06 -2.88161e+07
6.50873e+06 2.55612e+06 -2.88161e+07
6.50595e+06 2.5631e+06 -2.88161e+07
6.50316e+06 2.57007e+06 -2.88161e+07
6.50036e+06 2.57703e+06 -2.88161e+07
6.49756e+06 2.584e+06 -2.88161e+07
6.49474e+06 2.59096e+06 -2.88161e+07
6.49192e+06 2.59792e+06 -2.88161e+07
6.48909e+06 2.60487e+06 -2.88161e+07
6.48626e+06 2.61182e+06 -2.88161e+07
6.48341e+06 2.61877e+06 -2.88161e+07
6.48056e+06 2.62572e+06 -2.88161e+07
6.4777e+06 2.63266e+06 -2.88161e+07
6.47484e+06 2.6396e+06 -2.88161e+07
6.47196e+06 2.64654e+06 -2.88161e+07
6.46908e+06 2.65347e+06 -2.88161e+07
6.46619e+06 2.6604e+06 -2.88161e+07
6.4633e+06 2.66733e+06 -2.88161e+07
6.46039e+06 2.67425e+06 -2.88161e+07
6.45748e+06 2.68118e+06 -2.88161e+07
6.45456e+06 2.68809e+06 -2.88161e+07
6.45163e+06 2.69501e+06 -2.88161e+07
6.4487e+06 2.70192e+06 -2.88161e+07
6.44576e+06 2.70883e+06 -2.88161e+07
6.44281e+06 2.71573e+06 -2.88161e+07
6.43985e+06 2.72264e+06 -2.88161e+07
6.43689e+06 2.72954e+06 -2.88161e+07
6.43392e+06 2.73643e+06 -2.88161e+07
6.43094e+06 2.74332e+06 -2.88161e+07
6.42795e+06 2.75021e+06 -2.88161e+07
6.42496e+06 2.7571e+06 -2.88161e+07
6.42195e+06 2.76398e+06 -2.88161e+07
6.41894e+06 2.77086e+06 -2.88161e+07
6.41593e+06 2.77774e+06 -2.88161e+07
6.4129e+06 2.78461e+06 -2.88161e+07
6.40987e+06 2.79148e+06 -2.88161e+07
6.40683e+06 2.79835e+06 -2.88161e+07
6.40379e+06 2.80521e+06 -2.88161e+07
6.40073e+06 2.81207e+06 -2.88161e+07
6.39767e+06 2.81893e+06 -2.88161e+07
6.3946e+06 2.82579e+06 -2.88161e+07
6.39152e+06 2.83264e+06 -2.88161e+07
6.38844e+06 2.83948e+06 -2.88161e+07
6.38535e+06 2.84633e+06 -2.88161e+07
6.38225e+06 2.85317e+06 -2.88161e+07
6.37914e+06 2.86001e+06 -2.88161e+07
6.37603e+06 2.86684e+06 -2.88161e+07
6.37291e+06 2.87367e+06 -2.88161e+07
6.36978e+06 2.8805e+06 -2.88161e+07
6.36664e+06 2.88732e+06 -2.88161e+07
6.3635e+06 2.89414e+06 -2.88161e+07
6.36035e+06 2.90096e+06 -2.88161e+07
6.35719e+06 2.90777e+06 -2.88161e+07
6.35403e+06 2.91458e+06 -2.88161e+07
6.35085e+06 2.92139e+06 -2.88161e+07
6.34767e+06 2.92819e+06 -2.88161e+07
6.34448e+06 2.93499e+06 -2.88161e+07
6.34129e+06 2.94179e+06 -2.88161e+07
6.33809e+06 2.94858e+06 -2.88161e+07
6.33488e+06 2.95537e+06 -2.88161e+07
6.33166e+06 2.96216e+06 -2.88161e+07
6.32843e+06 2.96894e+06 -2.88161e+07
6.3252e+06 2.97572e+06 -2.88161e+07
6.32196e+06 2.9825e+06 -2.88161e+07
6.31871e+06 2.98927e+06 -2.88161e+07
6.31546e+06 2.99604e+06 -2.88161e+07
6.3122e+06 3.0028e+06 -2.88161e+07
6.30893e+06 3.00957e+06 -2.88161e+07
6.30565e+06 3.01633e+06 -2.88161e+07
6.30237e+06 3.02308e+06 -2.88161e+07
6.29908e+06 3.02983e+06 -2.88161e+07
6.29578e+06 3.03658e+06 -2.88161e+07
6.29247e+06 3.04332e+06 -2.88161e+07
6.28916e+06 3.05006e+06 -2.88161e+07
6.28584e+06 3.0568e+06 -2.88161e+07
6.28251e+06 3.06354e+06 -2.88161e+07
6.27917e+06 3.07027e+06 -2.88161e+07
6.27583e+06 3.07699e+06 -2.88161e+07
6.27248e+06 3.08372e+06 -2.88161e+07
6.26912e+06 3.09043e+06 -2.88161e+07
6.26576e+06 3.09715e+06 -2.88161e+07
6.26239e+06 3.10386e+06 -2.88161e+07
6.25901e+06 3.11057e+06 -2.88161e+07
6.25562e+06 3.11728e+06 -2.88161e+07
6.25223e+06 3.12398e+06 -2.88161e+07
6.24883e+06 3.13067e+06 -2.88161e+07
6.24542e+06 3.13737e+06 -2.88161e+07
6.242e+06 3.14406e+06 -2.88161e+07
6.23858e+06 3.15075e+06 -2.88161e+07
6.23515e+06 3.15743e+06 -2.88161e+07
6.23171e+06 3.16411e+06 -2.88161e+07
6.22827e+06 3.17078e+06 -2.88161e+07
6.22481e+06 3.17745e+06 -2.88161e+07
6.22136e+06 3.18412e+06 -2.88161e+07
6.21789e+06 3.19079e+06 -2.88161e+07
6.21441e+06 3.19745e+06 -2.88161e+07
6.21093e+06 3.2041e+06 -2.88161e+07
6.20744e+06 3.21076e+06 -2.88161e+07
6.20395e+06 3.21741e+06 -2.88161e+07
6.20045e+06 3.22405e+06 -2.88161e+07
6.19694e+06 3.2307e+06 -2.88161e+07
6.19342e+06 3.23733e+06 -2.88161e+07
6.18989e+06 3.24397e+06 -2.88161e+07
6.18636e+06 3.2506e+06 -2.88161e+07
6.18282e+06 3.25723e+06 -2.88161e+07
6.17928e+06 3.26385e+06 -2.88161e+07
6.17572e+06 3.27047e+06 -2.88161e+07
6.17216e+06 3.27708e+06 -2.88161e+07
6.16859e+06 3.28369e+06 -2.88161e+07
6.16502e+06 3.2903e+06 -2.88161e+07
6.16144e+06 3.29691e+06 -2.88161e+07
6.15785e+06 3.30351e+06 -2.88161e+07
6.15425e+06 3.3101e+06 -2.88161e+07
6.15065e+06 3.31669e+06 -2.88161e+07
6.14704e+06 3.32328e+06 -2.88161e+07
6.14342e+06 3.32987e+06 -2.88161e+07
6.13979e+06 3.33645e+06 -2.88161e+07
6.13616e+06 3.34302e+06 -2.88161e+07
6.13252e+06 3.3496e+06 -2.88161e+07
6.12887e+06 3.35617e+06 -2.88161e+07
6.12522e+06 3.36273e+06 -2.88161e+07
6.12156e+06 3.36929e+06 -2.88161e+07
6.11789e+06 3.37585e+06 -2.88161e+07
6.11421e+06 3.3824e+06 -2.88161e+07
6.11053e+06 3.38895e+06 -2.88161e+07
6.10684e+06 3.3955e+06 -2.88161e+07
6.10314e+06 3.40204e+06 -2.88161e+07
6.09944e+06 3.40858e+06 -2.88161e+07
6.09573e+06 3.41511e+06 -2.88161e+07
6.09201e+06 3.42164e+06 -2.88161e+07
6.08828e+06 3.42816e+06 -2.88161e+07
6.08455e+06 3.43468e+06 -2.88161e+07
6.08081e+06 3.4412e+06 -2.88161e+07
6.07706e+06 3.44772e+06 -2.88161e+07
6.07331e+06 3.45422e+06 -2.88161e+07
6.06955e+06 3.46073e+06 -2.88161e+07
6.06578e+06 3.46723e+06 -2.88161e+07
6.06201e+06 3.47373e+06 -2.88161e+07
6.05822e+06 3.48022e+06 -2.88161e+07
6.05443e+06 3.48671e+06 -2.88161e+07
6.05064e+06 3.4932e+06 -2.88161e+07
6.04683e+06 3.49968e+06 -2.88161e+07
6.04302e+06 3.50615e+06 -2.88161e+07
6.0392e+06 3.51263e+06 -2.88161e+07
6.03538e+06 3.51909e+06 -2.88161e+07
6.03155e+06 3.52556e+06 -2.88161e+07
6.02771e+06 3.53202e+06 -2.88161e+07
6.02386e+06 3.53848e+06 -2.88161e+07
6.02001e+06 3.54493e+06 -2.88161e+07
6.01615e+06 3.55138e+06 -2.88161e+07
6.01228e+06 3.55782e+06 -2.88161e+07
6.00841e+06 3.56426e+06 -2.88161e+07
6.00453e+06 3.57069e+06 -2.88161e+07
6.00064e+06 3.57713e+06 -2.88161e+07
5.99675e+06 3.58355e+06 -2.88161e+07
5.99284e+06 3.58998e+06 -2.88161e+07
5.98893e+06 3.59639e+06 -2.88161e+07
5.98502e+06 3.60281e+06 -2.88161e+07
5.98109e+06 3.60922e+06 -2.88161e+07
5.97716e+06 3.61563e+06 -2.88161e+07
5.97323e+06 3.62203e+06 -2.88161e+07
5.96928e+06 3.62842e+06 -2.88161e+07
5.96533e+06 3.63482e+06 -2.88161e+07
5.96137e+06 3.64121e+06 -2.88161e+07
5.95741e+06 3.64759e+06 -2.88161e+07
5.95344e+06 3.65397e+06 -2.88161e+07
5.94946e+06 3.66035e+06 -2.88161e+07
5.94547e+06 3.66672e+06 -2.88161e+07
5.94148e+06 3.67309e+06 -2.88161e+07
5.93748e+06 3.67945e+06 -2.88161e+07
5.93347e+06 3.68581e+06 -2.88161e+07
5.92946e+06 3.69217e+06 -2.88161e+07
5.92544e+06 3.69852e+06 -2.88161e+07
5.92141e+06 3.70486e+06 -2.88161e+07
5.91738e+06 3.7112e+06 -2.88161e+07
5.91334e+06 3.71754e+06 -2.88161e+07
5.90929e+06 3.72388e+06 -2.88161e+07
5.90523e+06 3.7302e+06 -2.88161e+07
5.90117e+06 3.73653e+06 -2.88161e+07
5.8971e+06 3.74285e+06 -2.88161e+07
5.89302e+06 3.74916e+06 -2.88161e+07
5.88894e+06 3.75548e+06 -2.88161e+07
5.88485e+06 3.76178e+06 -2.88161e+07
5.88076e+06 3.76809e+06 -2.88161e+07
5.87665e+06 3.77438e+06 -2.88161e+07
5.87254e+06 3.78068e+06 -2.88161e+07
5.86842e+06 3.78697e+06 -2.88161e+07
5.8643e+06 3.79325e+06 -2.88161e+07
5.86017e+06 3.79953e+06 -2.88161e+07
5.85603e+06 3.80581e+06 -2.88161e+07
5.85189e+06 3.81208e+06 -2.88161e+07
5.84774e+06 3.81835e+06 -2.88161e+07
5.84358e+06 3.82461e+06 -2.88161e+07
5.83941e+06 3.83087e+06 -2.88161e+07
5.83524e+06 3.83712e+06 -2.88161e+07
5.83106e+06 3.84337e+06 -2.88161e+07
5.82687e+06 3.84961e+06 -2.88161e+07
5.82268e+06 3.85585e+06 -2.88161e+07
5.81848e+06 3.86209e+06 -2.88161e+07
5.81428e+06 3.86832e+06 -2.88161e+07
5.81006e+06 3.87455e+06 -2.88161e+07
5.80584e+06 3.88077e+06 -2.88161e+07
5.80162e+06 3.88699e+06 -2.88161e+07
5.79738e+06 3.8932e+06 -2.88161e+07
5.79314e+06 3.89941e+06 -2.88161e+07
5.7889e+06 3.90561e+06 -2.88161e+07
5.78464e+06 3.91181e+06 -2.88161e+07
5.78038e+06 3.91801e+06 -2.88161e+07
5.77612e+06 3.9242e+06 -2.88161e+07
5.77184e+06 3.93038e+06 -2.88161e+07
5.76756e+06 3.93656e+06 -2.88161e+07
5.76327e+06 3.94274e+06 -2.88161e+07
5.75898e+06 3.94891e+06 -2.88161e+07
5.75468e+06 3.95508e+06 -2.88161e+07
5.75037e+06 3.96124e+06 -2.88161e+07
5.74606e+06 3.9674e+06 -2.88161e+07
5.74174e+06 3.97355e+06 -2.88161e+07
5.73741e+06 3.9797e+06 -2.88161e+07
5.73307e+06 3.98584e+06 -2.88161e+07
5.72873e+06 3.99198e+06 -2.88161e+07
5.72438e+06 3.99812e+06 -2.88161e+07
5.72003e+06 4.00425e+06 -2.88161e+07
5.71567e+06 4.01037e+06 -2.88161e+07
5.7113e+06 4.01649e+06 -2.88161e+07
5.70692e+06 4.02261e+06 -2.88161e+07
5.70254e+06 4.02872e+06 -2.88161e+07
5.69816e+06 4.03483e+06 -2.88161e+07
5.69376e+06 4.04093e+06 -2.88161e+07
5.68936e+06 4.04702e+06 -2.88161e+07
5.68495e+06 4.05312e+06 -2.88161e+07
5.68054e+06 4.0592e+06 -2.88161e+07
5.67611e+06 4.06529e+06 -2.88161e+07
5.67169e+06 4.07136e+06 -2.88161e+07
5.66725e+06 4.07744e+06 -2.88161e+07
5.66281e+06 4.08351e+06 -2.88161e+07
5.65836e+06 4.08957e+06 -2.88161e+07
5.65391e+06 4.09563e+06 -2.88161e+07
5.64945e+06 4.10168e+06 -2.88161e+07
5.64498e+06 4.10773e+06 -2.88161e+07
5.6405e+06 4.11377e+06 -2.88161e+07
5.63602e+06 4.11981e+06 -2.88161e+07
5.63154e+06 4.12585e+06 -2.88161e+07
5.62704e+06 4.13188e+06 -2.88161e+07
5.62254e+06 4.1379e+06 -2.88161e+07
5.61803e+06 4.14392e+06 -2.88161e+07
5.61352e+06 4.14994e+06 -2.88161e+07
5.609e+06 4.15595e+06 -2.88161e+07
5.60447e+06 4.16195e+06 -2.88161e+07
5.59994e+06 4.16796e+06 -2.88161e+07
5.5954e+06 4.17395e+06 -2.88161e+07
5.59085e+06 4.17994e+06 -2.88161e+07
5.5863e+06 4.18593e+06 -2.88161e+07
5.58174e+06 4.19191e+06 -2.88161e+07
5.57717e+06 4.19789e+06 -2.88161e+07
5.5726e+06 4.20386e+06 -2.88161e+07
5.56802e+06 4.20982e+06 -2.88161e+07
5.56343e+06 4.21578e+06 -2.88161e+07
5.55884e+06 4.22174e+06 -2.88161e+07
5.55424e+06 4.22769e+06 -2.88161e+07
5.54963e+06 4.23364e+06 -2.88161e+07
5.54502e+06 4.23958e+06 -2.88161e+07
5.5404e+06 4.24552e+06 -2.88161e+07
5.53578e+06 4.25145e+06 -2.88161e+07
5.53115e+06 4.25738e+06 -2.88161e+07
5.52651e+06 4.2633e+06 -2.88161e+07
5.52186e+06 4.26921e+06 -2.88161e+07
5.51721e+06 4.27513e+06 -2.88161e+07
5.51255e+06 4.28103e+06 -2.88161e+07
5.50789e+06 4.28693e+06 -2.88161e+07
5.50322e+06 4.29283e+06 -2.88161e+07
5.49854e+06 4.29872e+06 -2.88161e+07
5.49386e+06 4.30461e+06 -2.88161e+07
5.48917e+06 4.31049e+06 -2.88161e+07
5.48447e+06 4.31637e+06 -2.88161e+07
5.47977e+06 4.32224e+06 -2.88161e+07
5.47506e+06 4.3281e+06 -2.88161e+07
5.47035e+06 4.33397e+06 -2.88161e+07
5.46562e+06 4.33982e+06 -2.8816e+07
5.4609e+06 4.34567e+06 -2.8816e+07
5.45616e+06 4.35152e+06 -2.8816e+07
5.45142e+06 4.35736e+06 -2.8816e+07
5.44667e+06 4.3632e+06 -2.8816e+07
5.44192e+06 4.36903e+06 -2.8816e+07
5.43716e+06 4.37485e+06 -2.8816e+07
5.43239e+06 4.38067e+06 -2.8816e+07
5.42762e+06 4.38649e+06 -2.8816e+07
5.42284e+06 4.3923e+06 -2.8816e+07
5.41805e+06 4.3981e+06 -2.8816e+07
5.41326e+06 4.4039e+06 -2.8816e+07
5.40846e+06 4.4097e+06 -2.8816e+07
5.40366e+06 4.41549e+06 -2.8816e+07
5.39885e+06 4.42127e+06 -2.8816e+07
5.39403e+06 4.42705e+06 -2.8816e+07
5.3892e+06 4.43282e+06 -2.8816e+07
5.38437e+06 4.43859e+06 -2.8816e+07
5.37954e+06 4.44436e+06 -2.8816e+07
5.3747e+06 4.45011e+06 -2.8816e+07
5.36985e+06 4.45587e+06 -2.8816e+07
5.36499e+06 4.46162e+06 -2.8816e+07
5.36013e+06 4.46736e+06 -2.8816e+07
5.35526e+06 4.47309e+06 -2.8816e+07
5.35039e+06 4.47883e+06 -2.8816e+07
5.34551e+06 4.48455e+06 -2.8816e+07
5.34062e+06 4.49028e+06 -2.8816e+07
5.33573e+06 4.49599e+06 -2.8816e+07
5.33083e+06 4.5017e+06 -2.8816e+07
5.32592e+06 4.50741e+06 -2.8816e+07
5.32101e+06 4.51311e+06 -2.8816e+07
5.31609e+06 4.5188e+06 -2.8816e+07
5.31117e+06 4.52449e+06 -2.8816e+07
5.30624e+06 4.53018e+06 -2.8816e+07
5.3013e+06 4.53586e+06 -2.8816e+07
5.29636e+06 4.54153e+06 -2.8816e+07
5.29141e+06 4.5472e+06 -2.8816e+07
5.28645e+06 4.55286e+06 -2.8816e+07
5.28149e+06 4.55852e+06 -2.8816e+07
5.27652e+06 4.56417e+06 -2.8816e+07
5.27155e+06 4.56982e+06 -2.8816e+07
5.26657e+06 4.57546e+06 -2.8816e+07
5.26158e+06 4.5811e+06 -2.8816e+07
5.25659e+06 4.58673e+06 -2.8816e+07
5.25159e+06 4.59236e+06 -2.8816e+07
5.24659e+06 4.59798e+06 -2.8816e+07
5.24157e+06 4.60359e+06 -2.8816e+07
5.23656e+06 4.6092e+06 -2.8816e+07
5.23153e+06 4.61481e+06 -2.8816e+07
5.2265e+06 4.6204e+06 -2.8816e+07
5.22147e+06 4.626e+06 -2.8816e+07
5.21643e+06 4.63159e+06 -2.8816e+07
5.21138e+06 4.63717e+06 -2.8816e+07
5.20633e+06 4.64274e+06 -2.8816e+07
5.20127e+06 4.64832e+06 -2.8816e+07
5.1962e+06 4.65388e+06 -2.8816e+07
5.19113e+06 4.65944e+06 -2.8816e+07
5.18605e+06 4.665e+06 -2.8816e+07
5.18096e+06 4.67055e+06 -2.8816e+07
5.17587e+06 4.67609e+06 -2.8816e+07
5.17078e+06 4.68163e+06 -2.8816e+07
5.16567e+06 4.68716e+06 -2.8816e+07
5.16056e+06 4.69269e+06 -2.8816e+07
5.15545e+06 4.69821e+06 -2.8816e+07
5.15033e+06 4.70373e+06 -2.8816e+07
5.1452e+06 4.70924e+06 -2.8816e+07
5.14007e+06 4.71475e+06 -2.8816e+07
5.13493e+06 4.72025e+06 -2.8816e+07
5.12978e+06 4.72574e+06 -2.8816e+07
5.12463e+06 4.73123e+06 -2.8816e+07
5.11948e+06 4.73671e+06 -2.8816e+07
5.11431e+06 4.74219e+06 -2.8816e+07
5.10914e+06 4.74766e+06 -2.8816e+07
5.10397e+06 4.75313e+06 -2.8816e+07
5.09879e+06 4.75859e+06 -2.8816e+07
5.0936e+06 4.76405e+06 -2.8816e+07
5.08841e+06 4.7695e+06 -2.8816e+07
5.08321e+06 4.77494e+06 -2.8816e+07
5.078e+06 4.78038e+06 -2.8816e+07
5.07279e+06 4.78581e+06 -2.8816e+07
5.06757e+06 4.79124e+06 -2.8816e+07
5.06235e+06 4.79666e+06 -2.8816e+07
5.05712e+06 4.80208e+06 -2.8816e+07
5.05189e+06 4.80749e+06 -2.8816e+07
5.04665e+06 4.81289e+06 -2.8816e+07
5.0414e+06 4.81829e+06 -2.8816e+07
5.03615e+06 4.82369e+06 -2.8816e+07
5.03089e+06 4.82907e+06 -2.8816e+07
5.02562e+06 4.83446e+06 -2.8816e+07
5.02035e+06 4.83983e+06 -2.8816e+07
5.01508e+06 4.8452e+06 -2.8816e+07
5.0098e+06 4.85057e+06 -2.8816e+07
5.00451e+06 4.85593e+06 -2.8816e+07
4.99921e+06 4.86128e+06 -2.8816e+07
4.99391e+06 4.86663e+06 -2.8816e+07
4.98861e+06 4.87197e+06 -2.8816e+07
4.9833e+06 4.87731e+06 -2.8816e+07
4.97798e+06 4.88264e+06 -2.8816e+07
4.97266e+06 4.88796e+06 -2.8816e+07
4.96733e+06 4.89328e+06 -2.8816e+07
4.96199e+06 4.8986e+06 -2.8816e+07
4.95665e+06 4.90391e+06 -2.8816e+07
4.9513e+06 4.90921e+06 -2.8816e+07
4.94595e+06 4.9145e+06 -2.8816e+07
4.94059e+06 4.91979e+06 -2.8816e+07
4.93523e+06 4.92508e+06 -2.8816e+07
4.92986e+06 4.93036e+06 -2.8816e+07
4.92448e+06 4.93563e+06 -2.8816e+07
4.9191e+06 4.9409e+06 -2.8816e+07
4.91371e+06 4.94616e+06 -2.8816e+07
4.90832e+06 4.95142e+06 -2.8816e+07
4.90292e+06 4.95667e+06 -2.8816e+07
4.89752e+06 4.96191e+06 -2.8816e+07
4.89211e+06 4.96715e+06 -2.8816e+07
4.88669e+06 4.97238e+06 -2.8816e+07
4.88127e+06 4.97761e+06 -2.8816e+07
4.87584e+06 4.98283e+06 -2.8816e+07
4.87041e+06 4.98804e+06 -2.8816e+07
4.86497e+06 4.99325e+06 -2.8816e+07
4.85952e+06 4.99845e+06 -2.8816e+07
4.85407e+06 5.00365e+06 -2.8816e+07
4.84862e+06 5.00884e+06 -2.8816e+07
4.84316e+06 5.01403e+06 -2.8816e+07
4.83769e+06 5.01921e+06 -2.8816e+07
4.83221e+06 5.02438e+06 -2.8816e+07
4.82674e+06 5.02955e+06 -2.8816e+07
4.82125e+06 5.03471e+06 -2.8816e+07
4.81576e+06 5.03987e+06 -2.8816e+07
4.81026e+06 5.04502e+06 -2.8816e+07
4.80476e+06 5.05016e+06 -2.8816e+07
4.79926e+06 5.0553e+06 -2.8816e+07
4.79374e+06 5.06043e+06 -2.8816e+07
4.78822e+06 5.06556e+06 -2.8816e+07
4.7827e+06 5.07068e+06 -2.8816e+07
4.77717e+06 5.07579e+06 -2.8816e+07
4.77163e+06 5.0809e+06 -2.8816e+07
4.76609e+06 5.086e+06 -2.8816e+07
4.76055e+06 5.0911e+06 -2.8816e+07
4.75499e+06 5.09619e+06 -2.8816e+07
4.74944e+06 5.10127e+06 -2.8816e+07
4.74387e+06 5.10635e+06 -2.8816e+07
4.7383e+06 5.11142e+06 -2.8816e+07
4.73273e+06 5.11649e+06 -2.8816e+07
4.72715e+06 5.12155e+06 -2.8816e+07
4.72156e+06 5.1266e+06 -2.8816e+07
4.71597e+06 5.13165e+06 -2.8816e+07
4.71037e+06 5.13669e+06 -2.8816e+07
4.70477e+06 5.14173e+06 -2.8816e+07
4.69916e+06 5.14676e+06 -2.8816e+07
4.69355e+06 5.15178e+06 -2.8816e+07
4.68793e+06 5.1568e+06 -2.8816e+07
4.68231e+06 5.16181e+06 -2.8816e+07
4.67668e+06 5.16682e+06 -2.8816e+07
4.67104e+06 5.17182e+06 -2.8816e+07
4.6654e+06 5.17681e+06 -2.8816e+07
4.65975e+06 5.1818e+06 -2.8816e+07
4.6541e+06 5.18678e+06 -2.8816e+07
4.64844e+06 5.19176e+06 -2.8816e+07
4.64278e+06 5.19673e+06 -2.8816e+07
4.63711e+06 5.20169e+06 -2.8816e+07
4.63144e+06 5.20664e+06 -2.8816e+07
4.62576e+06 5.2116e+06 -2.8816e+07
4.62007e+06 5.21654e+06 -2.8816e+07
4.61438e+06 5.22148e+06 -2.8816e+07
4.60869e+06 5.22641e+06 -2.8816e+07
4.60299e+06 5.23134e+06 -2.8816e+07
4.59728e+06 5.23626e+06 -2.8816e+07
4.59157e+06 5.24117e+06 -2.8816e+07
4.58585e+06 5.24608e+06 -2.8816e+07
4.58013e+06 5.25098e+06 -2.8816e+07
4.5744e+06 5.25588e+06 -2.8816e+07
4.56867e+06 5.26076e+06 -2.8816e+07
4.56293e+06 5.26565e+06 -2.8816e+07
4.55718e+06 5.27052e+06 -2.8816e+07
4.55143e+06 5.27539e+06 -2.8816e+07
4.54568e+06 5.28026e+06 -2.8816e+07
4.53992e+06 5.28512e+06 -2.8816e+07
4.53415e+06 5.28997e+06 -2.8816e+07
4.52838e+06 5.29481e+06 -2.8816e+07
4.5226e+06 5.29965e+06 -2.8816e+07
4.51682e+06 5.30449e+06 -2.8816e+07
4.51103e+06 5.30931e+06 -2.8816e+07
4.50524e+06 5.31413e+06 -2.8816e+07
4.49944e+06 5.31895e+06 -2.8816e+07
4.49364e+06 5.32376e+06 -2.8816e+07
4.48783e+06 5.32856e+06 -2.8816e+07
4.48202e+06 5.33335e+06 -2.8816e+07
4.4762e+06 5.33814e+06 -2.8816e+07
4.47037e+06 5.34293e+06 -2.8816e+07
4.46455e+06 5.3477e+06 -2.8816e+07
4.45871e+06 5.35247e+06 -2.8816e+07
4.45287e+06 5.35724e+06 -2.8816e+07
4.44702e+06 5.36199e+06 -2.8816e+07
4.44117e+06 5.36675e+06 -2.8816e+07
4.43532e+06 5.37149e+06 -2.8816e+07
4.42946e+06 5.37623e+06 -2.8816e+07
4.42359e+06 5.38096e+06 -2.8816e+07
4.41772e+06 5.38569e+06 -2.8816e+07
4.41184e+06 5.39041e+06 -2.8816e+07
4.40596e+06 5.39512e+06 -2.8816e+07
4.40007e+06 5.39983e+06 -2.8816e+07
4.39418e+06 5.40453e+06 -2.8816e+07
4.38828e+06 5.40922e+06 -2.8816e+07
4.38238e+06 5.41391e+06 -2.8816e+07
4.37647e+06 5.41859e+06 -2.8816e+07
4.37056e+06 5.42327e+06 -2.8816e+07
4.36464e+06 5.42793e+06 -2.8816e+07
4.35872e+06 5.4326e+06 -2.8816e+07
4.35279e+06 5.43725e+06 -2.8816e+07
4.34686e+06 5.4419e+06 -2.8816e+07
4.34092e+06 5.44655e+06 -2.8816e+07
4.33498e+06 5.45118e+06 -2.8816e+07
4.32903e+06 5.45581e+06 -2.8816e+07
4.32307e+06 5.46044e+06 -2.8816e+07
4.31711e+06 5.46505e+06 -2.8816e+07
4.31115e+06 5.46966e+06 -2.8816e+07
4.30518e+06 5.47427e+06 -2.8816e+07
4.29921e+06 5.47887e+06 -2.8816e+07
4.29323e+06 5.48346e+06 -2.8816e+07
4.28724e+06 5.48804e+06 -2.8816e+07
4.28125e+06 5.49262e+06 -2.8816e+07
4.27526e+06 5.49719e+06 -2.8816e+07
4.26926e+06 5.50176e+06 -2.8816e+07
4.26325e+06 5.50632e+06 -2.8816e+07
4.25724e+06 5.51087e+06 -2.8816e+07
4.25123e+06 5.51542e+06 -2.8816e+07
4.24521e+06 5.51996e+06 -2.8816e+07
4.23918e+06 5.52449e+06 -2.8816e+07
4.23315e+06 5.52901e+06 -2.8816e+07
4.22712e+06 5.53353e+06 -2.8816e+07
4.22108e+06 5.53805e+06 -2.8816e+07
4.21503e+06 5.54255e+06 -2.8816e+07
4.20898e+06 5.54706e+06 -2.8816e+07
4.20293e+06 5.55155e+06 -2.8816e+07
4.19687e+06 5.55604e+06 -2.8816e+07
4.19081e+06 5.56052e+06 -2.8816e+07
4.18474e+06 5.56499e+06 -2.8816e+07
4.17866e+06 5.56946e+06 -2.8816e+07
4.17258e+06 5.57392e+06 -2.8816e+07
4.1665e+06 5.57837e+06 -2.8816e+07
4.16041e+06 5.58282e+06 -2.8816e+07
4.15431e+06 5.58726e+06 -2.8816e+07
4.14822e+06 5.5917e+06 -2.8816e+07
4.14211e+06 5.59613e+06 -2.8816e+07
4.136e+06 5.60055e+06 -2.8816e+07
4.12989e+06 5.60496e+06 -2.8816e+07
4.12377e+06 5.60937e+06 -2.8816e+07
4.11765e+06 5.61377e+06 -2.8816e+07
4.11152e+06 5.61817e+06 -2.8816e+07
4.10538e+06 5.62255e+06 -2.8816e+07
4.09925e+06 5.62694e+06 -2.8816e+07
4.0931e+06 5.63131e+06 -2.8816e+07
4.08696e+06 5.63568e+06 -2.8816e+07
4.0808e+06 5.64004e+06 -2.8816e+07
4.07465e+06 5.6444e+06 -2.8816e+07
4.06848e+06 5.64874e+06 -2.8816e+07
4.06232e+06 5.65309e+06 -2.8816e+07
4.05614e+06 5.65742e+06 -2.8816e+07
4.04997e+06 5.66175e+06 -2.8816e+07
4.04379e+06 5.66607e+06 -2.8816e+07
4.0376e+06 5.67038e+06 -2.8816e+07
4.03141e+06 5.67469e+06 -2.8816e+07
4.02521e+06 5.67899e+06 -2.8816e+07
4.01901e+06 5.68329e+06 -2.8816e+07
4.01281e+06 5.68758e+06 -2.8816e+07
4.0066e+06 5.69186e+06 -2.8816e+07
4.00038e+06 5.69613e+06 -2.8816e+07
3.99416e+06 5.7004e+06 -2.8816e+07
3.98794e+06 5.70466e+06 -2.8816e+07
3.98171e+06 5.70892e+06 -2.8816e+07
3.97548e+06 5.71316e+06 -2.8816e+07
3.96924e+06 5.71741e+06 -2.8816e+07
3.963e+06 5.72164e+06 -2.8816e+07
3.95675e+06 5.72587e+06 -2.8816e+07
3.9505e+06 5.73009e+06 -2.8816e+07
3.94424e+06 5.7343e+06 -2.8816e+07
3.93798e+06 5.73851e+06 -2.8816e+07
3.93171e+06 5.74271e+06 -2.8816e+07
3.92544e+06 5.7469e+06 -2.8816e+07
3.91916e+06 5.75109e+06 -2.8816e+07
3.91288e+06 5.75527e+06 -2.8816e+07
3.9066e+06 5.75944e+06 -2.8816e+07
3.90031e+06 5.76361e+06 -2.8816e+07
3.89401e+06 5.76777e+06 -2.8816e+07
3.88772e+06 5.77192e+06 -2.8816e+07
3.88141e+06 5.77607e+06 -2.8816e+07
3.8751e+06 5.7802e+06 -2.8816e+07
3.86879e+06 5.78434e+06 -2.8816e+07
3.86248e+06 5.78846e+06 -2.8816e+07
3.85615e+06 5.79258e+06 -2.8816e+07
3.84983e+06 5.79669e+06 -2.8816e+07
3.8435e+06 5.8008e+06 -2.8816e+07
3.83716e+06 5.80489e+06 -2.8816e+07
3.83082e+06 5.80899e+06 -2.8816e+07
3.82448e+06 5.81307e+06 -2.8816e+07
3.81813e+06 5.81715e+06 -2.8816e+07
3.81177e+06 5.82122e+06 -2.8816e+07
3.80542e+06 5.82528e+06 -2.8816e+07
3.79905e+06 5.82934e+06 -2.8816e+07
3.79269e+06 5.83339e+06 -2.8816e+07
3.78632e+06 5.83743e+06 -2.8816e+07
3.77994e+06 5.84147e+06 -2.8816e+07
3.77356e+06 5.84549e+06 -2.8816e+07
3.76717e+06 5.84952e+06 -2.8816e+07
3.76079e+06 5.85353e+06 -2.8816e+07
3.75439e+06 5.85754e+06 -2.8816e+07
3.74799e+06 5.86154e+06 -2.8816e+07
3.74159e+06 5.86554e+06 -2.8816e+07
3.73518e+06 5.86952e+06 -2.8816e+07
3.72877e+06 5.8735e+06 -2.8816e+07
3.72236e+06 5.87748e+06 -2.8816e+07
3.71594e+06 5.88144e+06 -2.8816e+07
3.70951e+06 5.8854e+06 -2.8816e+07
3.70308e+06 5.88936e+06 -2.8816e+07
3.69665e+06 5.8933e+06 -2.8816e+07
3.69021e+06 5.89724e+06 -2.8816e+07
3.68377e+06 5.90117e+06 -2.8816e+07
3.67732e+06 5.9051e+06 -2.8816e+07
3.67087e+06 5.90901e+06 -2.8816e+07
3.66442e+06 5.91292e+06 -2.8816e+07
3.65796e+06 5.91683e+06 -2.8816e+07
3.65149e+06 5.92072e+06 -2.8816e+07
3.64502e+06 5.92461e+06 -2.8816e+07
3.63855e+06 5.9285e+06 -2.8816e+07
3.63207e+06 5.93237e+06 -2.8816e+07
3.62559e+06 5.93624e+06 -2.8816e+07
3.61911e+06 5.9401e+06 -2.8816e+07
3.61262e+06 5.94396e+06 -2.8816e+07
3.60612e+06 5.9478e+06 -2.8816e+07
3.59963e+06 5.95165e+06 -2.8816e+07
3.59312e+06 5.95548e+06 -2.8816e+07
3.58662e+06 5.95931e+06 -2.8816e+07
3.58011e+06 5.96312e+06 -2.8816e+07
3.57359e+06 5.96694e+06 -2.8816e+07
3.56707e+06 5.97074e+06 -2.8816e+07
3.56055e+06 5.97454e+06 -2.8816e+07
3.55402e+06 5.97833e+06 -2.8816e+07
3.54749e+06 5.98211e+06 -2.8816e+07
3.54095e+06 5.98589e+06 -2.8816e+07
3.53441e+06 5.98966e+06 -2.8816e+07
3.52786e+06 5.99342e+06 -2.8816e+07
3.52132e+06 5.99718e+06 -2.8816e+07
3.51476e+06 6.00093e+06 -2.8816e+07
3.5082e+06 6.00467e+06 -2.8816e+07
3.50164e+06 6.0084e+06 -2.8816e+07
3.49508e+06 6.01213e+06 -2.8816e+07
3.48851e+06 6.01585e+06 -2.8816e+07
3.48193e+06 6.01956e+06 -2.8816e+07
3.47536e+06 6.02327e+06 -2.8816e+07
3.46877e+06 6.02697e+06 -2.8816e+07
3.46219e+06 6.03066e+06 -2.8816e+07
3.4556e+06 6.03434e+06 -2.8816e+07
3.449e+06 6.03802e+06 -2.8816e+07
3.4424e+06 6.04169e+06 -2.8816e+07
3.4358e+06 6.04535e+06 -2.8816e+07
3.42919e+06 6.04901e+06 -2.8816e+07
3.42258e+06 6.05266e+06 -2.8816e+07
3.41597e+06 6.0563e+06 -2.8816e+07
3.40935e+06 6.05993e+06 -2.8816e+07
3.40273e+06 6.06356e+06 -2.8816e+07
3.3961e+06 6.06718e+06 -2.8816e+07
3.38947e+06 6.07079e+06 -2.8816e+07
3.38283e+06 6.0744e+06 -2.8816e+07
3.3762e+06 6.078e+06 -2.8816e+07
3.36955e+06 6.08159e+06 -2.8816e+07
3.36291e+06 6.08517e+06 -2.8816e+07
3.35625e+06 6.08875e+06 -2.8816e+07
3.3496e+06 6.09232e+06 -2.8816e+07
3.34294e+06 6.09588e+06 -2.8816e+07
3.33628e+06 6.09943e+06 -2.8816e+07
3.32961e+06 6.10298e+06 -2.8816e+07
3.32294e+06 6.10652e+06 -2.8816e+07
3.31626e+06 6.11005e+06 -2.8816e+07
3.30959e+06 6.11358e+06 -2.8816e+07
3.3029e+06 6.1171e+06 -2.8816e+07
3.29622e+06 6.12061e+06 -2.8816e+07
3.28953e+06 6.12411e+06 -2.8816e+07
3.28283e+06 6.12761e+06 -2.8816e+07
3.27613e+06 6.1311e+06 -2.8816e+07
3.26943e+06 6.13458e+06 -2.8816e+07
3.26273e+06 6.13806e+06 -2.8816e+07
3.25602e+06 6.14152e+06 -2.8816e+07
3.2493e+06 6.14498e+06 -2.8816e+07
3.24258e+06 6.14844e+06 -2.8816e+07
3.23586e+06 6.15188e+06 -2.8816e+07
3.22914e+06 6.15532e+06 -2.8816e+07
3.22241e+06 6.15875e+06 -2.8816e+07
3.21567e+06 6.16218e+06 -2.8816e+07
3.20894e+06 6.16559e+06 -2.8816e+07
3.2022e+06 6.169e+06 -2.8816e+07
3.19545e+06 6.17241e+06 -2.8816e+07
3.1887e+06 6.1758e+06 -2.8816e+07
3.18195e+06 6.17919e+06 -2.8816e+07
3.1752e+06 6.18257e+06 -2.8816e+07
3.16844e+06 6.18594e+06 -2.8816e+07
3.16167e+06 6.18931e+06 -2.8816e+07
3.15491e+06 6.19266e+06 -2.8816e+07
3.14814e+06 6.19601e+06 -2.8816e+07
3.14136e+06 6.19936e+06 -2.8816e+07
3.13458e+06 6.20269e+06 -2.8816e+07
3.1278e+06 6.20602e+06 -2.8816e+07
3.12102e+06 6.20934e+06 -2.88159e+07
3.11423e+06 6.21266e+06 -2.88159e+07
3.10743e+06 6.21596e+06 -2.88159e+07
3.10064e+06 6.21926e+06 -2.88159e+07
3.09384e+06 6.22255e+06 -2.88159e+07
3.08703e+06 6.22584e+06 -2.88159e+07
3.08022e+06 6.22911e+06 -2.88159e+07
3.07341e+06 6.23238e+06 -2.88159e+07
3.0666e+06 6.23565e+06 -2.88159e+07
3.05978e+06 6.2389e+06 -2.88159e+07
3.05296e+06 6.24215e+06 -2.88159e+07
3.04613e+06 6.24539e+06 -2.88159e+07
3.0393e+06 6.24862e+06 -2.88159e+07
3.03247e+06 6.25184e+06 -2.88159e+07
3.02563e+06 6.25506e+06 -2.88159e+07
3.01879e+06 6.25827e+06 -2.88159e+07
3.01195e+06 6.26147e+06 -2.88159e+07
3.0051e+06 6.26467e+06 -2.88159e+07
2.99825e+06 6.26786e+06 -2.88159e+07
2.99139e+06 6.27104e+06 -2.88159e+07
2.98453e+06 6.27421e+06 -2.88159e+07
2.97767e+06 6.27738e+06 -2.88159e+07
2.97081e+06 6.28053e+06 -2.88159e+07
2.96394e+06 6.28368e+06 -2.88159e+07
2.95707e+06 6.28683e+06 -2.88159e+07
2.95019e+06 6.28996e+06 -2.88159e+07
2.94331e+06 6.29309e+06 -2.88159e+07
2.93643e+06 6.29621e+06 -2.88159e+07
2.92954e+06 6.29932e+06 -2.88159e+07
2.92265e+06 6.30243e+06 -2.88159e+07
2.91576e+06 6.30553e+06 -2.88159e+07
2.90886e+06 6.30862e+06 -2.88159e+07
2.90196e+06 6.3117e+06 -2.88159e+07
2.89506e+06 6.31478e+06 -2.88159e+07
2.88815e+06 6.31785e+06 -2.88159e+07
2.88124e+06 6.32091e+06 -2.88159e+07
2.87432e+06 6.32396e+06 -2.88159e+07
2.86741e+06 6.327e+06 -2.88159e+07
2.86049e+06 6.33004e+06 -2.88159e+07
2.85356e+06 6.33307e+06 -2.88159e+07
2.84663e+06 6.3361e+06 -2.88159e+07
2.8397e+06 6.33911e+06 -2.88159e+07
2.83277e+06 6.34212e+06 -2.88159e+07
2.82583e+06 6.34512e+06 -2.88159e+07
2.81889e+06 6.34811e+06 -2.88159e+07
2.81194e+06 6.3511e+06 -2.88159e+07
2.805e+06 6.35408e+06 -2.88159e+07
2.79805e+06 6.35705e+06 -2.88159e+07
2.79109e+06 6.36001e+06 -2.88159e+07
2.78413e+06 6.36296e+06 -2.88159e+07
2.77717e+06 6.36591e+06 -2.88159e+07
2.77021e+06 6.36885e+06 -2.88159e+07
2.76324e+06 6.37178e+06 -2.88159e+07
2.75627e+06 6.37471e+06 -2.88159e+07
2.74929e+06 6.37762e+06 -2.88159e+07
2.74232e+06 6.38053e+06 -2.88159e+07
2.73534e+06 6.38344e+06 -2.88159e+07
2.72835e+06 6.38633e+06 -2.88159e+07
2.72136e+06 6.38922e+06 -2.88159e+07
2.71437e+06 6.3921e+06 -2.88159e+07
2.70738e+06 6.39497e+06 -2.88159e+07
2.70038e+06 6.39783e+06 -2.88159e+07
2.69338e+06 6.40069e+06 -2.88159e+07
2.68638e+06 6.40354e+06 -2.88159e+07
2.67937e+06 6.40638e+06 -2.88159e+07
2.67236e+06 6.40921e+06 -2.88159e+07
2.66535e+06 6.41204e+06 -2.88159e+07
2.65833e+06 6.41486e+06 -2.88159e+07
2.65131e+06 6.41767e+06 -2.88159e+07
2.64429e+06 6.42047e+06 -2.88159e+07
2.63726e+06 6.42326e+06 -2.88159e+07
2.63024e+06 6.42605e+06 -2.88159e+07
2.6232e+06 6.42883e+06 -2.88159e+07
2.61617e+06 6.4316e+06 -2.88159e+07
2.60913e+06 6.43437e+06 -2.88159e+07
2.60209e+06 6.43713e+06 -2.88159e+07
2.59504e+06 6.43987e+06 -2.88159e+07
2.588e+06 6.44262e+06 -2.88159e+07
2.58095e+06 6.44535e+06 -2.88159e+07
2.57389e+06 6.44808e+06 -2.88159e+07
2.56684e+06 6.4508e+06 -2.88159e+07
2.55978e+06 6.45351e+06 -2.88159e+07
2.55271e+06 6.45621e+06 -2.88159e+07
2.54565e+06 6.45891e+06 -2.88159e+07
2.53858e+06 6.46159e+06 -2.88159e+07
2.53151e+06 6.46427e+06 -2.88159e+07
2.52443e+06 6.46695e+06 -2.88159e+07
2.51735e+06 6.46961e+06 -2.88159e+07
2.51027e+06 6.47227e+06 -2.88159e+07
2.50319e+06 6.47492e+06 -2.88159e+07
2.4961e+06 6.47756e+06 -2.88159e+07
2.48901e+06 6.48019e+06 -2.88159e+07
2.48192e+06 6.48282e+06 -2.88159e+07
2.47482e+06 6.48544e+06 -2.88159e+07
2.46772e+06 6.48805e+06 -2.88159e+07
2.46062e+06 6.49065e+06 -2.88159e+07
2.45352e+06 6.49325e+06 -2.88159e+07
2.44641e+06 6.49583e+06 -2.88159e+07
2.4393e+06 6.49841e+06 -2.88159e+07
2.43219e+06 6.50099e+06 -2.88159e+07
2.42507e+06 6.50355e+06 -2.88159e+07
2.41795e+06 6.50611e+06 -2.88159e+07
2.41083e+06 6.50865e+06 -2.88159e+07
2.4037e+06 6.5112e+06 -2.88159e+07
2.39658e+06 6.51373e+06 -2.88159e+07
2.38944e+06 6.51625e+06 -2.88159e+07
2.38231e+06 6.51877e+06 -2.88159e+07
2.37517e+06 6.52128e+06 -2.88159e+07
2.36804e+06 6.52378e+06 -2.88159e+07
2.36089e+06 6.52628e+06 -2.88159e+07
2.35375e+06 6.52877e+06 -2.88159e+07
2.3466e+06 6.53124e+06 -2.88159e+07
2.33945e+06 6.53372e+06 -2.88159e+07
2.3323e+06 6.53618e+06 -2.88159e+07
2.32514e+06 6.53863e+06 -2.88159e+07
2.31798e+06 6.54108e+06 -2.88159e+07
2.31082e+06 6.54352e+06 -2.88159e+07
2.30366e+06 6.54595e+06 -2.88159e+07
2.29649e+06 6.54838e+06 -2.88159e+07
2.28932e+06 6.55079e+06 -2.88159e+07
2.28215e+06 6.5532e+06 -2.88159e+07
2.27497e+06 6.5556e+06 -2.88159e+07
2.26779e+06 6.558e+06 -2.88159e+07
2.26061e+06 6.56038e+06 -2.88159e+07
2.25343e+06 6.56276e+06 -2.88159e+07
2.24624e+06 6.56513e+06 -2.88159e+07
2.23905e+06 6.56749e+06 -2.88159e+07
2.23186e+06 6.56984e+06 -2.88159e+07
2.22467e+06 6.57219e+06 -2.88159e+07
2.21747e+06 6.57453e+06 -2.88159e+07
2.21027e+06 6.57686e+06 -2.88159e+07
2.20307e+06 6.57918e+06 -2.88159e+07
2.19587e+06 6.5815e+06 -2.88159e+07
2.18866e+06 6.5838e+06 -2.88159e+07
2.18145e+06 6.5861e+06 -2.88159e+07
2.17424e+06 6.58839e+06 -2.88159e+07
2.16702e+06 6.59068e+06 -2.88159e+07
2.1598e+06 6.59295e+06 -2.88159e+07
2.15258e+06 6.59522e+06 -2.88159e+07
2.14536e+06 6.59748e+06 -2.88159e+07
2.13814e+06 6.59973e+06 -2.88159e+07
2.13091e+06 6.60197e+06 -2.88159e+07
2.12368e+06 6.60421e+06 -2.88159e+07
2.11644e+06 6.60644e+06 -2.88159e+07
2.10921e+06 6.60866e+06 -2.88159e+07
2.10197e+06 6.61087e+06 -2.88159e+07
2.09473e+06 6.61307e+06 -2.88159e+07
2.08749e+06 6.61527e+06 -2.88159e+07
2.08024e+06 6.61746e+06 -2.88159e+07
2.07299e+06 6.61964e+06 -2.88159e+07
2.06574e+06 6.62181e+06 -2.88159e+07
2.05849e+06 6.62398e+06 -2.88159e+07
2.05123e+06 6.62613e+06 -2.88159e+07
2.04398e+06 6.62828e+06 -2.88159e+07
2.03672e+06 6.63043e+06 -2.88159e+07
2.02945e+06 6.63256e+06 -2.88159e+07
2.02219e+06 6.63468e+06 -2.88159e+07
2.01492e+06 6.6368e+06 -2.88159e+07
2.00765e+06 6.63891e+06 -2.88159e+07
2.00038e+06 6.64101e+06 -2.88159e+07
1.9931e+06 6.64311e+06 -2.88159e+07
1.98583e+06 6.64519e+06 -2.88159e+07
1.97855e+06 6.64727e+06 -2.88159e+07
1.97126e+06 6.64934e+06 -2.88159e+07
1.96398e+06 6.6514e+06 -2.88159e+07
1.95669e+06 6.65345e+06 -2.88159e+07
1.9494e+06 6.6555e+06 -2.88159e+07
1.94211e+06 6.65754e+06 -2.88159e+07
1.93482e+06 6.65957e+06 -2.88159e+07
1.92752e+06 6.66159e+06 -2.88159e+07
1.92023e+06 6.6636e+06 -2.88159e+07
1.91292e+06 6.66561e+06 -2.88159e+07
1.90562e+06 6.66761e+06 -2.88159e+07
1.89832e+06 6.6696e+06 -2.88159e+07
1.89101e+06 6.67158e+06 -2.88159e+07
1.8837e+06 6.67355e+06 -2.88159e+07
1.87639e+06 6.67552e+06 -2.88159e+07
1.86907e+06 6.67748e+06 -2.88159e+07
1.86176e+06 6.67943e+06 -2.88159e+07
1.85444e+06 6.68137e+06 -2.88159e+07
1.84712e+06 6.68331e+06 -2.88159e+07
1.8398e+06 6.68523e+06 -2.88159e+07
1.83247e+06 6.68715e+06 -2.88159e+07
1.82514e+06 6.68906e+06 -2.88159e+07
1.81781e+06 6.69096e+06 -2.88159e+07
1.81048e+06 6.69286e+06 -2.88159e+07
1.80315e+06 6.69474e+06 -2.88159e+07
1.79581e+06 6.69662e+06 -2.88159e+07
1.78847e+06 6.69849e+06 -2.88159e+07
1.78113e+06 6.70036e+06 -2.88159e+07
1.77379e+06 6.70221e+06 -2.88159e+07
1.76645e+06 6.70406e+06 -2.88159e+07
1.7591e+06 6.70589e+06 -2.88159e+07
1.75175e+06 6.70772e+06 -2.88159e+07
1.7444e+06 6.70955e+06 -2.88159e+07
1.73705e+06 6.71136e+06 -2.88159e+07
1.72969e+06 6.71317e+06 -2.88159e+07
1.72233e+06 6.71496e+06 -2.88159e+07
1.71497e+06 6.71675e+06 -2.88159e+07
1.70761e+06 6.71854e+06 -2.88159e+07
1.70025e+06 6.72031e+06 -2.88159e+07
1.69288e+06 6.72208e+06 -2.88159e+07
1.68552e+06 6.72383e+06 -2.88159e+07
1.67815e+06 6.72558e+06 -2.88159e+07
1.67078e+06 6.72733e+06 -2.88159e+07
1.6634e+06 6.72906e+06 -2.88159e+07
1.65603e+06 6.73079e+06 -2.88159e+07
1.64865e+06 6.7325e+06 -2.88159e+07
1.64127e+06 6.73421e+06 -2.88159e+07
1.63389e+06 6.73591e+06 -2.88159e+07
1.62651e+06 6.73761e+06 -2.88159e+07
1.61912e+06 6.73929e+06 -2.88159e+07
1.61173e+06 6.74097e+06 -2.88159e+07
1.60435e+06 6.74264e+06 -2.88159e+07
1.59695e+06 6.7443e+06 -2.88159e+07
1.58956e+06 6.74595e+06 -2.88159e+07
1.58217e+06 6.7476e+06 -2.88159e+07
1.57477e+06 6.74924e+06 -2.88159e+07
1.56737e+06 6.75087e+06 -2.88159e+07
1.55997e+06 6.75249e+06 -2.88159e+07
1.55257e+06 6.7541e+06 -2.88159e+07
1.54516e+06 6.7557e+06 -2.88159e+07
1.53776e+06 6.7573e+06 -2.88159e+07
1.53035e+06 6.75889e+06 -2.88159e+07
1.52294e+06 6.76047e+06 -2.88159e+07
1.51553e+06 6.76204e+06 -2.88159e+07
1.50812e+06 6.76361e+06 -2.88159e+07
1.5007e+06 6.76516e+06 -2.88159e+07
1.49328e+06 6.76671e+06 -2.88159e+07
1.48586e+06 6.76825e+06 -2.88159e+07
1.47844e+06 6.76978e+06 -2.88159e+07
1.47102e+06 6.7713e+06 -2.88159e+07
1.4636e+06 6.77282e+06 -2.88159e+07
1.45617e+06 6.77433e+06 -2.88159e+07
1.44874e+06 6.77583e+06 -2.88159e+07
1.44132e+06 6.77732e+06 -2.88159e+07
1.43388e+06 6.7788e+06 -2.88159e+07
1.42645e+06 6.78028e+06 -2.88159e+07
1.41902e+06 6.78174e+06 -2.88159e+07
1.41158e+06 6.7832e+06 -2.88159e+07
1.40414e+06 6.78465e+06 -2.88159e+07
1.3967e+06 6.78609e+06 -2.88159e+07
1.38926e+06 6.78753e+06 -2.88159e+07
1.38182e+06 6.78896e+06 -2.88159e+07
1.37437e+06 6.79037e+06 -2.88159e+07
1.36693e+06 6.79178e+06 -2.88159e+07
1.35948e+06 6.79318e+06 -2.88159e+07
1.35203e+06 6.79458e+06 -2.88159e+07
1.34458e+06 6.79596e+06 -2.88159e+07
1.33713e+06 6.79734e+06 -2.88159e+07
1.32967e+06 6.79871e+06 -2.88159e+07
1.32222e+06 6.80007e+06 -2.88159e+07
1.31476e+06 6.80142e+06 -2.88159e+07
1.3073e+06 6.80277e+06 -2.88159e+07
1.29984e+06 6.80411e+06 -2.88159e+07
1.29238e+06 6.80543e+06 -2.88159e+07
1.28491e+06 6.80675e+06 -2.88159e+07
1.27745e+06 6.80807e+06 -2.88159e+07
1.26998e+06 6.80937e+06 -2.88159e+07
1.26251e+06 6.81067e+06 -2.88159e+07
1.25504e+06 6.81195e+06 -2.88159e+07
1.24757e+06 6.81323e+06 -2.88159e+07
1.2401e+06 6.8145e+06 -2.88159e+07
1.23263e+06 6.81577e+06 -2.88159e+07
1.22515e+06 6.81702e+06 -2.88159e+07
1.21767e+06 6.81827e+06 -2.88159e+07
1.21019e+06 6.81951e+06 -2.88159e+07
1.20271e+06 6.82074e+06 -2.88159e+07
1.19523e+06 6.82196e+06 -2.88159e+07
1.18775e+06 6.82317e+06 -2.88159e+07
1.18026e+06 6.82438e+06 -2.88159e+07
1.17278e+06 6.82558e+06 -2.88159e+07
1.16529e+06 6.82677e+06 -2.88159e+07
1.1578e+06 6.82795e+06 -2.88159e+07
1.15031e+06 6.82912e+06 -2.88159e+07
1.14282e+06 6.83029e+06 -2.88159e+07
1.13533e+06 6.83144e+06 -2.88159e+07
1.12783e+06 6.83259e+06 -2.88159e+07
1.12034e+06 6.83373e+06 -2.88159e+07
1.11284e+06 6.83486e+06 -2.88159e+07
1.10534e+06 6.83599e+06 -2.88159e+07
1.09784e+06 6.8371e+06 -2.88159e+07
1.09034e+06 6.83821e+06 -2.88159e+07
1.08284e+06 6.83931e+06 -2.88159e+07
1.07534e+06 6.8404e+06 -2.88159e+07
1.06783e+06 6.84148e+06 -2.88159e+07
1.06033e+06 6.84256e+06 -2.88159e+07
1.05282e+06 6.84362e+06 -2.88159e+07
1.04531e+06 6.84468e+06 -2.88159e+07
1.0378e+06 6.84573e+06 -2.88159e+07
1.03029e+06 6.84677e+06 -2.88159e+07
1.02278e+06 6.84781e+06 -2.88159e+07
1.01526e+06 6.84883e+06 -2.88159e+07
1.00775e+06 6.84985e+06 -2.88159e+07
1.00023e+06 6.85086e+06 -2.88159e+07
992716 6.85186e+06 -2.88159e+07
985198 6.85285e+06 -2.88159e+07
977678 6.85383e+06 -2.88159e+07
970157 6.85481e+06 -2.88159e+07
962635 6.85578e+06 -2.88159e+07
955112 6.85674e+06 -2.88159e+07
947588 6.85769e+06 -2.88159e+07
940063 6.85863e+06 -2.88159e+07
932536 6.85957e+06 -2.88159e+07
925009 6.86049e+06 -2.88159e+07
917480 6.86141e+06 -2.88159e+07
909950 6.86232e+06 -2.88159e+07
902419 6.86322e+06 -2.88159e+07
894887 6.86412e+06 -2.88159e+07
887354 6.865e+06 -2.88159e+07
879820 6.86588e+06 -2.88159e+07
872285 6.86675e+06 -2.88159e+07
864749 6.86761e+06 -2.88159e+07
857211 6.86846e+06 -2.88159e+07
849673 6.8693e+06 -2.88159e+07
842134 6.87014e+06 -2.88159e+07
834593 6.87097e+06 -2.88159e+07
827052 6.87179e+06 -2.88159e+07
819510 6.8726e+06 -2.88159e+07
811966 6.8734e+06 -2.88159e+07
804422 6.87419e+06 -2.88159e+07
796877 6.87498e+06 -2.88159e+07
789331 6.87576e+06 -2.88159e+07
781783 6.87653e+06 -2.88159e+07
774235 6.87729e+06 -2.88159e+07
766686 6.87804e+06 -2.88159e+07
759136 6.87879e+06 -2.88159e+07
751585 6.87952e+06 -2.88159e+07
744034 6.88025e+06 -2.88159e+07
736481 6.88097e+06 -2.88159e+07
728927 6.88168e+06 -2.88159e+07
721373 6.88239e+06 -2.88159e+07
713818 6.88308e+06 -2.88159e+07
706261 6.88377e+06 -2.88159e+07
698704 6.88445e+06 -2.88159e+07
691147 6.88512e+06 -2.88159e+07
683588 6.88578e+06 -2.88159e+07
676028 6.88643e+06 -2.88159e+07
668468 6.88708e+06 -2.88159e+07
660907 6.88771e+06 -2.88159e+07
653345 6.88834e+06 -2.88159e+07
645782 6.88896e+06 -2.88159e+07
638219 6.88958e+06 -2.88159e+07
630655 6.89018e+06 -2.88159e+07
623090 6.89078e+06 -2.88159e+07
615524 6.89136e+06 -2.88159e+07
607957 6.89194e+06 -2.88159e+07
600390 6.89251e+06 -2.88159e+07
592822 6.89308e+06 -2.88159e+07
585253 6.89363e+06 -2.88159e+07
577684 6.89418e+06 -2.88159e+07
570114 6.89471e+06 -2.88159e+07
562543 6.89524e+06 -2.88159e+07
554972 6.89576e+06 -2.88159e+07
547400 6.89628e+06 -2.88159e+07
539827 6.89678e+06 -2.88159e+07
532253 6.89728e+06 -2.88159e+07
524679 6.89776e+06 -2.88159e+07
517105 6.89824e+06 -2.88159e+07
509529 6.89872e+06 -2.88159e+07
501953 6.89918e+06 -2.88159e+07
494377 6.89963e+06 -2.88159e+07
486800 6.90008e+06 -2.88159e+07
479222 6.90052e+06 -2.88159e+07
471644 6.90095e+06 -2.88159e+07
464065 6.90137e+06 -2.88159e+07
456486 6.90178e+06 -2.88159e+07
448906 6.90219e+06 -2.88159e+07
441325 6.90258e+06 -2.88159e+07
433744 6.90297e+06 -2.88159e+07
426162 6.90335e+06 -2.88159e+07
418580 6.90372e+06 -2.88159e+07
410998 6.90409e+06 -2.88159e+07
403415 6.90444e+06 -2.88159e+07
395831 6.90479e+06 -2.88159e+07
388247 6.90512e+06 -2.88159e+07
380663 6.90545e+06 -2.88159e+07
373078 6.90578e+06 -2.88159e+07
365492 6.90609e+06 -2.88159e+07
357906 6.90639e+06 -2.88159e+07
350320 6.90669e+06 -2.88159e+07
342733 6.90698e+06 -2.88159e+07
335146 6.90726e+06 -2.88159e+07
327559 6.90753e+06 -2.88159e+07
319971 6.90779e+06 -2.88159e+07
312383 6.90805e+06 -2.88159e+07
304794 6.9083e+06 -2.88159e+07
297205 6.90853e+06 -2.88159e+07
289615 6.90876e+06 -2.88159e+07
282026 6.90899e+06 -2.88159e+07
274436 6.9092e+06 -2.88159e+07
266845 6.9094e+06 -2.88159e+07
259254 6.9096e+06 -2.88159e+07
251663 6.90979e+06 -2.88159e+07
244072 6.90997e+06 -2.88159e+07
236480 6.91014e+06 -2.88159e+07
228888 6.9103e+06 -2.88159e+07
221296 6.91046e+06 -2.88159e+07
213704 6.91061e+06 -2.88159e+07
206111 6.91074e+06 -2.88159e+07
198518 6.91087e+06 -2.88159e+07
190925 6.911e+06 -2.88159e+07
183331 6.91111e+06 -2.88159e+07
175738 6.91121e+06 -2.88159e+07
168144 6.91131e+06 -2.88159e+07
160550 6.9114e+06 -2.88159e+07
152955 6.91148e+06 -2.88159e+07
145361 6.91155e+06 -2.88159e+07
137766 6.91161e+06 -2.88159e+07
130171 6.91167e+06 -2.88159e+07
122576 6.91171e+06 -2.88159e+07
114981 6.91175e+06 -2.88159e+07
107386 6.91178e+06 -2.88159e+07
99790.7 6.9118e+06 -2.88159e+07
92195.2 6.91182e+06 -2.88159e+07
84599.6 6.91182e+06 -2.88159e+07
77003.8 6.91182e+06 -2.88159e+07
69408 6.91181e+06 -2.88159e+07
61812.1 6.91179e+06 -2.88159e+07
54216.1 6.91176e+06 -2.88159e+07
46620.1 6.91172e+06 -2.88159e+07
39024 6.91168e+06 -2.88159e+07
31427.9 6.91162e+06 -2.88159e+07
23831.7 6.91156e+06 -2.88159e+07
16235.5 6.91149e+06 -2.88159e+07
8639.25 6.91141e+06 -2.88159e+07
1043.01 6.91133e+06 -2.88159e+07
-6553.23 6.91123e+06 -2.88159e+07
-14149.5 6.91113e+06 -2.88159e+07
-21745.7 6.91102e+06 -2.88159e+07
-29341.9 6.9109e+06 -2.88159e+07
-36938 6.91077e+06 -2.88159e+07
-44534.1 6.91063e+06 -2.88159e+07
-52130.2 6.91048e+06 -2.88159e+07
-59726.2 6.91033e+06 -2.88159e+07
-67322.1 6.91017e+06 -2.88159e+07
-74917.9 6.91e+06 -2.88159e+07
-82513.7 6.90982e+06 -2.88159e+07
-90109.3 6.90963e+06 -2.88159e+07
-97704.9 6.90944e+06 -2.88159e+07
-105300 6.90923e+06 -2.88159e+07
-112896 6.90902e+06 -2.88159e+07
-120491 6.9088e+06 -2.88159e+07
-128086 6.90857e+06 -2.88159e+07
-135681 6.90834e+06 -2.88159e+07
-143275 6.90809e+06 -2.88159e+07
-150870 6.90784e+06 -2.88159e+07
-158464 6.90757e+06 -2.88159e+07
-166058 6.9073e+06 -2.88159e+07
-173652 6.90703e+06 -2.88159e+07
-181246 6.90674e+06 -2.88159e+07
-188840 6.90644e+06 -2.88159e+07
-196433 6.90614e+06 -2.88159e+07
-204026 6.90583e+06 -2.88159e+07
-211619 6.90551e+06 -2.88159e+07
-219211 6.90518e+06 -2.88159e+07
-226804 6.90484e+06 -2.88159e+07
-234396 6.90449e+06 -2.88159e+07
-241987 6.90414e+06 -2.88159e+07
-249579 6.90378e+06 -2.88159e+07
-257170 6.90341e+06 -2.88159e+07
-264761 6.90303e+06 -2.88159e+07
-272351 6.90264e+06 -2.88159e+07
-279941 6.90225e+06 -2.88159e+07
-287531 6.90184e+06 -2.88159e+07
-295121 6.90143e+06 -2.88159e+07
-302710 6.90101e+06 -2.88159e+07
-310299 6.90058e+06 -2.88159e+07
-317887 6.90014e+06 -2.88159e+07
-325475 6.8997e+06 -2.88159e+07
-333063 6.89924e+06 -2.88159e+07
-340650 6.89878e+06 -2.88159e+07
-348237 6.89831e+06 -2.88159e+07
-355823 6.89783e+06 -2.88159e+07
-363409 6.89734e+06 -2.88159e+07
-370994 6.89685e+06 -2.88159e+07
-378579 6.89634e+06 -2.88159e+07
-386164 6.89583e+06 -2.88159e+07
-393748 6.89531e+06 -2.88159e+07
-401332 6.89478e+06 -2.88159e+07
-408915 6.89424e+06 -2.88159e+07
-416498 6.8937e+06 -2.88159e+07
-424080 6.89314e+06 -2.88159e+07
-431661 6.89258e+06 -2.88159e+07
-439243 6.89201e+06 -2.88159e+07
-446823 6.89143e+06 -2.88159e+07
-454403 6.89084e+06 -2.88159e+07
-461983 6.89025e+06 -2.88159e+07
-469562 6.88964e+06 -2.88159e+07
-477140 6.88903e+06 -2.88159e+07
-484718 6.88841e+06 -2.88159e+07
-492295 6.88778e+06 -2.88159e+07
-499872 6.88714e+06 -2.88159e+07
-507448 6.8865e+06 -2.88159e+07
-515023 6.88584e+06 -2.88159e+07
-522598 6.88518e+06 -2.88159e+07
-530172 6.88451e+06 -2.88159e+07
-537746 6.88383e+06 -2.88159e+07
-545318 6.88314e+06 -2.88159e+07
-552891 6.88244e+06 -2.88159e+07
-560462 6.88174e+06 -2.88159e+07
-568033 6.88103e+06 -2.88159e+07
-575603 6.88031e+06 -2.88159e+07
-583173 6.87958e+06 -2.88159e+07
-590741 6.87884e+06 -2.88159e+07
-598309 6.87809e+06 -2.88159e+07
-605877 6.87734e+06 -2.88159e+07
-613443 6.87658e+06 -2.88159e+07
-621009 6.87581e+06 -2.88159e+07
-628574 6.87503e+06 -2.88159e+07
-636139 6.87424e+06 -2.88159e+07
-643702 6.87344e+06 -2.88159e+07
-651265 6.87264e+06 -2.88159e+07
-658827 6.87183e+06 -2.88159e+07
-666388 6.87101e+06 -2.88159e+07
-673948 6.87018e+06 -2.88159e+07
-681508 6.86934e+06 -2.88159e+07
-689067 6.86849e+06 -2.88159e+07
-696625 6.86764e+06 -2.88159e+07
-704182 6.86678e+06 -2.88159e+07
-711738 6.86591e+06 -2.88159e+07
-719293 6.86503e+06 -2.88159e+07
-726848 6.86414e+06 -2.88159e+07
-734401 6.86324e+06 -2.88159e+07
-741954 6.86234e+06 -2.88159e+07
-749506 6.86143e+06 -2.88159e+07
-757057 6.86051e+06 -2.88159e+07
-764607 6.85958e+06 -2.88159e+07
-772156 6.85864e+06 -2.88159e+07
-779704 6.85769e+06 -2.88159e+07
-787251 6.85674e+06 -2.88159e+07
-794797 6.85578e+06 -2.88159e+07
-802342 6.85481e+06 -2.88159e+07
-809887 6.85383e+06 -2.88159e+07
-817430 6.85284e+06 -2.88159e+07
-824972 6.85184e+06 -2.88159e+07
-832514 6.85084e+06 -2.88159e+07
-840054 6.84983e+06 -2.88159e+07
-847593 6.84881e+06 -2.88159e+07
-855131 6.84778e+06 -2.88159e+07
-862669 6.84674e+06 -2.88159e+07
-870205 6.8457e+06 -2.88159e+07
-877740 6.84464e+06 -2.88159e+07
-885274 6.84358e+06 -2.88159e+07
-892807 6.84251e+06 -2.88159e+07
-900339 6.84143e+06 -2.88159e+07
-907870 6.84035e+06 -2.88159e+07
-915399 6.83925e+06 -2.88159e+07
-922928 6.83815e+06 -2.88159e+07
-930455 6.83703e+06 -2.88159e+07
-937982 6.83591e+06 -2.88159e+07
-945507 6.83479e+06 -2.88159e+07
-953031 6.83365e+06 -2.88159e+07
-960554 6.8325e+06 -2.88159e+07
-968076 6.83135e+06 -2.88159e+07
-975596 6.83019e+06 -2.88159e+07
-983115 6.82902e+06 -2.88159e+07
-990634 6.82784e+06 -2.88159e+07
-998151 6.82666e+06 -2.88159e+07
-1.00567e+06 6.82546e+06 -2.88159e+07
-1.01318e+06 6.82426e+06 -2.88159e+07
-1.02069e+06 6.82305e+06 -2.88159e+07
-1.02821e+06 6.82183e+06 -2.88159e+07
-1.03572e+06 6.8206e+06 -2.88159e+07
-1.04323e+06 6.81936e+06 -2.88159e+07
-1.05073e+06 6.81812e+06 -2.88159e+07
-1.05824e+06 6.81687e+06 -2.88159e+07
-1.06575e+06 6.8156e+06 -2.88159e+07
-1.07325e+06 6.81434e+06 -2.88159e+07
-1.08076e+06 6.81306e+06 -2.88159e+07
-1.08826e+06 6.81177e+06 -2.88159e+07
-1.09576e+06 6.81048e+06 -2.88159e+07
-1.10326e+06 6.80918e+06 -2.88159e+07
-1.11075e+06 6.80787e+06 -2.88159e+07
-1.11825e+06 6.80655e+06 -2.88159e+07
-1.12575e+06 6.80522e+06 -2.88159e+07
-1.13324e+06 6.80388e+06 -2.88159e+07
-1.14073e+06 6.80254e+06 -2.88159e+07
-1.14822e+06 6.80119e+06 -2.88159e+07
-1.15571e+06 6.79983e+06 -2.88159e+07
-1.1632e+06 6.79846e+06 -2.88159e+07
-1.17069e+06 6.79708e+06 -2.88159e+07
-1.17817e+06 6.7957e+06 -2.88159e+07
-1.18566e+06 6.7943e+06 -2.88159e+07
-1.19314e+06 6.7929e+06 -2.88159e+07
-1.20062e+06 6.79149e+06 -2.88159e+07
-1.2081e+06 6.79008e+06 -2.88159e+07
-1.21558e+06 6.78865e+06 -2.88159e+07
-1.22306e+06 6.78722e+06 -2.88159e+07
-1.23053e+06 6.78577e+06 -2.88159e+07
-1.238e+06 6.78432e+06 -2.88159e+07
-1.24548e+06 6.78286e+06 -2.88159e+07
-1.25295e+06 6.78139e+06 -2.88159e+07
-1.26042e+06 6.77992e+06 -2.88159e+07
-1.26788e+06 6.77844e+06 -2.88159e+07
-1.27535e+06 6.77694e+06 -2.88159e+07
-1.28281e+06 6.77544e+06 -2.88159e+07
-1.29028e+06 6.77393e+06 -2.88159e+07
-1.29774e+06 6.77242e+06 -2.88159e+07
-1.3052e+06 6.77089e+06 -2.88159e+07
-1.31266e+06 6.76936e+06 -2.88159e+07
-1.32011e+06 6.76782e+06 -2.88159e+07
-1.32757e+06 6.76627e+06 -2.88159e+07
-1.33502e+06 6.76471e+06 -2.88159e+07
-1.34247e+06 6.76314e+06 -2.88159e+07
-1.34992e+06 6.76157e+06 -2.88159e+07
-1.35737e+06 6.75999e+06 -2.88159e+07
-1.36482e+06 6.75839e+06 -2.88159e+07
-1.37226e+06 6.7568e+06 -2.88159e+07
-1.37971e+06 6.75519e+06 -2.88159e+07
-1.38715e+06 6.75357e+06 -2.88159e+07
-1.39459e+06 6.75195e+06 -2.88159e+07
-1.40203e+06 6.75032e+06 -2.88159e+07
-1.40946e+06 6.74868e+06 -2.88159e+07
-1.4169e+06 6.74703e+06 -2.88159e+07
-1.42433e+06 6.74537e+06 -2.88159e+07
-1.43176e+06 6.74371e+06 -2.88159e+07
-1.43919e+06 6.74203e+06 -2.88159e+07
-1.44662e+06 6.74035e+06 -2.88159e+07
-1.45405e+06 6.73866e+06 -2.88159e+07
-1.46147e+06 6.73697e+06 -2.88159e+07
-1.4689e+06 6.73526e+06 -2.88159e+07
-1.47632e+06 6.73355e+06 -2.88159e+07
-1.48374e+06 6.73182e+06 -2.88159e+07
-1.49115e+06 6.73009e+06 -2.88159e+07
-1.49857e+06 6.72835e+06 -2.88159e+07
-1.50598e+06 6.72661e+06 -2.88159e+07
-1.51339e+06 6.72485e+06 -2.88159e+07
-1.5208e+06 6.72309e+06 -2.88159e+07
-1.52821e+06 6.72132e+06 -2.88159e+07
-1.53562e+06 6.71954e+06 -2.88159e+07
-1.54302e+06 6.71775e+06 -2.88159e+07
-1.55043e+06 6.71595e+06 -2.88159e+07
-1.55783e+06 6.71415e+06 -2.88159e+07
-1.56523e+06 6.71234e+06 -2.88159e+07
-1.57262e+06 6.71052e+06 -2.88159e+07
-1.58002e+06 6.70869e+06 -2.88159e+07
-1.58741e+06 6.70685e+06 -2.88159e+07
-1.5948e+06 6.70501e+06 -2.88159e+07
-1.60219e+06 6.70316e+06 -2.88159e+07
-1.60958e+06 6.70129e+06 -2.88159e+07
-1.61696e+06 6.69942e+06 -2.88159e+07
-1.62435e+06 6.69755e+06 -2.88159e+07
-1.63173e+06 6.69566e+06 -2.88159e+07
-1.63911e+06 6.69377e+06 -2.88159e+07
-1.64649e+06 6.69187e+06 -2.88159e+07
-1.65386e+06 6.68996e+06 -2.88159e+07
-1.66123e+06 6.68804e+06 -2.88159e+07
-1.66861e+06 6.68611e+06 -2.88159e+07
-1.67597e+06 6.68418e+06 -2.88159e+07
-1.68334e+06 6.68223e+06 -2.88159e+07
-1.69071e+06 6.68028e+06 -2.88159e+07
-1.69807e+06 6.67832e+06 -2.88159e+07
-1.70543e+06 6.67636e+06 -2.88159e+07
-1.71279e+06 6.67438e+06 -2.88159e+07
-1.72015e+06 6.6724e+06 -2.88159e+07
-1.7275e+06 6.67041e+06 -2.88159e+07
-1.73485e+06 6.66841e+06 -2.88159e+07
-1.74221e+06 6.6664e+06 -2.88159e+07
-1.74955e+06 6.66438e+06 -2.88159e+07
-1.7569e+06 6.66236e+06 -2.88159e+07
-1.76424e+06 6.66033e+06 -2.88159e+07
-1.77159e+06 6.65829e+06 -2.88159e+07
-1.77893e+06 6.65624e+06 -2.88159e+07
-1.78626e+06 6.65418e+06 -2.88159e+07
-1.7936e+06 6.65212e+06 -2.88159e+07
-1.80093e+06 6.65004e+06 -2.88159e+07
-1.80826e+06 6.64796e+06 -2.88159e+07
-1.81559e+06 6.64587e+06 -2.88159e+07
-1.82292e+06 6.64378e+06 -2.88159e+07
-1.83024e+06 6.64167e+06 -2.88159e+07
-1.83757e+06 6.63956e+06 -2.88159e+07
-1.84489e+06 6.63744e+06 -2.88159e+07
-1.8522e+06 6.63531e+06 -2.88159e+07
-1.85952e+06 6.63317e+06 -2.88159e+07
-1.86683e+06 6.63103e+06 -2.88159e+07
-1.87414e+06 6.62887e+06 -2.88159e+07
-1.88145e+06 6.62671e+06 -2.88159e+07
-1.88876e+06 6.62454e+06 -2.88159e+07
-1.89606e+06 6.62236e+06 -2.88159e+07
-1.90337e+06 6.62018e+06 -2.88159e+07
-1.91067e+06 6.61798e+06 -2.88159e+07
-1.91796e+06 6.61578e+06 -2.88159e+07
-1.92526e+06 6.61357e+06 -2.88159e+07
-1.93255e+06 6.61135e+06 -2.88159e+07
-1.93984e+06 6.60913e+06 -2.88159e+07
-1.94713e+06 6.60689e+06 -2.88159e+07
-1.95441e+06 6.60465e+06 -2.88159e+07
-1.9617e+06 6.6024e+06 -2.88159e+07
-1.96898e+06 6.60014e+06 -2.88159e+07
-1.97625e+06 6.59787e+06 -2.88159e+07
-1.98353e+06 6.5956e+06 -2.88159e+07
-1.9908e+06 6.59332e+06 -2.88159e+07
-1.99807e+06 6.59102e+06 -2.88159e+07
-2.00534e+06 6.58873e+06 -2.88159e+07
-2.01261e+06 6.58642e+06 -2.88159e+07
-2.01987e+06 6.5841e+06 -2.88159e+07
-2.02713e+06 6.58178e+06 -2.88159e+07
-2.03439e+06 6.57945e+06 -2.88159e+07
-2.04165e+06 6.57711e+06 -2.88159e+07
-2.0489e+06 6.57476e+06 -2.88159e+07
-2.05615e+06 6.57241e+06 -2.88159e+07
-2.0634e+06 6.57005e+06 -2.88159e+07
-2.07065e+06 6.56768e+06 -2.88159e+07
-2.07789e+06 6.5653e+06 -2.88159e+07
-2.08513e+06 6.56291e+06 -2.88159e+07
-2.09237e+06 6.56051e+06 -2.88159e+07
-2.09961e+06 6.55811e+06 -2.88159e+07
-2.10684e+06 6.5557e+06 -2.88159e+07
-2.11407e+06 6.55328e+06 -2.88159e+07
-2.1213e+06 6.55085e+06 -2.88159e+07
-2.12853e+06 6.54842e+06 -2.88159e+07
-2.13575e+06 6.54598e+06 -2.88159e+07
-2.14297e+06 6.54352e+06 -2.88159e+07
-2.15019e+06 6.54107e+06 -2.88159e+07
-2.1574e+06 6.5386e+06 -2.88159e+07
-2.16462e+06 6.53612e+06 -2.88159e+07
-2.17183e+06 6.53364e+06 -2.88159e+07
-2.17903e+06 6.53115e+06 -2.88159e+07
-2.18624e+06 6.52865e+06 -2.88159e+07
-2.19344e+06 6.52614e+06 -2.88159e+07
-2.20064e+06 6.52363e+06 -2.88159e+07
-2.20784e+06 6.52111e+06 -2.88159e+07
-2.21503e+06 6.51857e+06 -2.88159e+07
-2.22222e+06 6.51604e+06 -2.88159e+07
-2.22941e+06 6.51349e+06 -2.88159e+07
-2.23659e+06 6.51093e+06 -2.88159e+07
-2.24378e+06 6.50837e+06 -2.88159e+07
-2.25096e+06 6.5058e+06 -2.88159e+07
-2.25814e+06 6.50322e+06 -2.88159e+07
-2.26531e+06 6.50064e+06 -2.88159e+07
-2.27248e+06 6.49804e+06 -2.88159e+07
-2.27965e+06 6.49544e+06 -2.88159e+07
-2.28682e+06 6.49283e+06 -2.88159e+07
-2.29398e+06 6.49021e+06 -2.88159e+07
-2.30114e+06 6.48758e+06 -2.88159e+07
-2.3083e+06 6.48495e+06 -2.88159e+07
-2.31546e+06 6.48231e+06 -2.88159e+07
-2.32261e+06 6.47966e+06 -2.88159e+07
-2.32976e+06 6.477e+06 -2.88159e+07
-2.3369e+06 6.47433e+06 -2.88159e+07
-2.34405e+06 6.47166e+06 -2.88159e+07
-2.35119e+06 6.46898e+06 -2.88159e+07
-2.35833e+06 6.46629e+06 -2.88159e+07
-2.36546e+06 6.46359e+06 -2.88159e+07
-2.37259e+06 6.46089e+06 -2.88159e+07
-2.37972e+06 6.45817e+06 -2.88159e+07
-2.38685e+06 6.45545e+06 -2.88159e+07
-2.39397e+06 6.45272e+06 -2.88159e+07
-2.4011e+06 6.44999e+06 -2.88159e+07
-2.40821e+06 6.44724e+06 -2.88159e+07
-2.41533e+06 6.44449e+06 -2.88159e+07
-2.42244e+06 6.44173e+06 -2.88159e+07
-2.42955e+06 6.43896e+06 -2.88159e+07
-2.43665e+06 6.43618e+06 -2.88159e+07
-2.44376e+06 6.4334e+06 -2.88159e+07
-2.45086e+06 6.43061e+06 -2.88159e+07
-2.45795e+06 6.42781e+06 -2.88159e+07
-2.46505e+06 6.425e+06 -2.88159e+07
-2.47214e+06 6.42218e+06 -2.88159e+07
-2.47923e+06 6.41936e+06 -2.88159e+07
-2.48631e+06 6.41653e+06 -2.88159e+07
-2.49339e+06 6.41369e+06 -2.88159e+07
-2.50047e+06 6.41084e+06 -2.88159e+07
-2.50755e+06 6.40799e+06 -2.88159e+07
-2.51462e+06 6.40512e+06 -2.88159e+07
-2.52169e+06 6.40225e+06 -2.88159e+07
-2.52876e+06 6.39938e+06 -2.88159e+07
-2.53582e+06 6.39649e+06 -2.88159e+07
-2.54288e+06 6.39359e+06 -2.88159e+07
-2.54994e+06 6.39069e+06 -2.88159e+07
-2.55699e+06 6.38778e+06 -2.88159e+07
-2.56404e+06 6.38487e+06 -2.88159e+07
-2.57109e+06 6.38194e+06 -2.88159e+07
-2.57814e+06 6.37901e+06 -2.88159e+07
-2.58518e+06 6.37607e+06 -2.88159e+07
-2.59222e+06 6.37312e+06 -2.88159e+07
-2.59925e+06 6.37016e+06 -2.88159e+07
-2.60628e+06 6.3672e+06 -2.88159e+07
-2.61331e+06 6.36422e+06 -2.88159e+07
-2.62034e+06 6.36124e+06 -2.88159e+07
-2.62736e+06 6.35826e+06 -2.88159e+07
-2.63438e+06 6.35526e+06 -2.88159e+07
-2.64139e+06 6.35226e+06 -2.88159e+07
-2.64841e+06 6.34925e+06 -2.88159e+07
-2.65542e+06 6.34623e+06 -2.88159e+07
-2.66242e+06 6.3432e+06 -2.88159e+07
-2.66943e+06 6.34017e+06 -2.88159e+07
-2.67643e+06 6.33713e+06 -2.88159e+07
-2.68342e+06 6.33408e+06 -2.88159e+07
-2.69041e+06 6.33102e+06 -2.88159e+07
-2.6974e+06 6.32795e+06 -2.88159e+07
-2.70439e+06 6.32488e+06 -2.88159e+07
-2.71137e+06 6.3218e+06 -2.88159e+07
-2.71835e+06 6.31871e+06 -2.88159e+07
-2.72533e+06 6.31561e+06 -2.88159e+07
-2.7323e+06 6.31251e+06 -2.88159e+07
-2.73927e+06 6.3094e+06 -2.88159e+07
-2.74624e+06 6.30628e+06 -2.88159e+07
-2.7532e+06 6.30315e+06 -2.88159e+07
-2.76016e+06 6.30002e+06 -2.88159e+07
-2.76712e+06 6.29687e+06 -2.88159e+07
-2.77407e+06 6.29372e+06 -2.88159e+07
-2.78102e+06 6.29056e+06 -2.88159e+07
-2.78797e+06 6.2874e+06 -2.88159e+07
-2.79491e+06 6.28422e+06 -2.88159e+07
-2.80185e+06 6.28104e+06 -2.88159e+07
-2.80879e+06 6.27785e+06 -2.88159e+07
-2.81572e+06 6.27466e+06 -2.88159e+07
-2.82265e+06 6.27145e+06 -2.88159e+07
-2.82957e+06 6.26824e+06 -2.88159e+07
-2.8365e+06 6.26502e+06 -2.88159e+07
-2.84342e+06 6.26179e+06 -2.8816e+07
-2.85033e+06 6.25856e+06 -2.8816e+07
-2.85724e+06 6.25532e+06 -2.8816e+07
-2.86415e+06 6.25207e+06 -2.8816e+07
-2.87105e+06 6.24881e+06 -2.8816e+07
-2.87796e+06 6.24554e+06 -2.8816e+07
-2.88485e+06 6.24227e+06 -2.8816e+07
-2.89175e+06 6.23899e+06 -2.8816e+07
-2.89864e+06 6.2357e+06 -2.8816e+07
-2.90553e+06 6.2324e+06 -2.8816e+07
-2.91241e+06 6.2291e+06 -2.8816e+07
-2.91929e+06 6.22579e+06 -2.8816e+07
-2.92616e+06 6.22247e+06 -2.8816e+07
-2.93304e+06 6.21914e+06 -2.8816e+07
-2.93991e+06 6.21581e+06 -2.8816e+07
-2.94677e+06 6.21246e+06 -2.8816e+07
-2.95363e+06 6.20911e+06 -2.8816e+07
-2.96049e+06 6.20576e+06 -2.8816e+07
-2.96735e+06 6.20239e+06 -2.8816e+07
-2.9742e+06 6.19902e+06 -2.8816e+07
-2.98104e+06 6.19564e+06 -2.8816e+07
-2.98789e+06 6.19225e+06 -2.8816e+07
-2.99473e+06 6.18886e+06 -2.8816e+07
-3.00157e+06 6.18545e+06 -2.8816e+07
-3.0084e+06 6.18204e+06 -2.8816e+07
-3.01523e+06 6.17863e+06 -2.8816e+07
-3.02205e+06 6.1752e+06 -2.8816e+07
-3.02887e+06 6.17177e+06 -2.8816e+07
-3.03569e+06 6.16833e+06 -2.8816e+07
-3.04251e+06 6.16488e+06 -2.8816e+07
-3.04932e+06 6.16142e+06 -2.8816e+07
-3.05612e+06 6.15796e+06 -2.8816e+07
-3.06293e+06 6.15449e+06 -2.8816e+07
-3.06972e+06 6.15101e+06 -2.8816e+07
-3.07652e+06 6.14752e+06 -2.8816e+07
-3.08331e+06 6.14403e+06 -2.8816e+07
-3.0901e+06 6.14053e+06 -2.8816e+07
-3.09688e+06 6.13702e+06 -2.8816e+07
-3.10366e+06 6.1335e+06 -2.8816e+07
-3.11044e+06 6.12998e+06 -2.8816e+07
-3.11721e+06 6.12645e+06 -2.8816e+07
-3.12398e+06 6.12291e+06 -2.8816e+07
-3.13075e+06 6.11936e+06 -2.8816e+07
-3.13751e+06 6.11581e+06 -2.8816e+07
-3.14426e+06 6.11225e+06 -2.8816e+07
-3.15102e+06 6.10868e+06 -2.8816e+07
-3.15777e+06 6.1051e+06 -2.8816e+07
-3.16451e+06 6.10152e+06 -2.8816e+07
-3.17126e+06 6.09793e+06 -2.8816e+07
-3.17799e+06 6.09433e+06 -2.8816e+07
-3.18473e+06 6.09072e+06 -2.8816e+07
-3.19146e+06 6.08711e+06 -2.8816e+07
-3.19818e+06 6.08348e+06 -2.8816e+07
-3.20491e+06 6.07986e+06 -2.8816e+07
-3.21162e+06 6.07622e+06 -2.8816e+07
-3.21834e+06 6.07258e+06 -2.8816e+07
-3.22505e+06 6.06892e+06 -2.8816e+07
-3.23175e+06 6.06527e+06 -2.8816e+07
-3.23846e+06 6.0616e+06 -2.8816e+07
-3.24516e+06 6.05793e+06 -2.8816e+07
-3.25185e+06 6.05425e+06 -2.8816e+07
-3.25854e+06 6.05056e+06 -2.8816e+07
-3.26523e+06 6.04686e+06 -2.8816e+07
-3.27191e+06 6.04316e+06 -2.8816e+07
-3.27859e+06 6.03945e+06 -2.8816e+07
-3.28526e+06 6.03573e+06 -2.8816e+07
-3.29193e+06 6.032e+06 -2.8816e+07
-3.2986e+06 6.02827e+06 -2.8816e+07
-3.30526e+06 6.02453e+06 -2.8816e+07
-3.31192e+06 6.02078e+06 -2.8816e+07
-3.31857e+06 6.01703e+06 -2.8816e+07
-3.32522e+06 6.01327e+06 -2.8816e+07
-3.33187e+06 6.0095e+06 -2.8816e+07
-3.33851e+06 6.00572e+06 -2.8816e+07
-3.34515e+06 6.00193e+06 -2.8816e+07
-3.35178e+06 5.99814e+06 -2.8816e+07
-3.35841e+06 5.99434e+06 -2.8816e+07
-3.36504e+06 5.99054e+06 -2.8816e+07
-3.37166e+06 5.98672e+06 -2.8816e+07
-3.37828e+06 5.9829e+06 -2.8816e+07
-3.38489e+06 5.97907e+06 -2.8816e+07
-3.3915e+06 5.97524e+06 -2.8816e+07
-3.3981e+06 5.97139e+06 -2.8816e+07
-3.4047e+06 5.96754e+06 -2.8816e+07
-3.4113e+06 5.96368e+06 -2.8816e+07
-3.41789e+06 5.95982e+06 -2.8816e+07
-3.42448e+06 5.95594e+06 -2.8816e+07
-3.43106e+06 5.95206e+06 -2.8816e+07
-3.43764e+06 5.94818e+06 -2.8816e+07
-3.44422e+06 5.94428e+06 -2.8816e+07
-3.45079e+06 5.94038e+06 -2.8816e+07
-3.45736e+06 5.93647e+06 -2.8816e+07
-3.46392e+06 5.93255e+06 -2.8816e+07
-3.47048e+06 5.92863e+06 -2.8816e+07
-3.47703e+06 5.9247e+06 -2.8816e+07
-3.48358e+06 5.92076e+06 -2.8816e+07
-3.49013e+06 5.91681e+06 -2.8816e+07
-3.49667e+06 5.91286e+06 -2.8816e+07
-3.50321e+06 5.9089e+06 -2.8816e+07
-3.50974e+06 5.90493e+06 -2.8816e+07
-3.51627e+06 5.90096e+06 -2.8816e+07
-3.52279e+06 5.89698e+06 -2.8816e+07
-3.52931e+06 5.89299e+06 -2.8816e+07
-3.53583e+06 5.88899e+06 -2.8816e+07
-3.54234e+06 5.88499e+06 -2.8816e+07
-3.54884e+06 5.88097e+06 -2.8816e+07
-3.55535e+06 5.87696e+06 -2.8816e+07
-3.56184e+06 5.87293e+06 -2.8816e+07
-3.56834e+06 5.8689e+06 -2.8816e+07
-3.57483e+06 5.86486e+06 -2.8816e+07
-3.58131e+06 5.86081e+06 -2.8816e+07
-3.58779e+06 5.85676e+06 -2.8816e+07
-3.59427e+06 5.85269e+06 -2.8816e+07
-3.60074e+06 5.84863e+06 -2.8816e+07
-3.60721e+06 5.84455e+06 -2.8816e+07
-3.61367e+06 5.84047e+06 -2.8816e+07
-3.62013e+06 5.83638e+06 -2.8816e+07
-3.62658e+06 5.83228e+06 -2.8816e+07
-3.63303e+06 5.82817e+06 -2.8816e+07
-3.63947e+06 5.82406e+06 -2.8816e+07
-3.64591e+06 5.81994e+06 -2.8816e+07
-3.65235e+06 5.81582e+06 -2.8816e+07
-3.65878e+06 5.81168e+06 -2.8816e+07
-3.66521e+06 5.80754e+06 -2.8816e+07
-3.67163e+06 5.80339e+06 -2.8816e+07
-3.67805e+06 5.79924e+06 -2.8816e+07
-3.68446e+06 5.79508e+06 -2.8816e+07
-3.69087e+06 5.79091e+06 -2.8816e+07
-3.69727e+06 5.78673e+06 -2.8816e+07
-3.70367e+06 5.78255e+06 -2.8816e+07
-3.71007e+06 5.77836e+06 -2.8816e+07
-3.71646e+06 5.77416e+06 -2.8816e+07
-3.72284e+06 5.76996e+06 -2.8816e+07
-3.72923e+06 5.76574e+06 -2.8816e+07
-3.7356e+06 5.76152e+06 -2.8816e+07
-3.74197e+06 5.7573e+06 -2.8816e+07
-3.74834e+06 5.75307e+06 -2.8816e+07
-3.75471e+06 5.74882e+06 -2.8816e+07
-3.76106e+06 5.74458e+06 -2.8816e+07
-3.76742e+06 5.74032e+06 -2.8816e+07
-3.77377e+06 5.73606e+06 -2.8816e+07
-3.78011e+06 5.73179e+06 -2.8816e+07
-3.78645e+06 5.72752e+06 -2.8816e+07
-3.79279e+06 5.72323e+06 -2.8816e+07
-3.79912e+06 5.71895e+06 -2.8816e+07
-3.80544e+06 5.71465e+06 -2.8816e+07
-3.81176e+06 5.71034e+06 -2.8816e+07
-3.81808e+06 5.70603e+06 -2.8816e+07
-3.82439e+06 5.70172e+06 -2.8816e+07
-3.8307e+06 5.69739e+06 -2.8816e+07
-3.837e+06 5.69306e+06 -2.8816e+07
-3.8433e+06 5.68872e+06 -2.8816e+07
-3.84959e+06 5.68437e+06 -2.8816e+07
-3.85588e+06 5.68002e+06 -2.8816e+07
-3.86216e+06 5.67566e+06 -2.8816e+07
-3.86844e+06 5.6713e+06 -2.8816e+07
-3.87471e+06 5.66692e+06 -2.8816e+07
-3.88098e+06 5.66254e+06 -2.8816e+07
-3.88725e+06 5.65815e+06 -2.8816e+07
-3.89351e+06 5.65376e+06 -2.8816e+07
-3.89976e+06 5.64936e+06 -2.8816e+07
-3.90601e+06 5.64495e+06 -2.8816e+07
-3.91225e+06 5.64053e+06 -2.8816e+07
-3.91849e+06 5.63611e+06 -2.8816e+07
-3.92473e+06 5.63168e+06 -2.8816e+07
-3.93096e+06 5.62724e+06 -2.8816e+07
-3.93719e+06 5.6228e+06 -2.8816e+07
-3.94341e+06 5.61835e+06 -2.8816e+07
-3.94962e+06 5.61389e+06 -2.8816e+07
-3.95583e+06 5.60943e+06 -2.8816e+07
-3.96204e+06 5.60496e+06 -2.8816e+07
-3.96824e+06 5.60048e+06 -2.8816e+07
-3.97444e+06 5.59599e+06 -2.8816e+07
-3.98063e+06 5.5915e+06 -2.8816e+07
-3.98682e+06 5.587e+06 -2.8816e+07
-3.993e+06 5.5825e+06 -2.8816e+07
-3.99917e+06 5.57798e+06 -2.8816e+07
-4.00535e+06 5.57347e+06 -2.8816e+07
-4.01151e+06 5.56894e+06 -2.8816e+07
-4.01767e+06 5.56441e+06 -2.8816e+07
-4.02383e+06 5.55987e+06 -2.8816e+07
-4.02998e+06 5.55532e+06 -2.8816e+07
-4.03613e+06 5.55077e+06 -2.8816e+07
-4.04227e+06 5.54621e+06 -2.8816e+07
-4.04841e+06 5.54164e+06 -2.8816e+07
-4.05454e+06 5.53706e+06 -2.8816e+07
-4.06067e+06 5.53248e+06 -2.8816e+07
-4.06679e+06 5.52789e+06 -2.8816e+07
-4.07291e+06 5.5233e+06 -2.8816e+07
-4.07902e+06 5.5187e+06 -2.8816e+07
-4.08513e+06 5.51409e+06 -2.8816e+07
-4.09123e+06 5.50948e+06 -2.8816e+07
-4.09733e+06 5.50485e+06 -2.8816e+07
-4.10342e+06 5.50022e+06 -2.8816e+07
-4.1095e+06 5.49559e+06 -2.8816e+07
-4.11559e+06 5.49095e+06 -2.8816e+07
-4.12166e+06 5.4863e+06 -2.8816e+07
-4.12773e+06 5.48164e+06 -2.8816e+07
-4.1338e+06 5.47698e+06 -2.8816e+07
-4.13986e+06 5.47231e+06 -2.8816e+07
-4.14592e+06 5.46763e+06 -2.8816e+07
-4.15197e+06 5.46295e+06 -2.8816e+07
-4.15802e+06 5.45826e+06 -2.8816e+07
-4.16406e+06 5.45357e+06 -2.8816e+07
-4.17009e+06 5.44886e+06 -2.8816e+07
-4.17612e+06 5.44415e+06 -2.8816e+07
-4.18215e+06 5.43944e+06 -2.8816e+07
-4.18817e+06 5.43471e+06 -2.8816e+07
-4.19418e+06 5.42998e+06 -2.8816e+07
-4.20019e+06 5.42525e+06 -2.8816e+07
-4.2062e+06 5.4205e+06 -2.8816e+07
-4.2122e+06 5.41575e+06 -2.8816e+07
-4.21819e+06 5.411e+06 -2.8816e+07
-4.22418e+06 5.40623e+06 -2.8816e+07
-4.23017e+06 5.40146e+06 -2.8816e+07
-4.23614e+06 5.39669e+06 -2.8816e+07
-4.24212e+06 5.3919e+06 -2.8816e+07
-4.24809e+06 5.38711e+06 -2.8816e+07
-4.25405e+06 5.38232e+06 -2.8816e+07
-4.26001e+06 5.37751e+06 -2.8816e+07
-4.26596e+06 5.3727e+06 -2.8816e+07
-4.27191e+06 5.36789e+06 -2.8816e+07
-4.27785e+06 5.36306e+06 -2.8816e+07
-4.28379e+06 5.35823e+06 -2.8816e+07
-4.28972e+06 5.3534e+06 -2.8816e+07
-4.29564e+06 5.34856e+06 -2.8816e+07
-4.30156e+06 5.34371e+06 -2.8816e+07
-4.30748e+06 5.33885e+06 -2.8816e+07
-4.31339e+06 5.33399e+06 -2.8816e+07
-4.31929e+06 5.32912e+06 -2.8816e+07
-4.32519e+06 5.32424e+06 -2.8816e+07
-4.33109e+06 5.31936e+06 -2.8816e+07
-4.33698e+06 5.31447e+06 -2.8816e+07
-4.34286e+06 5.30957e+06 -2.8816e+07
-4.34874e+06 5.30467e+06 -2.8816e+07
-4.35461e+06 5.29976e+06 -2.8816e+07
-4.36048e+06 5.29485e+06 -2.8816e+07
-4.36634e+06 5.28993e+06 -2.8816e+07
-4.3722e+06 5.285e+06 -2.8816e+07
-4.37805e+06 5.28006e+06 -2.8816e+07
-4.38389e+06 5.27512e+06 -2.8816e+07
-4.38973e+06 5.27017e+06 -2.8816e+07
-4.39557e+06 5.26522e+06 -2.8816e+07
-4.4014e+06 5.26026e+06 -2.8816e+07
-4.40722e+06 5.25529e+06 -2.8816e+07
-4.41304e+06 5.25032e+06 -2.8816e+07
-4.41886e+06 5.24534e+06 -2.8816e+07
-4.42466e+06 5.24035e+06 -2.8816e+07
-4.43047e+06 5.23536e+06 -2.8816e+07
-4.43626e+06 5.23036e+06 -2.8816e+07
-4.44205e+06 5.22535e+06 -2.8816e+07
-4.44784e+06 5.22034e+06 -2.8816e+07
-4.45362e+06 5.21532e+06 -2.8816e+07
-4.45939e+06 5.21029e+06 -2.8816e+07
-4.46516e+06 5.20526e+06 -2.8816e+07
-4.47093e+06 5.20022e+06 -2.8816e+07
-4.47669e+06 5.19518e+06 -2.8816e+07
-4.48244e+06 5.19012e+06 -2.8816e+07
-4.48819e+06 5.18507e+06 -2.8816e+07
-4.49393e+06 5.18e+06 -2.8816e+07
-4.49966e+06 5.17493e+06 -2.8816e+07
-4.50539e+06 5.16986e+06 -2.8816e+07
-4.51112e+06 5.16477e+06 -2.8816e+07
-4.51684e+06 5.15968e+06 -2.8816e+07
-4.52255e+06 5.15459e+06 -2.8816e+07
-4.52826e+06 5.14948e+06 -2.8816e+07
-4.53396e+06 5.14437e+06 -2.8816e+07
-4.53966e+06 5.13926e+06 -2.8816e+07
-4.54535e+06 5.13414e+06 -2.8816e+07
-4.55104e+06 5.12901e+06 -2.8816e+07
-4.55672e+06 5.12388e+06 -2.8816e+07
-4.56239e+06 5.11873e+06 -2.8816e+07
-4.56806e+06 5.11359e+06 -2.8816e+07
-4.57372e+06 5.10843e+06 -2.8816e+07
-4.57938e+06 5.10327e+06 -2.8816e+07
-4.58503e+06 5.09811e+06 -2.8816e+07
-4.59068e+06 5.09294e+06 -2.8816e+07
-4.59632e+06 5.08776e+06 -2.8816e+07
-4.60196e+06 5.08257e+06 -2.8816e+07
-4.60758e+06 5.07738e+06 -2.8816e+07
-4.61321e+06 5.07218e+06 -2.8816e+07
-4.61883e+06 5.06698e+06 -2.8816e+07
-4.62444e+06 5.06177e+06 -2.8816e+07
-4.63004e+06 5.05656e+06 -2.8816e+07
-4.63564e+06 5.05133e+06 -2.8816e+07
-4.64124e+06 5.0461e+06 -2.8816e+07
-4.64683e+06 5.04087e+06 -2.8816e+07
-4.65241e+06 5.03563e+06 -2.8816e+07
-4.65799e+06 5.03038e+06 -2.8816e+07
-4.66356e+06 5.02513e+06 -2.8816e+07
-4.66913e+06 5.01987e+06 -2.8816e+07
-4.67469e+06 5.0146e+06 -2.8816e+07
-4.68024e+06 5.00933e+06 -2.8816e+07
-4.68579e+06 5.00405e+06 -2.8816e+07
-4.69133e+06 4.99877e+06 -2.8816e+07
-4.69687e+06 4.99347e+06 -2.8816e+07
-4.7024e+06 4.98818e+06 -2.8816e+07
-4.70793e+06 4.98287e+06 -2.8816e+07
-4.71345e+06 4.97757e+06 -2.8816e+07
-4.71896e+06 4.97225e+06 -2.8816e+07
-4.72447e+06 4.96693e+06 -2.8816e+07
-4.72997e+06 4.9616e+06 -2.8816e+07
-4.73547e+06 4.95627e+06 -2.8816e+07
-4.74096e+06 4.95093e+06 -2.8816e+07
-4.74644e+06 4.94558e+06 -2.8816e+07
-4.75192e+06 4.94023e+06 -2.8816e+07
-4.7574e+06 4.93487e+06 -2.8816e+07
-4.76286e+06 4.92951e+06 -2.8816e+07
-4.76832e+06 4.92413e+06 -2.8816e+07
-4.77378e+06 4.91876e+06 -2.8816e+07
-4.77923e+06 4.91338e+06 -2.8816e+07
-4.78467e+06 4.90799e+06 -2.8816e+07
-4.79011e+06 4.90259e+06 -2.8816e+07
-4.79554e+06 4.89719e+06 -2.8816e+07
-4.80097e+06 4.89178e+06 -2.8816e+07
-4.80639e+06 4.88637e+06 -2.8816e+07
-4.8118e+06 4.88095e+06 -2.8816e+07
-4.81721e+06 4.87553e+06 -2.8816e+07
-4.82261e+06 4.87009e+06 -2.8816e+07
-4.828e+06 4.86466e+06 -2.8816e+07
-4.83339e+06 4.85921e+06 -2.8816e+07
-4.83878e+06 4.85376e+06 -2.8816e+07
-4.84416e+06 4.84831e+06 -2.8816e+07
-4.84953e+06 4.84285e+06 -2.8816e+07
-4.85489e+06 4.83738e+06 -2.8816e+07
-4.86025e+06 4.83191e+06 -2.8816e+07
-4.86561e+06 4.82643e+06 -2.8816e+07
-4.87096e+06 4.82094e+06 -2.8816e+07
-4.8763e+06 4.81545e+06 -2.8816e+07
-4.88163e+06 4.80995e+06 -2.8816e+07
-4.88696e+06 4.80445e+06 -2.8816e+07
-4.89229e+06 4.79894e+06 -2.8816e+07
-4.8976e+06 4.79343e+06 -2.8816e+07
-4.90292e+06 4.78791e+06 -2.8816e+07
-4.90822e+06 4.78238e+06 -2.8816e+07
-4.91352e+06 4.77685e+06 -2.8816e+07
-4.91881e+06 4.77131e+06 -2.8816e+07
-4.9241e+06 4.76576e+06 -2.8816e+07
-4.92938e+06 4.76021e+06 -2.8816e+07
-4.93466e+06 4.75466e+06 -2.8816e+07
-4.93993e+06 4.74909e+06 -2.8816e+07
-4.94519e+06 4.74352e+06 -2.8816e+07
-4.95044e+06 4.73795e+06 -2.8816e+07
-4.9557e+06 4.73237e+06 -2.8816e+07
-4.96094e+06 4.72678e+06 -2.8816e+07
-4.96618e+06 4.72119e+06 -2.8816e+07
-4.97141e+06 4.7156e+06 -2.8816e+07
-4.97664e+06 4.70999e+06 -2.8816e+07
-4.98186e+06 4.70438e+06 -2.8816e+07
-4.98707e+06 4.69877e+06 -2.8816e+07
-4.99228e+06 4.69315e+06 -2.8816e+07
-4.99748e+06 4.68752e+06 -2.8816e+07
-5.00267e+06 4.68189e+06 -2.8816e+07
-5.00786e+06 4.67625e+06 -2.8816e+07
-5.01304e+06 4.6706e+06 -2.8816e+07
-5.01822e+06 4.66495e+06 -2.8816e+07
-5.02339e+06 4.6593e+06 -2.8816e+07
-5.02855e+06 4.65364e+06 -2.8816e+07
-5.03371e+06 4.64797e+06 -2.8816e+07
-5.03886e+06 4.6423e+06 -2.8816e+07
-5.04401e+06 4.63662e+06 -2.8816e+07
-5.04915e+06 4.63093e+06 -2.8816e+07
-5.05428e+06 4.62524e+06 -2.8816e+07
-5.05941e+06 4.61955e+06 -2.8816e+07
-5.06453e+06 4.61385e+06 -2.8816e+07
-5.06964e+06 4.60814e+06 -2.8816e+07
-5.07475e+06 4.60243e+06 -2.8816e+07
-5.07985e+06 4.59671e+06 -2.8816e+07
-5.08494e+06 4.59098e+06 -2.8816e+07
-5.09003e+06 4.58525e+06 -2.8816e+07
-5.09512e+06 4.57952e+06 -2.8816e+07
-5.10019e+06 4.57377e+06 -2.8816e+07
-5.10526e+06 4.56803e+06 -2.8816e+07
-5.11032e+06 4.56227e+06 -2.8816e+07
-5.11538e+06 4.55652e+06 -2.8816e+07
-5.12043e+06 4.55075e+06 -2.8816e+07
-5.12548e+06 4.54498e+06 -2.8816e+07
-5.13051e+06 4.53921e+06 -2.88161e+07
-5.13555e+06 4.53343e+06 -2.88161e+07
-5.14057e+06 4.52764e+06 -2.88161e+07
-5.14559e+06 4.52185e+06 -2.88161e+07
-5.1506e+06 4.51605e+06 -2.88161e+07
-5.15561e+06 4.51024e+06 -2.88161e+07
-5.16061e+06 4.50444e+06 -2.88161e+07
-5.1656e+06 4.49862e+06 -2.88161e+07
-5.17059e+06 4.4928e+06 -2.88161e+07
-5.17557e+06 4.48697e+06 -2.88161e+07
-5.18054e+06 4.48114e+06 -2.88161e+07
-5.18551e+06 4.47531e+06 -2.88161e+07
-5.19047e+06 4.46946e+06 -2.88161e+07
-5.19543e+06 4.46362e+06 -2.88161e+07
-5.20038e+06 4.45776e+06 -2.88161e+07
-5.20532e+06 4.4519e+06 -2.88161e+07
-5.21025e+06 4.44604e+06 -2.88161e+07
-5.21518e+06 4.44017e+06 -2.88161e+07
-5.22011e+06 4.43429e+06 -2.88161e+07
-5.22502e+06 4.42841e+06 -2.88161e+07
-5.22993e+06 4.42252e+06 -2.88161e+07
-5.23483e+06 4.41663e+06 -2.88161e+07
-5.23973e+06 4.41073e+06 -2.88161e+07
-5.24462e+06 4.40483e+06 -2.88161e+07
-5.2495e+06 4.39892e+06 -2.88161e+07
-5.25438e+06 4.39301e+06 -2.88161e+07
-5.25925e+06 4.38709e+06 -2.88161e+07
-5.26412e+06 4.38116e+06 -2.88161e+07
-5.26897e+06 4.37523e+06 -2.88161e+07
-5.27383e+06 4.3693e+06 -2.88161e+07
-5.27867e+06 4.36336e+06 -2.88161e+07
-5.28351e+06 4.35741e+06 -2.88161e+07
-5.28834e+06 4.35146e+06 -2.88161e+07
-5.29316e+06 4.3455e+06 -2.88161e+07
-5.29798e+06 4.33954e+06 -2.88161e+07
-5.30279e+06 4.33357e+06 -2.88161e+07
-5.3076e+06 4.32759e+06 -2.88161e+07
-5.3124e+06 4.32162e+06 -2.88161e+07
-5.31719e+06 4.31563e+06 -2.88161e+07
-5.32197e+06 4.30964e+06 -2.88161e+07
-5.32675e+06 4.30365e+06 -2.88161e+07
-5.33152e+06 4.29765e+06 -2.88161e+07
-5.33629e+06 4.29164e+06 -2.88161e+07
-5.34105e+06 4.28563e+06 -2.88161e+07
-5.3458e+06 4.27961e+06 -2.88161e+07
-5.35055e+06 4.27359e+06 -2.88161e+07
-5.35529e+06 4.26756e+06 -2.88161e+07
-5.36002e+06 4.26153e+06 -2.88161e+07
-5.36474e+06 4.25549e+06 -2.88161e+07
-5.36946e+06 4.24945e+06 -2.88161e+07
-5.37417e+06 4.2434e+06 -2.88161e+07
-5.37888e+06 4.23735e+06 -2.88161e+07
-5.38358e+06 4.23129e+06 -2.88161e+07
-5.38827e+06 4.22523e+06 -2.88161e+07
-5.39296e+06 4.21916e+06 -2.88161e+07
-5.39764e+06 4.21308e+06 -2.88161e+07
-5.40231e+06 4.207e+06 -2.88161e+07
-5.40697e+06 4.20092e+06 -2.88161e+07
-5.41163e+06 4.19483e+06 -2.88161e+07
-5.41628e+06 4.18873e+06 -2.88161e+07
-5.42093e+06 4.18263e+06 -2.88161e+07
-5.42557e+06 4.17653e+06 -2.88161e+07
-5.4302e+06 4.17042e+06 -2.88161e+07
-5.43483e+06 4.1643e+06 -2.88161e+07
-5.43944e+06 4.15818e+06 -2.88161e+07
-5.44406e+06 4.15205e+06 -2.88161e+07
-5.44866e+06 4.14592e+06 -2.88161e+07
-5.45326e+06 4.13978e+06 -2.88161e+07
-5.45785e+06 4.13364e+06 -2.88161e+07
-5.46243e+06 4.1275e+06 -2.88161e+07
-5.46701e+06 4.12134e+06 -2.88161e+07
-5.47158e+06 4.11519e+06 -2.88161e+07
-5.47615e+06 4.10902e+06 -2.88161e+07
-5.4807e+06 4.10286e+06 -2.88161e+07
-5.48525e+06 4.09668e+06 -2.88161e+07
-5.4898e+06 4.09051e+06 -2.88161e+07
-5.49434e+06 4.08432e+06 -2.88161e+07
-5.49887e+06 4.07814e+06 -2.88161e+07
-5.50339e+06 4.07194e+06 -2.88161e+07
-5.5079e+06 4.06575e+06 -2.88161e+07
-5.51241e+06 4.05954e+06 -2.88161e+07
-5.51692e+06 4.05333e+06 -2.88161e+07
-5.52141e+06 4.04712e+06 -2.88161e+07
-5.5259e+06 4.0409e+06 -2.88161e+07
-5.53038e+06 4.03468e+06 -2.88161e+07
-5.53486e+06 4.02845e+06 -2.88161e+07
-5.53933e+06 4.02222e+06 -2.88161e+07
-5.54379e+06 4.01598e+06 -2.88161e+07
-5.54824e+06 4.00974e+06 -2.88161e+07
-5.55269e+06 4.00349e+06 -2.88161e+07
-5.55713e+06 3.99724e+06 -2.88161e+07
-5.56157e+06 3.99098e+06 -2.88161e+07
-5.56599e+06 3.98472e+06 -2.88161e+07
-5.57041e+06 3.97845e+06 -2.88161e+07
-5.57483e+06 3.97217e+06 -2.88161e+07
-5.57923e+06 3.9659e+06 -2.88161e+07
-5.58363e+06 3.95961e+06 -2.88161e+07
-5.58802e+06 3.95333e+06 -2.88161e+07
-5.59241e+06 3.94703e+06 -2.88161e+07
-5.59679e+06 3.94074e+06 -2.88161e+07
-5.60116e+06 3.93443e+06 -2.88161e+07
-5.60552e+06 3.92813e+06 -2.88161e+07
-5.60988e+06 3.92181e+06 -2.88161e+07
-5.61423e+06 3.9155e+06 -2.88161e+07
-5.61858e+06 3.90918e+06 -2.88161e+07
-5.62291e+06 3.90285e+06 -2.88161e+07
-5.62724e+06 3.89652e+06 -2.88161e+07
-5.63156e+06 3.89018e+06 -2.88161e+07
-5.63588e+06 3.88384e+06 -2.88161e+07
-5.64019e+06 3.87749e+06 -2.88161e+07
-5.64449e+06 3.87114e+06 -2.88161e+07
-5.64879e+06 3.86479e+06 -2.88161e+07
-5.65307e+06 3.85843e+06 -2.88161e+07
-5.65735e+06 3.85206e+06 -2.88161e+07
-5.66163e+06 3.84569e+06 -2.88161e+07
-5.66589e+06 3.83932e+06 -2.88161e+07
-5.67015e+06 3.83294e+06 -2.88161e+07
-5.67441e+06 3.82655e+06 -2.88161e+07
-5.67865e+06 3.82016e+06 -2.88161e+07
-5.68289e+06 3.81377e+06 -2.88161e+07
-5.68712e+06 3.80737e+06 -2.88161e+07
-5.69134e+06 3.80097e+06 -2.88161e+07
-5.69556e+06 3.79456e+06 -2.88161e+07
-5.69977e+06 3.78815e+06 -2.88161e+07
-5.70397e+06 3.78173e+06 -2.88161e+07
-5.70817e+06 3.77531e+06 -2.88161e+07
-5.71236e+06 3.76888e+06 -2.88161e+07
-5.71654e+06 3.76245e+06 -2.88161e+07
-5.72072e+06 3.75601e+06 -2.88161e+07
-5.72488e+06 3.74957e+06 -2.88161e+07
-5.72904e+06 3.74312e+06 -2.88161e+07
-5.7332e+06 3.73667e+06 -2.88161e+07
-5.73734e+06 3.73022e+06 -2.88161e+07
-5.74148e+06 3.72376e+06 -2.88161e+07
-5.74561e+06 3.71729e+06 -2.88161e+07
-5.74974e+06 3.71083e+06 -2.88161e+07
-5.75385e+06 3.70435e+06 -2.88161e+07
-5.75797e+06 3.69787e+06 -2.88161e+07
-5.76207e+06 3.69139e+06 -2.88161e+07
-5.76616e+06 3.6849e+06 -2.88161e+07
-5.77025e+06 3.67841e+06 -2.88161e+07
-5.77433e+06 3.67192e+06 -2.88161e+07
-5.77841e+06 3.66542e+06 -2.88161e+07
-5.78248e+06 3.65891e+06 -2.88161e+07
-5.78654e+06 3.6524e+06 -2.88161e+07
-5.79059e+06 3.64588e+06 -2.88161e+07
-5.79463e+06 3.63937e+06 -2.88161e+07
-5.79867e+06 3.63284e+06 -2.88161e+07
-5.8027e+06 3.62631e+06 -2.88161e+07
-5.80673e+06 3.61978e+06 -2.88161e+07
-5.81075e+06 3.61324e+06 -2.88161e+07
-5.81475e+06 3.6067e+06 -2.88161e+07
-5.81876e+06 3.60016e+06 -2.88161e+07
-5.82275e+06 3.5936e+06 -2.88161e+07
-5.82674e+06 3.58705e+06 -2.88161e+07
-5.83072e+06 3.58049e+06 -2.88161e+07
-5.83469e+06 3.57393e+06 -2.88161e+07
-5.83866e+06 3.56736e+06 -2.88161e+07
-5.84262e+06 3.56078e+06 -2.88161e+07
-5.84657e+06 3.55421e+06 -2.88161e+07
-5.85051e+06 3.54762e+06 -2.88161e+07
-5.85445e+06 3.54104e+06 -2.88161e+07
-5.85838e+06 3.53445e+06 -2.88161e+07
-5.8623e+06 3.52785e+06 -2.88161e+07
-5.86622e+06 3.52125e+06 -2.88161e+07
-5.87013e+06 3.51465e+06 -2.88161e+07
-5.87403e+06 3.50804e+06 -2.88161e+07
-5.87792e+06 3.50143e+06 -2.88161e+07
-5.88181e+06 3.49481e+06 -2.88161e+07
-5.88568e+06 3.48819e+06 -2.88161e+07
-5.88956e+06 3.48156e+06 -2.88161e+07
-5.89342e+06 3.47493e+06 -2.88161e+07
-5.89728e+06 3.4683e+06 -2.88161e+07
-5.90113e+06 3.46166e+06 -2.88161e+07
-5.90497e+06 3.45502e+06 -2.88161e+07
-5.9088e+06 3.44837e+06 -2.88161e+07
-5.91263e+06 3.44172e+06 -2.88161e+07
-5.91645e+06 3.43506e+06 -2.88161e+07
-5.92026e+06 3.4284e+06 -2.88161e+07
-5.92407e+06 3.42174e+06 -2.88161e+07
-5.92786e+06 3.41507e+06 -2.88161e+07
-5.93165e+06 3.4084e+06 -2.88161e+07
-5.93544e+06 3.40172e+06 -2.88161e+07
-5.93921e+06 3.39504e+06 -2.88161e+07
-5.94298e+06 3.38835e+06 -2.88161e+07
-5.94674e+06 3.38166e+06 -2.88161e+07
-5.9505e+06 3.37497e+06 -2.88161e+07
-5.95424e+06 3.36827e+06 -2.88161e+07
-5.95798e+06 3.36157e+06 -2.88161e+07
-5.96171e+06 3.35486e+06 -2.88161e+07
-5.96543e+06 3.34815e+06 -2.88161e+07
-5.96915e+06 3.34144e+06 -2.88161e+07
-5.97286e+06 3.33472e+06 -2.88161e+07
-5.97656e+06 3.328e+06 -2.88161e+07
-5.98025e+06 3.32127e+06 -2.88161e+07
-5.98394e+06 3.31454e+06 -2.88161e+07
-5.98762e+06 3.3078e+06 -2.88161e+07
-5.99129e+06 3.30106e+06 -2.88161e+07
-5.99496e+06 3.29432e+06 -2.88161e+07
-5.99861e+06 3.28757e+06 -2.88161e+07
-6.00226e+06 3.28082e+06 -2.88161e+07
-6.0059e+06 3.27406e+06 -2.88161e+07
-6.00954e+06 3.2673e+06 -2.88161e+07
-6.01316e+06 3.26054e+06 -2.88161e+07
-6.01678e+06 3.25377e+06 -2.88161e+07
-6.0204e+06 3.247e+06 -2.88161e+07
-6.024e+06 3.24022e+06 -2.88161e+07
-6.0276e+06 3.23344e+06 -2.88161e+07
-6.03119e+06 3.22665e+06 -2.88161e+07
-6.03477e+06 3.21987e+06 -2.88161e+07
-6.03834e+06 3.21307e+06 -2.88161e+07
-6.04191e+06 3.20628e+06 -2.88161e+07
-6.04547e+06 3.19948e+06 -2.88161e+07
-6.04902e+06 3.19267e+06 -2.88161e+07
-6.05256e+06 3.18586e+06 -2.88161e+07
-6.0561e+06 3.17905e+06 -2.88161e+07
-6.05963e+06 3.17223e+06 -2.88161e+07
-6.06315e+06 3.16541e+06 -2.88161e+07
-6.06666e+06 3.15859e+06 -2.88161e+07
-6.07017e+06 3.15176e+06 -2.88161e+07
-6.07367e+06 3.14493e+06 -2.88161e+07
-6.07716e+06 3.13809e+06 -2.88161e+07
-6.08064e+06 3.13125e+06 -2.88161e+07
-6.08412e+06 3.12441e+06 -2.88161e+07
-6.08759e+06 3.11756e+06 -2.88161e+07
-6.09105e+06 3.11071e+06 -2.88161e+07
-6.0945e+06 3.10385e+06 -2.88161e+07
-6.09795e+06 3.09699e+06 -2.88161e+07
-6.10139e+06 3.09013e+06 -2.88161e+07
-6.10482e+06 3.08326e+06 -2.88161e+07
-6.10824e+06 3.07639e+06 -2.88161e+07
-6.11166e+06 3.06952e+06 -2.88161e+07
-6.11506e+06 3.06264e+06 -2.88161e+07
-6.11846e+06 3.05576e+06 -2.88161e+07
-6.12186e+06 3.04887e+06 -2.88161e+07
-6.12524e+06 3.04198e+06 -2.88161e+07
-6.12862e+06 3.03509e+06 -2.88161e+07
-6.13199e+06 3.02819e+06 -2.88161e+07
-6.13535e+06 3.02129e+06 -2.88161e+07
-6.1387e+06 3.01438e+06 -2.88161e+07
-6.14205e+06 3.00747e+06 -2.88161e+07
-6.14539e+06 3.00056e+06 -2.88161e+07
-6.14872e+06 2.99365e+06 -2.88161e+07
-6.15205e+06 2.98672e+06 -2.88161e+07
-6.15536e+06 2.9798e+06 -2.88161e+07
-6.15867e+06 2.97287e+06 -2.88161e+07
-6.16197e+06 2.96594e+06 -2.88161e+07
-6.16526e+06 2.95901e+06 -2.88161e+07
-6.16855e+06 2.95207e+06 -2.88161e+07
-6.17183e+06 2.94513e+06 -2.88161e+07
-6.1751e+06 2.93818e+06 -2.88161e+07
-6.17836e+06 2.93123e+06 -2.88161e+07
-6.18161e+06 2.92428e+06 -2.88161e+07
-6.18486e+06 2.91732e+06 -2.88161e+07
-6.1881e+06 2.91036e+06 -2.88161e+07
-6.19133e+06 2.9034e+06 -2.88161e+07
-6.19455e+06 2.89643e+06 -2.88161e+07
-6.19777e+06 2.88946e+06 -2.88161e+07
-6.20098e+06 2.88248e+06 -2.88161e+07
-6.20418e+06 2.8755e+06 -2.88161e+07
-6.20737e+06 2.86852e+06 -2.88161e+07
-6.21056e+06 2.86153e+06 -2.88161e+07
-6.21373e+06 2.85454e+06 -2.88161e+07
-6.2169e+06 2.84755e+06 -2.88161e+07
-6.22007e+06 2.84056e+06 -2.88161e+07
-6.22322e+06 2.83356e+06 -2.88161e+07
-6.22637e+06 2.82655e+06 -2.88161e+07
-6.2295e+06 2.81954e+06 -2.88162e+07
-6.23264e+06 2.81253e+06 -2.88162e+07
-6.23576e+06 2.80552e+06 -2.88162e+07
-6.23887e+06 2.7985e+06 -2.88162e+07
-6.24198e+06 2.79148e+06 -2.88162e+07
-6.24508e+06 2.78446e+06 -2.88162e+07
-6.24817e+06 2.77743e+06 -2.88162e+07
-6.25126e+06 2.7704e+06 -2.88162e+07
-6.25433e+06 2.76336e+06 -2.88162e+07
-6.2574e+06 2.75632e+06 -2.88162e+07
-6.26046e+06 2.74928e+06 -2.88162e+07
-6.26351e+06 2.74224e+06 -2.88162e+07
-6.26656e+06 2.73519e+06 -2.88162e+07
-6.2696e+06 2.72814e+06 -2.88162e+07
-6.27263e+06 2.72108e+06 -2.88162e+07
-6.27565e+06 2.71402e+06 -2.88162e+07
-6.27866e+06 2.70696e+06 -2.88162e+07
-6.28167e+06 2.69989e+06 -2.88162e+07
-6.28467e+06 2.69282e+06 -2.88162e+07
-6.28766e+06 2.68575e+06 -2.88162e+07
-6.29064e+06 2.67868e+06 -2.88162e+07
-6.29361e+06 2.6716e+06 -2.88162e+07
-6.29658e+06 2.66451e+06 -2.88162e+07
-6.29954e+06 2.65743e+06 -2.88162e+07
-6.30249e+06 2.65034e+06 -2.88162e+07
-6.30543e+06 2.64325e+06 -2.88162e+07
-6.30837e+06 2.63615e+06 -2.88162e+07
-6.3113e+06 2.62905e+06 -2.88162e+07
-6.31422e+06 2.62195e+06 -2.88162e+07
-6.31713e+06 2.61484e+06 -2.88162e+07
-6.32003e+06 2.60774e+06 -2.88162e+07
-6.32293e+06 2.60062e+06 -2.88162e+07
-6.32581e+06 2.59351e+06 -2.88162e+07
-6.3287e+06 2.58639e+06 -2.88162e+07
-6.33157e+06 2.57927e+06 -2.88162e+07
-6.33443e+06 2.57214e+06 -2.88162e+07
-6.33729e+06 2.56502e+06 -2.88162e+07
-6.34014e+06 2.55788e+06 -2.88162e+07
-6.34298e+06 2.55075e+06 -2.88162e+07
-6.34581e+06 2.54361e+06 -2.88162e+07
-6.34864e+06 2.53647e+06 -2.88162e+07
-6.35145e+06 2.52933e+06 -2.88162e+07
-6.35426e+06 2.52218e+06 -2.88162e+07
-6.35706e+06 2.51503e+06 -2.88162e+07
-6.35986e+06 2.50788e+06 -2.88162e+07
-6.36264e+06 2.50072e+06 -2.88162e+07
-6.36542e+06 2.49356e+06 -2.88162e+07
-6.36819e+06 2.4864e+06 -2.88162e+07
-6.37095e+06 2.47923e+06 -2.88162e+07
-6.3737e+06 2.47206e+06 -2.88162e+07
-6.37645e+06 2.46489e+06 -2.88162e+07
-6.37918e+06 2.45771e+06 -2.88162e+07
-6.38191e+06 2.45054e+06 -2.88162e+07
-6.38464e+06 2.44335e+06 -2.88162e+07
-6.38735e+06 2.43617e+06 -2.88162e+07
-6.39006e+06 2.42898e+06 -2.88162e+07
-6.39275e+06 2.42179e+06 -2.88162e+07
-6.39544e+06 2.4146e+06 -2.88162e+07
-6.39812e+06 2.4074e+06 -2.88162e+07
-6.4008e+06 2.4002e+06 -2.88162e+07
-6.40346e+06 2.393e+06 -2.88162e+07
-6.40612e+06 2.3858e+06 -2.88162e+07
-6.40877e+06 2.37859e+06 -2.88162e+07
-6.41141e+06 2.37138e+06 -2.88162e+07
-6.41405e+06 2.36416e+06 -2.88162e+07
-6.41667e+06 2.35694e+06 -2.88162e+07
-6.41929e+06 2.34972e+06 -2.88162e+07
-6.4219e+06 2.3425e+06 -2.88162e+07
-6.4245e+06 2.33527e+06 -2.88162e+07
-6.4271e+06 2.32805e+06 -2.88162e+07
-6.42968e+06 2.32081e+06 -2.88162e+07
-6.43226e+06 2.31358e+06 -2.88162e+07
-6.43483e+06 2.30634e+06 -2.88162e+07
-6.43739e+06 2.2991e+06 -2.88162e+07
-6.43994e+06 2.29186e+06 -2.88162e+07
-6.44249e+06 2.28461e+06 -2.88162e+07
-6.44503e+06 2.27736e+06 -2.88162e+07
-6.44756e+06 2.27011e+06 -2.88162e+07
-6.45008e+06 2.26285e+06 -2.88162e+07
-6.45259e+06 2.2556e+06 -2.88162e+07
-6.4551e+06 2.24834e+06 -2.88162e+07
-6.45759e+06 2.24107e+06 -2.88162e+07
-6.46008e+06 2.23381e+06 -2.88162e+07
-6.46256e+06 2.22654e+06 -2.88162e+07
-6.46504e+06 2.21927e+06 -2.88162e+07
-6.4675e+06 2.21199e+06 -2.88162e+07
-6.46996e+06 2.20471e+06 -2.88162e+07
-6.47241e+06 2.19743e+06 -2.88162e+07
-6.47485e+06 2.19015e+06 -2.88162e+07
-6.47728e+06 2.18287e+06 -2.88162e+07
-6.47971e+06 2.17558e+06 -2.88162e+07
-6.48212e+06 2.16829e+06 -2.88162e+07
-6.48453e+06 2.16099e+06 -2.88162e+07
-6.48693e+06 2.1537e+06 -2.88162e+07
-6.48932e+06 2.1464e+06 -2.88162e+07
-6.49171e+06 2.1391e+06 -2.88162e+07
-6.49408e+06 2.13179e+06 -2.88162e+07
-6.49645e+06 2.12449e+06 -2.88162e+07
-6.49881e+06 2.11718e+06 -2.88162e+07
-6.50116e+06 2.10986e+06 -2.88162e+07
-6.50351e+06 2.10255e+06 -2.88162e+07
-6.50584e+06 2.09523e+06 -2.88162e+07
-6.50817e+06 2.08791e+06 -2.88162e+07
-6.51049e+06 2.08059e+06 -2.88162e+07
-6.5128e+06 2.07326e+06 -2.88162e+07
-6.5151e+06 2.06594e+06 -2.88162e+07
-6.5174e+06 2.0586e+06 -2.88162e+07
-6.51969e+06 2.05127e+06 -2.88162e+07
-6.52196e+06 2.04394e+06 -2.88162e+07
-6.52423e+06 2.0366e+06 -2.88162e+07
-6.5265e+06 2.02926e+06 -2.88162e+07
-6.52875e+06 2.02191e+06 -2.88162e+07
-6.531e+06 2.01457e+06 -2.88162e+07
-6.53323e+06 2.00722e+06 -2.88162e+07
-6.53546e+06 1.99987e+06 -2.88162e+07
-6.53769e+06 1.99252e+06 -2.88162e+07
-6.5399e+06 1.98516e+06 -2.88162e+07
-6.5421e+06 1.9778e+06 -2.88162e+07
-6.5443e+06 1.97044e+06 -2.88162e+07
-6.54649e+06 1.96308e+06 -2.88162e+07
-6.54867e+06 1.95571e+06 -2.88162e+07
-6.55084e+06 1.94834e+06 -2.88162e+07
-6.55301e+06 1.94097e+06 -2.88162e+07
-6.55516e+06 1.9336e+06 -2.88162e+07
-6.55731e+06 1.92623e+06 -2.88162e+07
-6.55945e+06 1.91885e+06 -2.88162e+07
-6.56158e+06 1.91147e+06 -2.88162e+07
-6.56371e+06 1.90408e+06 -2.88162e+07
-6.56582e+06 1.8967e+06 -2.88162e+07
-6.56793e+06 1.88931e+06 -2.88162e+07
-6.57003e+06 1.88192e+06 -2.88162e+07
-6.57212e+06 1.87453e+06 -2.88162e+07
-6.5742e+06 1.86714e+06 -2.88162e+07
-6.57628e+06 1.85974e+06 -2.88162e+07
-6.57834e+06 1.85234e+06 -2.88162e+07
-6.5804e+06 1.84494e+06 -2.88162e+07
-6.58245e+06 1.83754e+06 -2.88162e+07
-6.58449e+06 1.83013e+06 -2.88162e+07
-6.58652e+06 1.82272e+06 -2.88162e+07
-6.58855e+06 1.81531e+06 -2.88162e+07
-6.59056e+06 1.8079e+06 -2.88162e+07
-6.59257e+06 1.80048e+06 -2.88162e+07
-6.59457e+06 1.79307e+06 -2.88162e+07
-6.59656e+06 1.78565e+06 -2.88162e+07
-6.59855e+06 1.77823e+06 -2.88162e+07
-6.60052e+06 1.7708e+06 -2.88162e+07
-6.60249e+06 1.76338e+06 -2.88162e+07
-6.60445e+06 1.75595e+06 -2.88162e+07
-6.6064e+06 1.74852e+06 -2.88162e+07
-6.60834e+06 1.74108e+06 -2.88162e+07
-6.61028e+06 1.73365e+06 -2.88162e+07
-6.6122e+06 1.72621e+06 -2.88162e+07
-6.61412e+06 1.71877e+06 -2.88162e+07
-6.61603e+06 1.71133e+06 -2.88162e+07
-6.61793e+06 1.70389e+06 -2.88162e+07
-6.61982e+06 1.69644e+06 -2.88162e+07
-6.62171e+06 1.68899e+06 -2.88162e+07
-6.62359e+06 1.68154e+06 -2.88162e+07
-6.62545e+06 1.67409e+06 -2.88162e+07
-6.62731e+06 1.66664e+06 -2.88162e+07
-6.62917e+06 1.65918e+06 -2.88162e+07
-6.63101e+06 1.65172e+06 -2.88162e+07
-6.63284e+06 1.64426e+06 -2.88162e+07
-6.63467e+06 1.6368e+06 -2.88162e+07
-6.63649e+06 1.62934e+06 -2.88162e+07
-6.6383e+06 1.62187e+06 -2.88162e+07
-6.6401e+06 1.6144e+06 -2.88162e+07
-6.64189e+06 1.60693e+06 -2.88162e+07
-6.64368e+06 1.59946e+06 -2.88162e+07
-6.64546e+06 1.59198e+06 -2.88162e+07
-6.64723e+06 1.58451e+06 -2.88162e+07
-6.64899e+06 1.57703e+06 -2.88162e+07
-6.65074e+06 1.56955e+06 -2.88162e+07
-6.65248e+06 1.56207e+06 -2.88162e+07
-6.65422e+06 1.55458e+06 -2.88162e+07
-6.65594e+06 1.5471e+06 -2.88162e+07
-6.65766e+06 1.53961e+06 -2.88162e+07
-6.65937e+06 1.53212e+06 -2.88162e+07
-6.66108e+06 1.52463e+06 -2.88162e+07
-6.66277e+06 1.51713e+06 -2.88162e+07
-6.66445e+06 1.50964e+06 -2.88162e+07
-6.66613e+06 1.50214e+06 -2.88162e+07
-6.6678e+06 1.49464e+06 -2.88162e+07
-6.66946e+06 1.48714e+06 -2.88162e+07
-6.67111e+06 1.47963e+06 -2.88162e+07
-6.67276e+06 1.47213e+06 -2.88162e+07
-6.67439e+06 1.46462e+06 -2.88162e+07
-6.67602e+06 1.45711e+06 -2.88162e+07
-6.67764e+06 1.4496e+06 -2.88162e+07
-6.67925e+06 1.44209e+06 -2.88162e+07
-6.68085e+06 1.43458e+06 -2.88162e+07
-6.68245e+06 1.42706e+06 -2.88162e+07
-6.68403e+06 1.41954e+06 -2.88162e+07
-6.68561e+06 1.41202e+06 -2.88162e+07
-6.68718e+06 1.4045e+06 -2.88162e+07
-6.68874e+06 1.39698e+06 -2.88162e+07
-6.69029e+06 1.38945e+06 -2.88162e+07
-6.69183e+06 1.38193e+06 -2.88162e+07
-6.69337e+06 1.3744e+06 -2.88162e+07
-6.6949e+06 1.36687e+06 -2.88162e+07
-6.69641e+06 1.35934e+06 -2.88162e+07
-6.69792e+06 1.3518e+06 -2.88162e+07
-6.69943e+06 1.34427e+06 -2.88162e+07
-6.70092e+06 1.33673e+06 -2.88162e+07
-6.7024e+06 1.32919e+06 -2.88162e+07
-6.70388e+06 1.32165e+06 -2.88162e+07
-6.70535e+06 1.31411e+06 -2.88162e+07
-6.70681e+06 1.30657e+06 -2.88162e+07
-6.70826e+06 1.29902e+06 -2.88162e+07
-6.7097e+06 1.29148e+06 -2.88162e+07
-6.71114e+06 1.28393e+06 -2.88162e+07
-6.71257e+06 1.27638e+06 -2.88162e+07
-6.71398e+06 1.26883e+06 -2.88162e+07
-6.71539e+06 1.26127e+06 -2.88162e+07
-6.7168e+06 1.25372e+06 -2.88162e+07
-6.71819e+06 1.24616e+06 -2.88162e+07
-6.71957e+06 1.2386e+06 -2.88162e+07
-6.72095e+06 1.23105e+06 -2.88162e+07
-6.72232e+06 1.22348e+06 -2.88162e+07
-6.72368e+06 1.21592e+06 -2.88162e+07
-6.72503e+06 1.20836e+06 -2.88162e+07
-6.72637e+06 1.20079e+06 -2.88162e+07
-6.7277e+06 1.19323e+06 -2.88162e+07
-6.72903e+06 1.18566e+06 -2.88162e+07
-6.73035e+06 1.17809e+06 -2.88162e+07
-6.73166e+06 1.17052e+06 -2.88162e+07
-6.73296e+06 1.16294e+06 -2.88162e+07
-6.73425e+06 1.15537e+06 -2.88162e+07
-6.73553e+06 1.14779e+06 -2.88162e+07
-6.73681e+06 1.14022e+06 -2.88162e+07
-6.73807e+06 1.13264e+06 -2.88162e+07
-6.73933e+06 1.12506e+06 -2.88162e+07
-6.74058e+06 1.11748e+06 -2.88162e+07
-6.74182e+06 1.10989e+06 -2.88162e+07
-6.74306e+06 1.10231e+06 -2.88162e+07
-6.74428e+06 1.09472e+06 -2.88163e+07
-6.7455e+06 1.08714e+06 -2.88163e+07
-6.74671e+06 1.07955e+06 -2.88163e+07
-6.74791e+06 1.07196e+06 -2.88163e+07
-6.7491e+06 1.06437e+06 -2.88163e+07
-6.75028e+06 1.05677e+06 -2.88163e+07
-6.75145e+06 1.04918e+06 -2.88163e+07
-6.75262e+06 1.04159e+06 -2.88163e+07
-6.75378e+06 1.03399e+06 -2.88163e+07
-6.75492e+06 1.02639e+06 -2.88163e+07
-6.75606e+06 1.01879e+06 -2.88163e+07
-6.7572e+06 1.01119e+06 -2.88163e+07
-6.75832e+06 1.00359e+06 -2.88163e+07
-6.75944e+06 995990 -2.88163e+07
-6.76054e+06 988386 -2.88163e+07
-6.76164e+06 980781 -2.88163e+07
-6.76273e+06 973174 -2.88163e+07
-6.76381e+06 965567 -2.88163e+07
-6.76488e+06 957958 -2.88163e+07
-6.76595e+06 950348 -2.88163e+07
-6.767e+06 942737 -2.88163e+07
-6.76805e+06 935125 -2.88163e+07
-6.76909e+06 927511 -2.88163e+07
-6.77012e+06 919896 -2.88163e+07
-6.77114e+06 912281 -2.88163e+07
-6.77216e+06 904664 -2.88163e+07
-6.77316e+06 897046 -2.88163e+07
-6.77416e+06 889426 -2.88163e+07
-6.77515e+06 881806 -2.88163e+07
-6.77613e+06 874185 -2.88163e+07
-6.7771e+06 866562 -2.88163e+07
-6.77806e+06 858939 -2.88163e+07
-6.77901e+06 851314 -2.88163e+07
-6.77996e+06 843688 -2.88163e+07
-6.7809e+06 836062 -2.88163e+07
-6.78183e+06 828434 -2.88163e+07
-6.78275e+06 820805 -2.88163e+07
-6.78366e+06 813175 -2.88163e+07
-6.78456e+06 805544 -2.88163e+07
-6.78546e+06 797912 -2.88163e+07
-6.78634e+06 790279 -2.88163e+07
-6.78722e+06 782646 -2.88163e+07
-6.78809e+06 775011 -2.88163e+07
-6.78895e+06 767375 -2.88163e+07
-6.7898e+06 759738 -2.88163e+07
-6.79065e+06 752100 -2.88163e+07
-6.79148e+06 744462 -2.88163e+07
-6.79231e+06 736822 -2.88163e+07
-6.79313e+06 729181 -2.88163e+07
-6.79394e+06 721540 -2.88163e+07
-6.79474e+06 713898 -2.88163e+07
-6.79554e+06 706254 -2.88163e+07
-6.79632e+06 698610 -2.88163e+07
-6.7971e+06 690965 -2.88163e+07
-6.79786e+06 683320 -2.88163e+07
-6.79862e+06 675673 -2.88163e+07
-6.79937e+06 668025 -2.88163e+07
-6.80012e+06 660377 -2.88163e+07
-6.80085e+06 652728 -2.88163e+07
-6.80157e+06 645078 -2.88163e+07
-6.80229e+06 637427 -2.88163e+07
-6.803e+06 629775 -2.88163e+07
-6.8037e+06 622123 -2.88163e+07
-6.80439e+06 614470 -2.88163e+07
-6.80507e+06 606816 -2.88163e+07
-6.80575e+06 599161 -2.88163e+07
-6.80641e+06 591505 -2.88163e+07
-6.80707e+06 583849 -2.88163e+07
-6.80772e+06 576192 -2.88163e+07
-6.80836e+06 568535 -2.88163e+07
-6.80899e+06 560876 -2.88163e+07
-6.80961e+06 553217 -2.88163e+07
-6.81023e+06 545557 -2.88163e+07
-6.81083e+06 537897 -2.88163e+07
-6.81143e+06 530236 -2.88163e+07
-6.81202e+06 522574 -2.88163e+07
-6.8126e+06 514912 -2.88163e+07
-6.81317e+06 507249 -2.88163e+07
-6.81374e+06 499585 -2.88163e+07
-6.81429e+06 491921 -2.88163e+07
-6.81484e+06 484256 -2.88163e+07
-6.81538e+06 476590 -2.88163e+07
-6.81591e+06 468924 -2.88163e+07
-6.81643e+06 461257 -2.88163e+07
-6.81694e+06 453590 -2.88163e+07
-6.81744e+06 445922 -2.88163e+07
-6.81794e+06 438254 -2.88163e+07
-6.81842e+06 430585 -2.88163e+07
-6.8189e+06 422915 -2.88163e+07
-6.81937e+06 415245 -2.88163e+07
-6.81983e+06 407574 -2.88163e+07
-6.82029e+06 399903 -2.88163e+07
-6.82073e+06 392232 -2.88163e+07
-6.82117e+06 384560 -2.88163e+07
-6.82159e+06 376887 -2.88163e+07
-6.82201e+06 369214 -2.88163e+07
-6.82242e+06 361541 -2.88163e+07
-6.82282e+06 353867 -2.88163e+07
-6.82322e+06 346192 -2.88163e+07
-6.8236e+06 338518 -2.88163e+07
-6.82398e+06 330842 -2.88163e+07
-6.82434e+06 323167 -2.88163e+07
-6.8247e+06 315491 -2.88163e+07
-6.82505e+06 307814 -2.88163e+07
-6.8254e+06 300137 -2.88163e+07
-6.82573e+06 292460 -2.88163e+07
-6.82605e+06 284783 -2.88163e+07
-6.82637e+06 277105 -2.88163e+07
-6.82668e+06 269426 -2.88163e+07
-6.82698e+06 261748 -2.88163e+07
-6.82727e+06 254069 -2.88163e+07
-6.82755e+06 246390 -2.88163e+07
-6.82782e+06 238710 -2.88163e+07
-6.82809e+06 231030 -2.88163e+07
-6.82835e+06 223350 -2.88163e+07
-6.82859e+06 215670 -2.88163e+07
-6.82883e+06 207989 -2.88163e+07
-6.82906e+06 200308 -2.88163e+07
-6.82929e+06 192627 -2.88163e+07
-6.8295e+06 184945 -2.88163e+07
-6.82971e+06 177264 -2.88163e+07
-6.8299e+06 169582 -2.88163e+07
-6.83009e+06 161900 -2.88163e+07
-6.83027e+06 154217 -2.88163e+07
-6.83044e+06 146535 -2.88163e+07
-6.8306e+06 138852 -2.88163e+07
-6.83076e+06 131169 -2.88163e+07
-6.8309e+06 123486 -2.88163e+07
-6.83104e+06 115803 -2.88163e+07
-6.83117e+06 108120 -2.88163e+07
-6.83129e+06 100436 -2.88163e+07
-6.8314e+06 92752.6 -2.88163e+07
-6.8315e+06 85068.9 -2.88163e+07
-6.8316e+06 77385.1 -2.88163e+07
-6.83168e+06 69701.2 -2.88163e+07
-6.83176e+06 62017.2 -2.88163e+07
-6.83183e+06 54333.1 -2.88163e+07
-6.83189e+06 46649 -2.88163e+07
-6.83194e+06 38964.8 -2.88163e+07
-6.83198e+06 31280.5 -2.88163e+07
-6.83202e+06 23596.3 -2.88163e+07
-6.83204e+06 15911.9 -2.88163e+07
-6.83206e+06 8227.61 -2.88163e+07
-6.83207e+06 543.267 -2.88163e+07
-6.83207e+06 -7141.08 -2.88163e+07
-6.83206e+06 -14825.4 -2.88163e+07
-6.83205e+06 -22509.7 -2.88163e+07
-6.83202e+06 -30194 -2.88163e+07
-6.83199e+06 -37878.3 -2.88163e+07
-6.83195e+06 -45562.5 -2.88163e+07
-6.83189e+06 -53246.6 -2.88163e+07
-6.83184e+06 -60930.7 -2.88163e+07
-6.83177e+06 -68614.7 -2.88163e+07
-6.83169e+06 -76298.6 -2.88163e+07
-6.83161e+06 -83982.5 -2.88163e+07
-6.83151e+06 -91666.2 -2.88163e+07
-6.83141e+06 -99349.8 -2.88163e+07
-6.8313e+06 -107033 -2.88163e+07
-6.83118e+06 -114717 -2.88163e+07
-6.83105e+06 -122400 -2.88163e+07
-6.83092e+06 -130083 -2.88163e+07
-6.83077e+06 -137766 -2.88163e+07
-6.83062e+06 -145448 -2.88163e+07
-6.83046e+06 -153131 -2.88163e+07
-6.83029e+06 -160813 -2.88163e+07
-6.83011e+06 -168495 -2.88163e+07
-6.82992e+06 -176177 -2.88163e+07
-6.82972e+06 -183859 -2.88163e+07
-6.82952e+06 -191541 -2.88163e+07
-6.82931e+06 -199222 -2.88163e+07
-6.82909e+06 -206903 -2.88163e+07
-6.82885e+06 -214584 -2.88163e+07
-6.82862e+06 -222264 -2.88163e+07
-6.82837e+06 -229944 -2.88163e+07
-6.82811e+06 -237624 -2.88163e+07
-6.82785e+06 -245304 -2.88163e+07
-6.82758e+06 -252983 -2.88163e+07
-6.8273e+06 -260662 -2.88163e+07
-6.82701e+06 -268341 -2.88163e+07
-6.82671e+06 -276019 -2.88163e+07
-6.8264e+06 -283697 -2.88163e+07
-6.82608e+06 -291375 -2.88163e+07
-6.82576e+06 -299052 -2.88163e+07
-6.82543e+06 -306729 -2.88163e+07
-6.82509e+06 -314405 -2.88163e+07
-6.82474e+06 -322081 -2.88163e+07
-6.82438e+06 -329757 -2.88163e+07
-6.82401e+06 -337432 -2.88163e+07
-6.82364e+06 -345107 -2.88163e+07
-6.82325e+06 -352782 -2.88163e+07
-6.82286e+06 -360456 -2.88163e+07
-6.82246e+06 -368129 -2.88163e+07
-6.82205e+06 -375802 -2.88163e+07
-6.82163e+06 -383475 -2.88163e+07
-6.82121e+06 -391147 -2.88163e+07
-6.82077e+06 -398819 -2.88163e+07
-6.82033e+06 -406490 -2.88163e+07
-6.81988e+06 -414160 -2.88163e+07
-6.81942e+06 -421831 -2.88163e+07
-6.81895e+06 -429500 -2.88163e+07
-6.81847e+06 -437169 -2.88163e+07
-6.81798e+06 -444838 -2.88163e+07
-6.81749e+06 -452506 -2.88163e+07
-6.81699e+06 -460173 -2.88163e+07
-6.81648e+06 -467840 -2.88163e+07
-6.81596e+06 -475506 -2.88163e+07
-6.81543e+06 -483172 -2.88163e+07
-6.81489e+06 -490837 -2.88163e+07
-6.81434e+06 -498501 -2.88163e+07
-6.81379e+06 -506165 -2.88163e+07
-6.81323e+06 -513828 -2.88163e+07
-6.81266e+06 -521491 -2.88163e+07
-6.81208e+06 -529153 -2.88163e+07
-6.81149e+06 -536814 -2.88163e+07
-6.81089e+06 -544474 -2.88163e+07
-6.81029e+06 -552134 -2.88163e+07
-6.80967e+06 -559793 -2.88163e+07
-6.80905e+06 -567452 -2.88163e+07
-6.80842e+06 -575110 -2.88163e+07
-6.80778e+06 -582767 -2.88163e+07
-6.80713e+06 -590423 -2.88163e+07
-6.80648e+06 -598079 -2.88163e+07
-6.80581e+06 -605733 -2.88163e+07
-6.80514e+06 -613388 -2.88163e+07
-6.80446e+06 -621041 -2.88163e+07
-6.80377e+06 -628693 -2.88163e+07
-6.80307e+06 -636345 -2.88164e+07
-6.80236e+06 -643996 -2.88164e+07
-6.80165e+06 -651646 -2.88164e+07
-6.80092e+06 -659296 -2.88164e+07
-6.80019e+06 -666944 -2.88164e+07
-6.79945e+06 -674592 -2.88164e+07
-6.7987e+06 -682239 -2.88164e+07
-6.79794e+06 -689885 -2.88164e+07
-6.79717e+06 -697530 -2.88164e+07
-6.7964e+06 -705174 -2.88164e+07
-6.79561e+06 -712817 -2.88164e+07
-6.79482e+06 -720460 -2.88164e+07
-6.79402e+06 -728101 -2.88164e+07
-6.79321e+06 -735742 -2.88164e+07
-6.79239e+06 -743382 -2.88164e+07
-6.79157e+06 -751021 -2.88164e+07
-6.79073e+06 -758658 -2.88164e+07
-6.78989e+06 -766295 -2.88164e+07
-6.78904e+06 -773931 -2.88164e+07
-6.78818e+06 -781566 -2.88164e+07
-6.78731e+06 -789200 -2.88164e+07
-6.78643e+06 -796833 -2.88164e+07
-6.78555e+06 -804465 -2.88164e+07
-6.78465e+06 -812097 -2.88164e+07
-6.78375e+06 -819727 -2.88164e+07
-6.78284e+06 -827356 -2.88164e+07
-6.78192e+06 -834984 -2.88164e+07
-6.78099e+06 -842610 -2.88164e+07
-6.78006e+06 -850236 -2.88164e+07
-6.77911e+06 -857861 -2.88164e+07
-6.77816e+06 -865485 -2.88164e+07
-6.7772e+06 -873108 -2.88164e+07
-6.77623e+06 -880729 -2.88164e+07
-6.77525e+06 -888350 -2.88164e+07
-6.77426e+06 -895969 -2.88164e+07
-6.77326e+06 -903587 -2.88164e+07
-6.77226e+06 -911204 -2.88164e+07
-6.77125e+06 -918820 -2.88164e+07
-6.77023e+06 -926435 -2.88164e+07
-6.7692e+06 -934049 -2.88164e+07
-6.76816e+06 -941661 -2.88164e+07
-6.76711e+06 -949273 -2.88164e+07
-6.76606e+06 -956883 -2.88164e+07
-6.76499e+06 -964492 -2.88164e+07
-6.76392e+06 -972099 -2.88164e+07
-6.76284e+06 -979706 -2.88164e+07
-6.76175e+06 -987311 -2.88164e+07
-6.76066e+06 -994915 -2.88164e+07
-6.75955e+06 -1.00252e+06 -2.88164e+07
-6.75844e+06 -1.01012e+06 -2.88164e+07
-6.75731e+06 -1.01772e+06 -2.88164e+07
-6.75618e+06 -1.02532e+06 -2.88164e+07
-6.75504e+06 -1.03292e+06 -2.88164e+07
-6.7539e+06 -1.04051e+06 -2.88164e+07
-6.75274e+06 -1.04811e+06 -2.88164e+07
-6.75158e+06 -1.0557e+06 -2.88164e+07
-6.7504e+06 -1.06329e+06 -2.88164e+07
-6.74922e+06 -1.07089e+06 -2.88164e+07
-6.74803e+06 -1.07848e+06 -2.88164e+07
-6.74683e+06 -1.08606e+06 -2.88164e+07
-6.74563e+06 -1.09365e+06 -2.88164e+07
-6.74441e+06 -1.10124e+06 -2.88164e+07
-6.74319e+06 -1.10882e+06 -2.88164e+07
-6.74196e+06 -1.1164e+06 -2.88164e+07
-6.74072e+06 -1.12399e+06 -2.88164e+07
-6.73947e+06 -1.13157e+06 -2.88164e+07
-6.73821e+06 -1.13915e+06 -2.88164e+07
-6.73694e+06 -1.14672e+06 -2.88164e+07
-6.73567e+06 -1.1543e+06 -2.88164e+07
-6.73439e+06 -1.16187e+06 -2.88164e+07
-6.7331e+06 -1.16945e+06 -2.88164e+07
-6.7318e+06 -1.17702e+06 -2.88164e+07
-6.73049e+06 -1.18459e+06 -2.88164e+07
-6.72917e+06 -1.19216e+06 -2.88164e+07
-6.72785e+06 -1.19972e+06 -2.88164e+07
-6.72652e+06 -1.20729e+06 -2.88164e+07
-6.72517e+06 -1.21485e+06 -2.88164e+07
-6.72382e+06 -1.22242e+06 -2.88164e+07
-6.72247e+06 -1.22998e+06 -2.88164e+07
-6.7211e+06 -1.23754e+06 -2.88164e+07
-6.71972e+06 -1.2451e+06 -2.88164e+07
-6.71834e+06 -1.25265e+06 -2.88164e+07
-6.71695e+06 -1.26021e+06 -2.88164e+07
-6.71555e+06 -1.26776e+06 -2.88164e+07
-6.71414e+06 -1.27531e+06 -2.88164e+07
-6.71272e+06 -1.28286e+06 -2.88164e+07
-6.7113e+06 -1.29041e+06 -2.88164e+07
-6.70986e+06 -1.29796e+06 -2.88164e+07
-6.70842e+06 -1.3055e+06 -2.88164e+07
-6.70697e+06 -1.31305e+06 -2.88164e+07
-6.70551e+06 -1.32059e+06 -2.88164e+07
-6.70405e+06 -1.32813e+06 -2.88164e+07
-6.70257e+06 -1.33567e+06 -2.88164e+07
-6.70109e+06 -1.34321e+06 -2.88164e+07
-6.69959e+06 -1.35074e+06 -2.88164e+07
-6.69809e+06 -1.35827e+06 -2.88164e+07
-6.69659e+06 -1.36581e+06 -2.88164e+07
-6.69507e+06 -1.37334e+06 -2.88164e+07
-6.69354e+06 -1.38087e+06 -2.88164e+07
-6.69201e+06 -1.38839e+06 -2.88164e+07
-6.69047e+06 -1.39592e+06 -2.88164e+07
-6.68891e+06 -1.40344e+06 -2.88164e+07
-6.68736e+06 -1.41096e+06 -2.88164e+07
-6.68579e+06 -1.41848e+06 -2.88164e+07
-6.68421e+06 -1.426e+06 -2.88164e+07
-6.68263e+06 -1.43352e+06 -2.88164e+07
-6.68104e+06 -1.44103e+06 -2.88164e+07
-6.67943e+06 -1.44854e+06 -2.88164e+07
-6.67783e+06 -1.45606e+06 -2.88164e+07
-6.67621e+06 -1.46356e+06 -2.88164e+07
-6.67458e+06 -1.47107e+06 -2.88164e+07
-6.67295e+06 -1.47858e+06 -2.88164e+07
-6.67131e+06 -1.48608e+06 -2.88164e+07
-6.66965e+06 -1.49358e+06 -2.88164e+07
-6.668e+06 -1.50108e+06 -2.88164e+07
-6.66633e+06 -1.50858e+06 -2.88164e+07
-6.66465e+06 -1.51608e+06 -2.88164e+07
-6.66297e+06 -1.52357e+06 -2.88164e+07
-6.66128e+06 -1.53106e+06 -2.88164e+07
-6.65957e+06 -1.53855e+06 -2.88164e+07
-6.65787e+06 -1.54604e+06 -2.88164e+07
-6.65615e+06 -1.55353e+06 -2.88164e+07
-6.65442e+06 -1.56101e+06 -2.88164e+07
-6.65269e+06 -1.5685e+06 -2.88164e+07
-6.65095e+06 -1.57598e+06 -2.88164e+07
-6.6492e+06 -1.58346e+06 -2.88164e+07
-6.64744e+06 -1.59093e+06 -2.88164e+07
-6.64567e+06 -1.59841e+06 -2.88164e+07
-6.64389e+06 -1.60588e+06 -2.88164e+07
-6.64211e+06 -1.61335e+06 -2.88164e+07
-6.64032e+06 -1.62082e+06 -2.88164e+07
-6.63852e+06 -1.62829e+06 -2.88164e+07
-6.63671e+06 -1.63575e+06 -2.88164e+07
-6.63489e+06 -1.64321e+06 -2.88164e+07
-6.63307e+06 -1.65068e+06 -2.88164e+07
-6.63123e+06 -1.65813e+06 -2.88164e+07
-6.62939e+06 -1.66559e+06 -2.88164e+07
-6.62754e+06 -1.67305e+06 -2.88164e+07
-6.62568e+06 -1.6805e+06 -2.88164e+07
-6.62382e+06 -1.68795e+06 -2.88164e+07
-6.62194e+06 -1.6954e+06 -2.88164e+07
-6.62006e+06 -1.70284e+06 -2.88164e+07
-6.61817e+06 -1.71029e+06 -2.88164e+07
-6.61627e+06 -1.71773e+06 -2.88164e+07
-6.61436e+06 -1.72517e+06 -2.88164e+07
-6.61244e+06 -1.7326e+06 -2.88164e+07
-6.61052e+06 -1.74004e+06 -2.88164e+07
-6.60859e+06 -1.74747e+06 -2.88164e+07
-6.60665e+06 -1.7549e+06 -2.88164e+07
-6.6047e+06 -1.76233e+06 -2.88164e+07
-6.60274e+06 -1.76976e+06 -2.88164e+07
-6.60077e+06 -1.77718e+06 -2.88164e+07
-6.5988e+06 -1.78461e+06 -2.88164e+07
-6.59682e+06 -1.79203e+06 -2.88164e+07
-6.59483e+06 -1.79944e+06 -2.88164e+07
-6.59283e+06 -1.80686e+06 -2.88164e+07
-6.59082e+06 -1.81427e+06 -2.88164e+07
-6.58881e+06 -1.82168e+06 -2.88164e+07
-6.58678e+06 -1.82909e+06 -2.88164e+07
-6.58475e+06 -1.8365e+06 -2.88164e+07
-6.58271e+06 -1.8439e+06 -2.88164e+07
-6.58066e+06 -1.8513e+06 -2.88164e+07
-6.57861e+06 -1.8587e+06 -2.88164e+07
-6.57654e+06 -1.8661e+06 -2.88164e+07
-6.57447e+06 -1.8735e+06 -2.88164e+07
-6.57239e+06 -1.88089e+06 -2.88164e+07
-6.5703e+06 -1.88828e+06 -2.88164e+07
-6.56821e+06 -1.89567e+06 -2.88164e+07
-6.5661e+06 -1.90305e+06 -2.88164e+07
-6.56399e+06 -1.91043e+06 -2.88164e+07
-6.56186e+06 -1.91782e+06 -2.88164e+07
-6.55973e+06 -1.92519e+06 -2.88164e+07
-6.5576e+06 -1.93257e+06 -2.88164e+07
-6.55545e+06 -1.93994e+06 -2.88164e+07
-6.5533e+06 -1.94731e+06 -2.88164e+07
-6.55113e+06 -1.95468e+06 -2.88164e+07
-6.54896e+06 -1.96205e+06 -2.88164e+07
-6.54678e+06 -1.96941e+06 -2.88164e+07
-6.5446e+06 -1.97677e+06 -2.88164e+07
-6.5424e+06 -1.98413e+06 -2.88164e+07
-6.5402e+06 -1.99149e+06 -2.88164e+07
-6.53799e+06 -1.99884e+06 -2.88164e+07
-6.53577e+06 -2.00619e+06 -2.88164e+07
-6.53354e+06 -2.01354e+06 -2.88164e+07
-6.5313e+06 -2.02089e+06 -2.88164e+07
-6.52906e+06 -2.02823e+06 -2.88164e+07
-6.52681e+06 -2.03557e+06 -2.88164e+07
-6.52455e+06 -2.04291e+06 -2.88164e+07
-6.52228e+06 -2.05025e+06 -2.88164e+07
-6.52e+06 -2.05758e+06 -2.88164e+07
-6.51772e+06 -2.06491e+06 -2.88164e+07
-6.51542e+06 -2.07224e+06 -2.88164e+07
-6.51312e+06 -2.07957e+06 -2.88164e+07
-6.51081e+06 -2.08689e+06 -2.88164e+07
-6.50849e+06 -2.09421e+06 -2.88164e+07
-6.50617e+06 -2.10153e+06 -2.88164e+07
-6.50384e+06 -2.10885e+06 -2.88164e+07
-6.50149e+06 -2.11616e+06 -2.88164e+07
-6.49914e+06 -2.12347e+06 -2.88164e+07
-6.49679e+06 -2.13078e+06 -2.88164e+07
-6.49442e+06 -2.13808e+06 -2.88164e+07
-6.49205e+06 -2.14538e+06 -2.88164e+07
-6.48966e+06 -2.15268e+06 -2.88164e+07
-6.48727e+06 -2.15998e+06 -2.88164e+07
-6.48488e+06 -2.16728e+06 -2.88164e+07
-6.48247e+06 -2.17457e+06 -2.88164e+07
-6.48005e+06 -2.18186e+06 -2.88164e+07
-6.47763e+06 -2.18914e+06 -2.88164e+07
-6.4752e+06 -2.19642e+06 -2.88164e+07
-6.47276e+06 -2.20371e+06 -2.88164e+07
-6.47032e+06 -2.21098e+06 -2.88164e+07
-6.46786e+06 -2.21826e+06 -2.88164e+07
-6.4654e+06 -2.22553e+06 -2.88164e+07
-6.46293e+06 -2.2328e+06 -2.88164e+07
-6.46045e+06 -2.24007e+06 -2.88164e+07
-6.45796e+06 -2.24733e+06 -2.88164e+07
-6.45546e+06 -2.25459e+06 -2.88164e+07
-6.45296e+06 -2.26185e+06 -2.88164e+07
-6.45045e+06 -2.26911e+06 -2.88164e+07
-6.44793e+06 -2.27636e+06 -2.88164e+07
-6.4454e+06 -2.28361e+06 -2.88164e+07
-6.44287e+06 -2.29086e+06 -2.88164e+07
-6.44032e+06 -2.2981e+06 -2.88164e+07
-6.43777e+06 -2.30534e+06 -2.88164e+07
-6.43521e+06 -2.31258e+06 -2.88164e+07
-6.43265e+06 -2.31982e+06 -2.88164e+07
-6.43007e+06 -2.32705e+06 -2.88164e+07
-6.42749e+06 -2.33428e+06 -2.88164e+07
-6.4249e+06 -2.3415e+06 -2.88164e+07
-6.4223e+06 -2.34873e+06 -2.88164e+07
-6.41969e+06 -2.35595e+06 -2.88164e+07
-6.41707e+06 -2.36317e+06 -2.88164e+07
-6.41445e+06 -2.37038e+06 -2.88164e+07
-6.41182e+06 -2.3776e+06 -2.88164e+07
-6.40918e+06 -2.3848e+06 -2.88164e+07
-6.40653e+06 -2.39201e+06 -2.88164e+07
-6.40387e+06 -2.39921e+06 -2.88165e+07
-6.40121e+06 -2.40641e+06 -2.88165e+07
-6.39854e+06 -2.41361e+06 -2.88165e+07
-6.39586e+06 -2.42081e+06 -2.88165e+07
-6.39317e+06 -2.428e+06 -2.88165e+07
-6.39048e+06 -2.43519e+06 -2.88165e+07
-6.38777e+06 -2.44237e+06 -2.88165e+07
-6.38506e+06 -2.44955e+06 -2.88165e+07
-6.38234e+06 -2.45673e+06 -2.88165e+07
-6.37962e+06 -2.46391e+06 -2.88165e+07
-6.37688e+06 -2.47108e+06 -2.88165e+07
-6.37414e+06 -2.47825e+06 -2.88165e+07
-6.37139e+06 -2.48542e+06 -2.88165e+07
-6.36863e+06 -2.49258e+06 -2.88165e+07
-6.36586e+06 -2.49974e+06 -2.88165e+07
-6.36309e+06 -2.5069e+06 -2.88165e+07
-6.3603e+06 -2.51405e+06 -2.88165e+07
-6.35751e+06 -2.5212e+06 -2.88165e+07
-6.35471e+06 -2.52835e+06 -2.88165e+07
-6.35191e+06 -2.5355e+06 -2.88165e+07
-6.34909e+06 -2.54264e+06 -2.88165e+07
-6.34627e+06 -2.54978e+06 -2.88165e+07
-6.34344e+06 -2.55691e+06 -2.88165e+07
-6.3406e+06 -2.56405e+06 -2.88165e+07
-6.33776e+06 -2.57117e+06 -2.88165e+07
-6.3349e+06 -2.5783e+06 -2.88165e+07
-6.33204e+06 -2.58542e+06 -2.88165e+07
-6.32917e+06 -2.59254e+06 -2.88165e+07
-6.32629e+06 -2.59966e+06 -2.88165e+07
-6.32341e+06 -2.60677e+06 -2.88165e+07
-6.32051e+06 -2.61388e+06 -2.88165e+07
-6.31761e+06 -2.62099e+06 -2.88165e+07
-6.3147e+06 -2.62809e+06 -2.88165e+07
-6.31179e+06 -2.63519e+06 -2.88165e+07
-6.30886e+06 -2.64229e+06 -2.88165e+07
-6.30593e+06 -2.64938e+06 -2.88165e+07
-6.30299e+06 -2.65647e+06 -2.88165e+07
-6.30004e+06 -2.66356e+06 -2.88165e+07
-6.29708e+06 -2.67064e+06 -2.88165e+07
-6.29412e+06 -2.67772e+06 -2.88165e+07
-6.29115e+06 -2.6848e+06 -2.88165e+07
-6.28817e+06 -2.69187e+06 -2.88165e+07
-6.28518e+06 -2.69894e+06 -2.88165e+07
-6.28218e+06 -2.70601e+06 -2.88165e+07
-6.27918e+06 -2.71307e+06 -2.88165e+07
-6.27617e+06 -2.72013e+06 -2.88165e+07
-6.27315e+06 -2.72719e+06 -2.88165e+07
-6.27012e+06 -2.73424e+06 -2.88165e+07
-6.26709e+06 -2.74129e+06 -2.88165e+07
-6.26405e+06 -2.74834e+06 -2.88165e+07
-6.261e+06 -2.75538e+06 -2.88165e+07
-6.25794e+06 -2.76242e+06 -2.88165e+07
-6.25487e+06 -2.76945e+06 -2.88165e+07
-6.2518e+06 -2.77649e+06 -2.88165e+07
-6.24872e+06 -2.78352e+06 -2.88165e+07
-6.24563e+06 -2.79054e+06 -2.88165e+07
-6.24253e+06 -2.79756e+06 -2.88165e+07
-6.23943e+06 -2.80458e+06 -2.88165e+07
-6.23631e+06 -2.8116e+06 -2.88165e+07
-6.23319e+06 -2.81861e+06 -2.88165e+07
-6.23007e+06 -2.82562e+06 -2.88165e+07
-6.22693e+06 -2.83262e+06 -2.88165e+07
-6.22379e+06 -2.83962e+06 -2.88165e+07
-6.22063e+06 -2.84662e+06 -2.88165e+07
-6.21748e+06 -2.85362e+06 -2.88165e+07
-6.21431e+06 -2.86061e+06 -2.88165e+07
-6.21113e+06 -2.86759e+06 -2.88165e+07
-6.20795e+06 -2.87458e+06 -2.88165e+07
-6.20476e+06 -2.88156e+06 -2.88165e+07
-6.20156e+06 -2.88853e+06 -2.88165e+07
-6.19836e+06 -2.89551e+06 -2.88165e+07
-6.19515e+06 -2.90247e+06 -2.88165e+07
-6.19193e+06 -2.90944e+06 -2.88165e+07
-6.1887e+06 -2.9164e+06 -2.88165e+07
-6.18546e+06 -2.92336e+06 -2.88165e+07
-6.18222e+06 -2.93031e+06 -2.88165e+07
-6.17897e+06 -2.93726e+06 -2.88165e+07
-6.17571e+06 -2.94421e+06 -2.88165e+07
-6.17244e+06 -2.95116e+06 -2.88165e+07
-6.16916e+06 -2.9581e+06 -2.88165e+07
-6.16588e+06 -2.96503e+06 -2.88165e+07
-6.16259e+06 -2.97196e+06 -2.88165e+07
-6.15929e+06 -2.97889e+06 -2.88165e+07
-6.15599e+06 -2.98582e+06 -2.88165e+07
-6.15268e+06 -2.99274e+06 -2.88165e+07
-6.14936e+06 -2.99966e+06 -2.88165e+07
-6.14603e+06 -3.00657e+06 -2.88165e+07
-6.14269e+06 -3.01348e+06 -2.88165e+07
-6.13935e+06 -3.02039e+06 -2.88165e+07
-6.136e+06 -3.02729e+06 -2.88165e+07
-6.13264e+06 -3.03419e+06 -2.88165e+07
-6.12927e+06 -3.04108e+06 -2.88165e+07
-6.1259e+06 -3.04798e+06 -2.88165e+07
-6.12251e+06 -3.05486e+06 -2.88165e+07
-6.11913e+06 -3.06175e+06 -2.88165e+07
-6.11573e+06 -3.06863e+06 -2.88165e+07
-6.11232e+06 -3.0755e+06 -2.88165e+07
-6.10891e+06 -3.08238e+06 -2.88165e+07
-6.10549e+06 -3.08924e+06 -2.88165e+07
-6.10206e+06 -3.09611e+06 -2.88165e+07
-6.09863e+06 -3.10297e+06 -2.88165e+07
-6.09519e+06 -3.10983e+06 -2.88165e+07
-6.09174e+06 -3.11668e+06 -2.88165e+07
-6.08828e+06 -3.12353e+06 -2.88165e+07
-6.08481e+06 -3.13037e+06 -2.88165e+07
-6.08134e+06 -3.13722e+06 -2.88165e+07
-6.07786e+06 -3.14405e+06 -2.88165e+07
-6.07437e+06 -3.15089e+06 -2.88165e+07
-6.07088e+06 -3.15772e+06 -2.88165e+07
-6.06737e+06 -3.16454e+06 -2.88165e+07
-6.06386e+06 -3.17136e+06 -2.88165e+07
-6.06034e+06 -3.17818e+06 -2.88165e+07
-6.05682e+06 -3.185e+06 -2.88165e+07
-6.05329e+06 -3.1918e+06 -2.88165e+07
-6.04974e+06 -3.19861e+06 -2.88165e+07
-6.0462e+06 -3.20541e+06 -2.88165e+07
-6.04264e+06 -3.21221e+06 -2.88165e+07
-6.03908e+06 -3.219e+06 -2.88165e+07
-6.03551e+06 -3.22579e+06 -2.88165e+07
-6.03193e+06 -3.23258e+06 -2.88165e+07
-6.02834e+06 -3.23936e+06 -2.88165e+07
-6.02475e+06 -3.24614e+06 -2.88165e+07
-6.02115e+06 -3.25291e+06 -2.88165e+07
-6.01754e+06 -3.25968e+06 -2.88165e+07
-6.01392e+06 -3.26645e+06 -2.88165e+07
-6.0103e+06 -3.27321e+06 -2.88165e+07
-6.00667e+06 -3.27997e+06 -2.88165e+07
-6.00303e+06 -3.28672e+06 -2.88165e+07
-5.99939e+06 -3.29347e+06 -2.88165e+07
-5.99573e+06 -3.30022e+06 -2.88165e+07
-5.99207e+06 -3.30696e+06 -2.88165e+07
-5.9884e+06 -3.3137e+06 -2.88165e+07
-5.98473e+06 -3.32043e+06 -2.88165e+07
-5.98104e+06 -3.32716e+06 -2.88165e+07
-5.97735e+06 -3.33388e+06 -2.88165e+07
-5.97366e+06 -3.3406e+06 -2.88165e+07
-5.96995e+06 -3.34732e+06 -2.88165e+07
-5.96624e+06 -3.35403e+06 -2.88165e+07
-5.96252e+06 -3.36074e+06 -2.88165e+07
-5.95879e+06 -3.36745e+06 -2.88165e+07
-5.95506e+06 -3.37415e+06 -2.88165e+07
-5.95131e+06 -3.38084e+06 -2.88165e+07
-5.94756e+06 -3.38753e+06 -2.88165e+07
-5.94381e+06 -3.39422e+06 -2.88165e+07
-5.94004e+06 -3.4009e+06 -2.88165e+07
-5.93627e+06 -3.40758e+06 -2.88165e+07
-5.93249e+06 -3.41426e+06 -2.88165e+07
-5.9287e+06 -3.42093e+06 -2.88165e+07
-5.92491e+06 -3.42759e+06 -2.88165e+07
-5.92111e+06 -3.43425e+06 -2.88165e+07
-5.9173e+06 -3.44091e+06 -2.88165e+07
-5.91348e+06 -3.44756e+06 -2.88165e+07
-5.90966e+06 -3.45421e+06 -2.88165e+07
-5.90583e+06 -3.46086e+06 -2.88165e+07
-5.90199e+06 -3.4675e+06 -2.88165e+07
-5.89815e+06 -3.47413e+06 -2.88165e+07
-5.89429e+06 -3.48077e+06 -2.88165e+07
-5.89043e+06 -3.48739e+06 -2.88165e+07
-5.88657e+06 -3.49402e+06 -2.88165e+07
-5.88269e+06 -3.50064e+06 -2.88165e+07
-5.87881e+06 -3.50725e+06 -2.88165e+07
-5.87492e+06 -3.51386e+06 -2.88165e+07
-5.87102e+06 -3.52047e+06 -2.88165e+07
-5.86712e+06 -3.52707e+06 -2.88165e+07
-5.86321e+06 -3.53366e+06 -2.88165e+07
-5.85929e+06 -3.54026e+06 -2.88165e+07
-5.85536e+06 -3.54684e+06 -2.88165e+07
-5.85143e+06 -3.55343e+06 -2.88165e+07
-5.84749e+06 -3.56001e+06 -2.88165e+07
-5.84354e+06 -3.56658e+06 -2.88165e+07
-5.83959e+06 -3.57315e+06 -2.88165e+07
-5.83563e+06 -3.57972e+06 -2.88165e+07
-5.83166e+06 -3.58628e+06 -2.88165e+07
-5.82768e+06 -3.59284e+06 -2.88165e+07
-5.8237e+06 -3.59939e+06 -2.88165e+07
-5.8197e+06 -3.60594e+06 -2.88165e+07
-5.81571e+06 -3.61248e+06 -2.88165e+07
-5.8117e+06 -3.61902e+06 -2.88165e+07
-5.80769e+06 -3.62556e+06 -2.88165e+07
-5.80367e+06 -3.63209e+06 -2.88165e+07
-5.79964e+06 -3.63861e+06 -2.88165e+07
-5.79561e+06 -3.64513e+06 -2.88165e+07
-5.79156e+06 -3.65165e+06 -2.88165e+07
-5.78752e+06 -3.65816e+06 -2.88165e+07
-5.78346e+06 -3.66467e+06 -2.88165e+07
-5.7794e+06 -3.67117e+06 -2.88165e+07
-5.77533e+06 -3.67767e+06 -2.88165e+07
-5.77125e+06 -3.68416e+06 -2.88165e+07
-5.76716e+06 -3.69065e+06 -2.88165e+07
-5.76307e+06 -3.69714e+06 -2.88165e+07
-5.75897e+06 -3.70362e+06 -2.88165e+07
-5.75487e+06 -3.71009e+06 -2.88165e+07
-5.75075e+06 -3.71656e+06 -2.88165e+07
-5.74663e+06 -3.72303e+06 -2.88165e+07
-5.74251e+06 -3.72949e+06 -2.88165e+07
-5.73837e+06 -3.73595e+06 -2.88165e+07
-5.73423e+06 -3.7424e+06 -2.88165e+07
-5.73008e+06 -3.74885e+06 -2.88165e+07
-5.72592e+06 -3.75529e+06 -2.88165e+07
-5.72176e+06 -3.76173e+06 -2.88165e+07
-5.71759e+06 -3.76816e+06 -2.88165e+07
-5.71341e+06 -3.77459e+06 -2.88165e+07
-5.70923e+06 -3.78102e+06 -2.88165e+07
-5.70504e+06 -3.78744e+06 -2.88165e+07
-5.70084e+06 -3.79385e+06 -2.88165e+07
-5.69663e+06 -3.80026e+06 -2.88165e+07
-5.69242e+06 -3.80667e+06 -2.88165e+07
-5.6882e+06 -3.81307e+06 -2.88165e+07
-5.68397e+06 -3.81947e+06 -2.88165e+07
-5.67974e+06 -3.82586e+06 -2.88165e+07
-5.6755e+06 -3.83224e+06 -2.88165e+07
-5.67125e+06 -3.83863e+06 -2.88165e+07
-5.667e+06 -3.845e+06 -2.88165e+07
-5.66273e+06 -3.85138e+06 -2.88165e+07
-5.65846e+06 -3.85774e+06 -2.88165e+07
-5.65419e+06 -3.86411e+06 -2.88165e+07
-5.6499e+06 -3.87046e+06 -2.88165e+07
-5.64561e+06 -3.87682e+06 -2.88165e+07
-5.64132e+06 -3.88317e+06 -2.88165e+07
-5.63701e+06 -3.88951e+06 -2.88165e+07
-5.6327e+06 -3.89585e+06 -2.88165e+07
-5.62838e+06 -3.90218e+06 -2.88165e+07
-5.62406e+06 -3.90851e+06 -2.88165e+07
-5.61973e+06 -3.91484e+06 -2.88165e+07
-5.61539e+06 -3.92115e+06 -2.88165e+07
-5.61104e+06 -3.92747e+06 -2.88165e+07
-5.60669e+06 -3.93378e+06 -2.88165e+07
-5.60233e+06 -3.94008e+06 -2.88165e+07
-5.59796e+06 -3.94638e+06 -2.88165e+07
-5.59359e+06 -3.95268e+06 -2.88165e+07
-5.58921e+06 -3.95897e+06 -2.88165e+07
-5.58482e+06 -3.96525e+06 -2.88165e+07
-5.58042e+06 -3.97153e+06 -2.88165e+07
-5.57602e+06 -3.97781e+06 -2.88165e+07
-5.57161e+06 -3.98408e+06 -2.88165e+07
-5.5672e+06 -3.99034e+06 -2.88165e+07
-5.56278e+06 -3.99661e+06 -2.88165e+07
-5.55835e+06 -4.00286e+06 -2.88165e+07
-5.55391e+06 -4.00911e+06 -2.88165e+07
-5.54947e+06 -4.01536e+06 -2.88165e+07
-5.54502e+06 -4.0216e+06 -2.88165e+07
-5.54056e+06 -4.02783e+06 -2.88165e+07
-5.5361e+06 -4.03406e+06 -2.88165e+07
-5.53163e+06 -4.04029e+06 -2.88165e+07
-5.52715e+06 -4.04651e+06 -2.88165e+07
-5.52267e+06 -4.05273e+06 -2.88165e+07
-5.51817e+06 -4.05894e+06 -2.88165e+07
-5.51368e+06 -4.06514e+06 -2.88165e+07
-5.50917e+06 -4.07134e+06 -2.88165e+07
-5.50466e+06 -4.07754e+06 -2.88165e+07
-5.50014e+06 -4.08373e+06 -2.88165e+07
-5.49562e+06 -4.08991e+06 -2.88165e+07
-5.49108e+06 -4.09609e+06 -2.88165e+07
-5.48655e+06 -4.10227e+06 -2.88165e+07
-5.482e+06 -4.10844e+06 -2.88165e+07
-5.47745e+06 -4.1146e+06 -2.88165e+07
-5.47289e+06 -4.12076e+06 -2.88165e+07
-5.46832e+06 -4.12692e+06 -2.88165e+07
-5.46375e+06 -4.13307e+06 -2.88165e+07
-5.45917e+06 -4.13921e+06 -2.88165e+07
-5.45458e+06 -4.14535e+06 -2.88165e+07
-5.44999e+06 -4.15149e+06 -2.88165e+07
-5.44539e+06 -4.15762e+06 -2.88165e+07
-5.44078e+06 -4.16374e+06 -2.88165e+07
-5.43617e+06 -4.16986e+06 -2.88165e+07
-5.43155e+06 -4.17597e+06 -2.88165e+07
-5.42692e+06 -4.18208e+06 -2.88165e+07
-5.42229e+06 -4.18818e+06 -2.88165e+07
-5.41765e+06 -4.19428e+06 -2.88165e+07
-5.413e+06 -4.20037e+06 -2.88166e+07
-5.40835e+06 -4.20646e+06 -2.88166e+07
-5.40369e+06 -4.21254e+06 -2.88166e+07
-5.39902e+06 -4.21862e+06 -2.88166e+07
-5.39435e+06 -4.22469e+06 -2.88166e+07
-5.38967e+06 -4.23076e+06 -2.88166e+07
-5.38498e+06 -4.23682e+06 -2.88166e+07
-5.38029e+06 -4.24288e+06 -2.88166e+07
-5.37559e+06 -4.24893e+06 -2.88166e+07
-5.37088e+06 -4.25498e+06 -2.88166e+07
-5.36616e+06 -4.26102e+06 -2.88166e+07
-5.36144e+06 -4.26705e+06 -2.88166e+07
-5.35672e+06 -4.27308e+06 -2.88166e+07
-5.35198e+06 -4.27911e+06 -2.88166e+07
-5.34724e+06 -4.28513e+06 -2.88166e+07
-5.3425e+06 -4.29114e+06 -2.88166e+07
-5.33774e+06 -4.29715e+06 -2.88166e+07
-5.33298e+06 -4.30315e+06 -2.88166e+07
-5.32821e+06 -4.30915e+06 -2.88166e+07
-5.32344e+06 -4.31514e+06 -2.88166e+07
-5.31866e+06 -4.32113e+06 -2.88166e+07
-5.31387e+06 -4.32711e+06 -2.88166e+07
-5.30908e+06 -4.33309e+06 -2.88166e+07
-5.30428e+06 -4.33906e+06 -2.88166e+07
-5.29948e+06 -4.34503e+06 -2.88166e+07
-5.29466e+06 -4.35099e+06 -2.88166e+07
-5.28984e+06 -4.35694e+06 -2.88166e+07
-5.28502e+06 -4.36289e+06 -2.88166e+07
-5.28018e+06 -4.36884e+06 -2.88166e+07
-5.27535e+06 -4.37477e+06 -2.88166e+07
-5.2705e+06 -4.38071e+06 -2.88166e+07
-5.26565e+06 -4.38664e+06 -2.88166e+07
-5.26079e+06 -4.39256e+06 -2.88166e+07
-5.25592e+06 -4.39848e+06 -2.88166e+07
-5.25105e+06 -4.40439e+06 -2.88166e+07
-5.24617e+06 -4.41029e+06 -2.88166e+07
-5.24129e+06 -4.4162e+06 -2.88166e+07
-5.2364e+06 -4.42209e+06 -2.88166e+07
-5.2315e+06 -4.42798e+06 -2.88166e+07
-5.2266e+06 -4.43386e+06 -2.88166e+07
-5.22169e+06 -4.43974e+06 -2.88166e+07
-5.21677e+06 -4.44562e+06 -2.88166e+07
-5.21185e+06 -4.45149e+06 -2.88166e+07
-5.20692e+06 -4.45735e+06 -2.88166e+07
-5.20198e+06 -4.4632e+06 -2.88166e+07
-5.19704e+06 -4.46906e+06 -2.88166e+07
-5.19209e+06 -4.4749e+06 -2.88166e+07
-5.18713e+06 -4.48074e+06 -2.88166e+07
-5.18217e+06 -4.48658e+06 -2.88166e+07
-5.1772e+06 -4.49241e+06 -2.88166e+07
-5.17223e+06 -4.49823e+06 -2.88166e+07
-5.16724e+06 -4.50405e+06 -2.88166e+07
-5.16226e+06 -4.50986e+06 -2.88166e+07
-5.15726e+06 -4.51567e+06 -2.88166e+07
-5.15226e+06 -4.52147e+06 -2.88166e+07
-5.14725e+06 -4.52727e+06 -2.88166e+07
-5.14224e+06 -4.53306e+06 -2.88166e+07
-5.13722e+06 -4.53884e+06 -2.88166e+07
-5.1322e+06 -4.54462e+06 -2.88166e+07
-5.12716e+06 -4.55039e+06 -2.88166e+07
-5.12212e+06 -4.55616e+06 -2.88166e+07
-5.11708e+06 -4.56192e+06 -2.88166e+07
-5.11203e+06 -4.56768e+06 -2.88166e+07
-5.10697e+06 -4.57343e+06 -2.88166e+07
-5.10191e+06 -4.57917e+06 -2.88166e+07
-5.09684e+06 -4.58491e+06 -2.88166e+07
-5.09176e+06 -4.59065e+06 -2.88166e+07
-5.08668e+06 -4.59638e+06 -2.88166e+07
-5.08159e+06 -4.6021e+06 -2.88166e+07
-5.07649e+06 -4.60781e+06 -2.88166e+07
-5.07139e+06 -4.61353e+06 -2.88166e+07
-5.06628e+06 -4.61923e+06 -2.88166e+07
-5.06117e+06 -4.62493e+06 -2.88166e+07
-5.05605e+06 -4.63062e+06 -2.88166e+07
-5.05092e+06 -4.63631e+06 -2.88166e+07
-5.04579e+06 -4.642e+06 -2.88166e+07
-5.04065e+06 -4.64767e+06 -2.88166e+07
-5.0355e+06 -4.65334e+06 -2.88166e+07
-5.03035e+06 -4.65901e+06 -2.88166e+07
-5.02519e+06 -4.66467e+06 -2.88166e+07
-5.02003e+06 -4.67032e+06 -2.88166e+07
-5.01486e+06 -4.67597e+06 -2.88166e+07
-5.00968e+06 -4.68161e+06 -2.88166e+07
-5.0045e+06 -4.68725e+06 -2.88166e+07
-4.99931e+06 -4.69288e+06 -2.88166e+07
-4.99411e+06 -4.6985e+06 -2.88166e+07
-4.98891e+06 -4.70412e+06 -2.88166e+07
-4.98371e+06 -4.70973e+06 -2.88166e+07
-4.97849e+06 -4.71534e+06 -2.88166e+07
-4.97327e+06 -4.72094e+06 -2.88166e+07
-4.96805e+06 -4.72654e+06 -2.88166e+07
-4.96281e+06 -4.73213e+06 -2.88166e+07
-4.95758e+06 -4.73771e+06 -2.88166e+07
-4.95233e+06 -4.74329e+06 -2.88166e+07
-4.94708e+06 -4.74886e+06 -2.88166e+07
-4.94182e+06 -4.75443e+06 -2.88166e+07
-4.93656e+06 -4.75999e+06 -2.88166e+07
-4.93129e+06 -4.76554e+06 -2.88166e+07
-4.92602e+06 -4.77109e+06 -2.88166e+07
-4.92074e+06 -4.77664e+06 -2.88166e+07
-4.91545e+06 -4.78217e+06 -2.88166e+07
-4.91016e+06 -4.7877e+06 -2.88166e+07
-4.90486e+06 -4.79323e+06 -2.88166e+07
-4.89955e+06 -4.79875e+06 -2.88166e+07
-4.89424e+06 -4.80426e+06 -2.88166e+07
-4.88892e+06 -4.80977e+06 -2.88166e+07
-4.8836e+06 -4.81527e+06 -2.88166e+07
-4.87827e+06 -4.82076e+06 -2.88166e+07
-4.87294e+06 -4.82625e+06 -2.88166e+07
-4.86759e+06 -4.83174e+06 -2.88166e+07
-4.86225e+06 -4.83722e+06 -2.88166e+07
-4.85689e+06 -4.84269e+06 -2.88166e+07
-4.85153e+06 -4.84815e+06 -2.88166e+07
-4.84617e+06 -4.85361e+06 -2.88166e+07
-4.8408e+06 -4.85907e+06 -2.88166e+07
-4.83542e+06 -4.86451e+06 -2.88166e+07
-4.83004e+06 -4.86995e+06 -2.88166e+07
-4.82465e+06 -4.87539e+06 -2.88166e+07
-4.81925e+06 -4.88082e+06 -2.88166e+07
-4.81385e+06 -4.88624e+06 -2.88166e+07
-4.80844e+06 -4.89166e+06 -2.88166e+07
-4.80303e+06 -4.89707e+06 -2.88166e+07
-4.79761e+06 -4.90248e+06 -2.88166e+07
-4.79218e+06 -4.90788e+06 -2.88166e+07
-4.78675e+06 -4.91327e+06 -2.88166e+07
-4.78132e+06 -4.91866e+06 -2.88166e+07
-4.77587e+06 -4.92404e+06 -2.88166e+07
-4.77042e+06 -4.92941e+06 -2.88166e+07
-4.76497e+06 -4.93478e+06 -2.88166e+07
-4.75951e+06 -4.94014e+06 -2.88166e+07
-4.75404e+06 -4.9455e+06 -2.88166e+07
-4.74857e+06 -4.95085e+06 -2.88166e+07
-4.74309e+06 -4.9562e+06 -2.88166e+07
-4.73761e+06 -4.96153e+06 -2.88166e+07
-4.73212e+06 -4.96687e+06 -2.88166e+07
-4.72662e+06 -4.97219e+06 -2.88166e+07
-4.72112e+06 -4.97751e+06 -2.88166e+07
-4.71561e+06 -4.98283e+06 -2.88166e+07
-4.7101e+06 -4.98813e+06 -2.88166e+07
-4.70458e+06 -4.99344e+06 -2.88166e+07
-4.69906e+06 -4.99873e+06 -2.88166e+07
-4.69353e+06 -5.00402e+06 -2.88166e+07
-4.68799e+06 -5.0093e+06 -2.88166e+07
-4.68245e+06 -5.01458e+06 -2.88166e+07
-4.6769e+06 -5.01985e+06 -2.88166e+07
-4.67135e+06 -5.02512e+06 -2.88166e+07
-4.66579e+06 -5.03037e+06 -2.88166e+07
-4.66022e+06 -5.03563e+06 -2.88166e+07
-4.65465e+06 -5.04087e+06 -2.88166e+07
-4.64907e+06 -5.04611e+06 -2.88166e+07
-4.64349e+06 -5.05134e+06 -2.88166e+07
-4.6379e+06 -5.05657e+06 -2.88166e+07
-4.63231e+06 -5.06179e+06 -2.88166e+07
-4.62671e+06 -5.06701e+06 -2.88166e+07
-4.62111e+06 -5.07222e+06 -2.88166e+07
-4.61549e+06 -5.07742e+06 -2.88166e+07
-4.60988e+06 -5.08261e+06 -2.88166e+07
-4.60425e+06 -5.0878e+06 -2.88166e+07
-4.59863e+06 -5.09299e+06 -2.88166e+07
-4.59299e+06 -5.09816e+06 -2.88166e+07
-4.58735e+06 -5.10333e+06 -2.88166e+07
-4.58171e+06 -5.1085e+06 -2.88166e+07
-4.57606e+06 -5.11366e+06 -2.88166e+07
-4.5704e+06 -5.11881e+06 -2.88166e+07
-4.56474e+06 -5.12395e+06 -2.88166e+07
-4.55907e+06 -5.12909e+06 -2.88166e+07
-4.5534e+06 -5.13423e+06 -2.88166e+07
-4.54772e+06 -5.13935e+06 -2.88166e+07
-4.54204e+06 -5.14447e+06 -2.88166e+07
-4.53635e+06 -5.14959e+06 -2.88166e+07
-4.53065e+06 -5.15469e+06 -2.88166e+07
-4.52495e+06 -5.1598e+06 -2.88166e+07
-4.51924e+06 -5.16489e+06 -2.88166e+07
-4.51353e+06 -5.16998e+06 -2.88166e+07
-4.50781e+06 -5.17506e+06 -2.88166e+07
-4.50209e+06 -5.18014e+06 -2.88166e+07
-4.49636e+06 -5.18521e+06 -2.88166e+07
-4.49062e+06 -5.19027e+06 -2.88166e+07
-4.48488e+06 -5.19533e+06 -2.88166e+07
-4.47914e+06 -5.20038e+06 -2.88166e+07
-4.47339e+06 -5.20542e+06 -2.88166e+07
-4.46763e+06 -5.21046e+06 -2.88166e+07
-4.46187e+06 -5.21549e+06 -2.88166e+07
-4.4561e+06 -5.22051e+06 -2.88166e+07
-4.45033e+06 -5.22553e+06 -2.88166e+07
-4.44455e+06 -5.23054e+06 -2.88166e+07
-4.43876e+06 -5.23555e+06 -2.88166e+07
-4.43297e+06 -5.24055e+06 -2.88166e+07
-4.42718e+06 -5.24554e+06 -2.88166e+07
-4.42138e+06 -5.25052e+06 -2.88166e+07
-4.41557e+06 -5.2555e+06 -2.88166e+07
-4.40976e+06 -5.26048e+06 -2.88166e+07
-4.40394e+06 -5.26544e+06 -2.88166e+07
-4.39812e+06 -5.2704e+06 -2.88166e+07
-4.39229e+06 -5.27535e+06 -2.88166e+07
-4.38646e+06 -5.2803e+06 -2.88166e+07
-4.38062e+06 -5.28524e+06 -2.88166e+07
-4.37478e+06 -5.29018e+06 -2.88166e+07
-4.36893e+06 -5.2951e+06 -2.88166e+07
-4.36307e+06 -5.30002e+06 -2.88166e+07
-4.35721e+06 -5.30494e+06 -2.88166e+07
-4.35135e+06 -5.30985e+06 -2.88166e+07
-4.34548e+06 -5.31475e+06 -2.88166e+07
-4.3396e+06 -5.31964e+06 -2.88166e+07
-4.33372e+06 -5.32453e+06 -2.88166e+07
-4.32783e+06 -5.32941e+06 -2.88166e+07
-4.32194e+06 -5.33429e+06 -2.88166e+07
-4.31604e+06 -5.33915e+06 -2.88166e+07
-4.31014e+06 -5.34402e+06 -2.88166e+07
-4.30423e+06 -5.34887e+06 -2.88166e+07
-4.29832e+06 -5.35372e+06 -2.88166e+07
-4.2924e+06 -5.35856e+06 -2.88166e+07
-4.28647e+06 -5.3634e+06 -2.88166e+07
-4.28055e+06 -5.36823e+06 -2.88166e+07
-4.27461e+06 -5.37305e+06 -2.88166e+07
-4.26867e+06 -5.37786e+06 -2.88166e+07
-4.26273e+06 -5.38267e+06 -2.88166e+07
-4.25678e+06 -5.38747e+06 -2.88166e+07
-4.25082e+06 -5.39227e+06 -2.88166e+07
-4.24486e+06 -5.39706e+06 -2.88166e+07
-4.23889e+06 -5.40184e+06 -2.88166e+07
-4.23292e+06 -5.40662e+06 -2.88166e+07
-4.22695e+06 -5.41139e+06 -2.88166e+07
-4.22096e+06 -5.41615e+06 -2.88166e+07
-4.21498e+06 -5.4209e+06 -2.88166e+07
-4.20898e+06 -5.42565e+06 -2.88166e+07
-4.20299e+06 -5.4304e+06 -2.88166e+07
-4.19698e+06 -5.43513e+06 -2.88166e+07
-4.19098e+06 -5.43986e+06 -2.88166e+07
-4.18496e+06 -5.44458e+06 -2.88166e+07
-4.17895e+06 -5.4493e+06 -2.88166e+07
-4.17292e+06 -5.45401e+06 -2.88166e+07
-4.16689e+06 -5.45871e+06 -2.88166e+07
-4.16086e+06 -5.46341e+06 -2.88166e+07
-4.15482e+06 -5.46809e+06 -2.88166e+07
-4.14878e+06 -5.47278e+06 -2.88166e+07
-4.14273e+06 -5.47745e+06 -2.88166e+07
-4.13668e+06 -5.48212e+06 -2.88166e+07
-4.13062e+06 -5.48678e+06 -2.88166e+07
-4.12455e+06 -5.49144e+06 -2.88166e+07
-4.11849e+06 -5.49609e+06 -2.88166e+07
-4.11241e+06 -5.50073e+06 -2.88166e+07
-4.10633e+06 -5.50536e+06 -2.88166e+07
-4.10025e+06 -5.50999e+06 -2.88166e+07
-4.09416e+06 -5.51461e+06 -2.88166e+07
-4.08806e+06 -5.51923e+06 -2.88166e+07
-4.08196e+06 -5.52383e+06 -2.88166e+07
-4.07586e+06 -5.52843e+06 -2.88166e+07
-4.06975e+06 -5.53303e+06 -2.88166e+07
-4.06364e+06 -5.53762e+06 -2.88166e+07
-4.05752e+06 -5.5422e+06 -2.88166e+07
-4.05139e+06 -5.54677e+06 -2.88166e+07
-4.04526e+06 -5.55134e+06 -2.88166e+07
-4.03913e+06 -5.5559e+06 -2.88166e+07
-4.03299e+06 -5.56045e+06 -2.88166e+07
-4.02685e+06 -5.565e+06 -2.88166e+07
-4.0207e+06 -5.56954e+06 -2.88166e+07
-4.01454e+06 -5.57407e+06 -2.88166e+07
-4.00838e+06 -5.57859e+06 -2.88166e+07
-4.00222e+06 -5.58311e+06 -2.88166e+07
-3.99605e+06 -5.58762e+06 -2.88166e+07
-3.98988e+06 -5.59213e+06 -2.88166e+07
-3.9837e+06 -5.59663e+06 -2.88166e+07
-3.97751e+06 -5.60112e+06 -2.88166e+07
-3.97133e+06 -5.6056e+06 -2.88166e+07
-3.96513e+06 -5.61008e+06 -2.88166e+07
-3.95893e+06 -5.61455e+06 -2.88166e+07
-3.95273e+06 -5.61902e+06 -2.88166e+07
-3.94652e+06 -5.62347e+06 -2.88166e+07
-3.94031e+06 -5.62792e+06 -2.88166e+07
-3.93409e+06 -5.63237e+06 -2.88166e+07
-3.92787e+06 -5.6368e+06 -2.88166e+07
-3.92164e+06 -5.64123e+06 -2.88166e+07
-3.91541e+06 -5.64565e+06 -2.88166e+07
-3.90917e+06 -5.65007e+06 -2.88166e+07
-3.90293e+06 -5.65448e+06 -2.88166e+07
-3.89668e+06 -5.65888e+06 -2.88166e+07
-3.89043e+06 -5.66327e+06 -2.88166e+07
-3.88418e+06 -5.66766e+06 -2.88166e+07
-3.87792e+06 -5.67204e+06 -2.88166e+07
-3.87165e+06 -5.67642e+06 -2.88166e+07
-3.86538e+06 -5.68078e+06 -2.88166e+07
-3.8591e+06 -5.68514e+06 -2.88166e+07
-3.85282e+06 -5.6895e+06 -2.88166e+07
-3.84654e+06 -5.69384e+06 -2.88166e+07
-3.84025e+06 -5.69818e+06 -2.88166e+07
-3.83396e+06 -5.70251e+06 -2.88166e+07
-3.82766e+06 -5.70684e+06 -2.88166e+07
-3.82135e+06 -5.71115e+06 -2.88166e+07
-3.81505e+06 -5.71546e+06 -2.88166e+07
-3.80873e+06 -5.71977e+06 -2.88166e+07
-3.80242e+06 -5.72406e+06 -2.88166e+07
-3.79609e+06 -5.72835e+06 -2.88166e+07
-3.78977e+06 -5.73264e+06 -2.88166e+07
-3.78343e+06 -5.73691e+06 -2.88166e+07
-3.7771e+06 -5.74118e+06 -2.88166e+07
-3.77076e+06 -5.74544e+06 -2.88166e+07
-3.76441e+06 -5.7497e+06 -2.88166e+07
-3.75806e+06 -5.75394e+06 -2.88166e+07
-3.75171e+06 -5.75818e+06 -2.88166e+07
-3.74535e+06 -5.76242e+06 -2.88166e+07
-3.73898e+06 -5.76664e+06 -2.88166e+07
-3.73262e+06 -5.77086e+06 -2.88166e+07
-3.72624e+06 -5.77507e+06 -2.88166e+07
-3.71986e+06 -5.77928e+06 -2.88166e+07
-3.71348e+06 -5.78348e+06 -2.88166e+07
-3.7071e+06 -5.78767e+06 -2.88166e+07
-3.7007e+06 -5.79185e+06 -2.88166e+07
-3.69431e+06 -5.79603e+06 -2.88166e+07
-3.68791e+06 -5.8002e+06 -2.88166e+07
-3.6815e+06 -5.80436e+06 -2.88166e+07
-3.67509e+06 -5.80851e+06 -2.88166e+07
-3.66868e+06 -5.81266e+06 -2.88166e+07
-3.66226e+06 -5.8168e+06 -2.88166e+07
-3.65584e+06 -5.82094e+06 -2.88166e+07
-3.64941e+06 -5.82506e+06 -2.88166e+07
-3.64298e+06 -5.82918e+06 -2.88166e+07
-3.63654e+06 -5.8333e+06 -2.88166e+07
-3.6301e+06 -5.8374e+06 -2.88166e+07
-3.62366e+06 -5.8415e+06 -2.88166e+07
-3.61721e+06 -5.84559e+06 -2.88166e+07
-3.61075e+06 -5.84967e+06 -2.88166e+07
-3.60429e+06 -5.85375e+06 -2.88166e+07
-3.59783e+06 -5.85782e+06 -2.88166e+07
-3.59136e+06 -5.86188e+06 -2.88166e+07
-3.58489e+06 -5.86593e+06 -2.88166e+07
-3.57841e+06 -5.86998e+06 -2.88166e+07
-3.57193e+06 -5.87402e+06 -2.88166e+07
-3.56545e+06 -5.87806e+06 -2.88166e+07
-3.55896e+06 -5.88208e+06 -2.88166e+07
-3.55246e+06 -5.8861e+06 -2.88166e+07
-3.54597e+06 -5.89011e+06 -2.88166e+07
-3.53946e+06 -5.89412e+06 -2.88166e+07
-3.53296e+06 -5.89811e+06 -2.88166e+07
-3.52645e+06 -5.9021e+06 -2.88166e+07
-3.51993e+06 -5.90609e+06 -2.88166e+07
-3.51341e+06 -5.91006e+06 -2.88166e+07
-3.50689e+06 -5.91403e+06 -2.88166e+07
-3.50036e+06 -5.91799e+06 -2.88166e+07
-3.49383e+06 -5.92194e+06 -2.88166e+07
-3.48729e+06 -5.92589e+06 -2.88166e+07
-3.48075e+06 -5.92983e+06 -2.88166e+07
-3.4742e+06 -5.93376e+06 -2.88166e+07
-3.46765e+06 -5.93769e+06 -2.88166e+07
-3.4611e+06 -5.9416e+06 -2.88166e+07
-3.45454e+06 -5.94551e+06 -2.88166e+07
-3.44798e+06 -5.94942e+06 -2.88166e+07
-3.44141e+06 -5.95331e+06 -2.88166e+07
-3.43484e+06 -5.9572e+06 -2.88166e+07
-3.42826e+06 -5.96108e+06 -2.88166e+07
-3.42168e+06 -5.96495e+06 -2.88166e+07
-3.4151e+06 -5.96882e+06 -2.88166e+07
-3.40851e+06 -5.97268e+06 -2.88166e+07
-3.40192e+06 -5.97653e+06 -2.88166e+07
-3.39532e+06 -5.98038e+06 -2.88166e+07
-3.38872e+06 -5.98421e+06 -2.88166e+07
-3.38212e+06 -5.98804e+06 -2.88166e+07
-3.37551e+06 -5.99186e+06 -2.88166e+07
-3.3689e+06 -5.99568e+06 -2.88166e+07
-3.36228e+06 -5.99949e+06 -2.88166e+07
-3.35566e+06 -6.00329e+06 -2.88166e+07
-3.34904e+06 -6.00708e+06 -2.88166e+07
-3.34241e+06 -6.01087e+06 -2.88166e+07
-3.33577e+06 -6.01464e+06 -2.88166e+07
-3.32914e+06 -6.01841e+06 -2.88166e+07
-3.32249e+06 -6.02218e+06 -2.88166e+07
-3.31585e+06 -6.02593e+06 -2.88166e+07
-3.3092e+06 -6.02968e+06 -2.88166e+07
-3.30254e+06 -6.03342e+06 -2.88166e+07
-3.29589e+06 -6.03716e+06 -2.88166e+07
-3.28923e+06 -6.04088e+06 -2.88166e+07
-3.28256e+06 -6.0446e+06 -2.88166e+07
-3.27589e+06 -6.04831e+06 -2.88166e+07
-3.26922e+06 -6.05202e+06 -2.88166e+07
-3.26254e+06 -6.05572e+06 -2.88166e+07
-3.25586e+06 -6.05941e+06 -2.88166e+07
-3.24917e+06 -6.06309e+06 -2.88166e+07
-3.24248e+06 -6.06676e+06 -2.88166e+07
-3.23579e+06 -6.07043e+06 -2.88166e+07
-3.22909e+06 -6.07409e+06 -2.88166e+07
-3.22239e+06 -6.07774e+06 -2.88166e+07
-3.21568e+06 -6.08139e+06 -2.88166e+07
-3.20897e+06 -6.08502e+06 -2.88166e+07
-3.20226e+06 -6.08865e+06 -2.88166e+07
-3.19554e+06 -6.09228e+06 -2.88166e+07
-3.18882e+06 -6.09589e+06 -2.88166e+07
-3.1821e+06 -6.0995e+06 -2.88166e+07
-3.17537e+06 -6.1031e+06 -2.88166e+07
-3.16863e+06 -6.10669e+06 -2.88166e+07
-3.1619e+06 -6.11028e+06 -2.88166e+07
-3.15516e+06 -6.11385e+06 -2.88166e+07
-3.14841e+06 -6.11742e+06 -2.88166e+07
-3.14166e+06 -6.12099e+06 -2.88166e+07
-3.13491e+06 -6.12454e+06 -2.88166e+07
-3.12815e+06 -6.12809e+06 -2.88167e+07
-3.12139e+06 -6.13163e+06 -2.88167e+07
-3.11463e+06 -6.13516e+06 -2.88167e+07
-3.10786e+06 -6.13869e+06 -2.88167e+07
-3.10109e+06 -6.14221e+06 -2.88167e+07
-3.09432e+06 -6.14572e+06 -2.88167e+07
-3.08754e+06 -6.14922e+06 -2.88167e+07
-3.08075e+06 -6.15271e+06 -2.88167e+07
-3.07397e+06 -6.1562e+06 -2.88167e+07
-3.06718e+06 -6.15968e+06 -2.88167e+07
-3.06038e+06 -6.16315e+06 -2.88167e+07
-3.05359e+06 -6.16662e+06 -2.88167e+07
-3.04678e+06 -6.17008e+06 -2.88167e+07
-3.03998e+06 -6.17353e+06 -2.88167e+07
-3.03317e+06 -6.17697e+06 -2.88167e+07
-3.02636e+06 -6.1804e+06 -2.88167e+07
-3.01954e+06 -6.18383e+06 -2.88167e+07
-3.01272e+06 -6.18725e+06 -2.88167e+07
-3.0059e+06 -6.19066e+06 -2.88167e+07
-2.99907e+06 -6.19407e+06 -2.88167e+07
-2.99224e+06 -6.19746e+06 -2.88167e+07
-2.9854e+06 -6.20085e+06 -2.88167e+07
-2.97857e+06 -6.20424e+06 -2.88167e+07
-2.97172e+06 -6.20761e+06 -2.88167e+07
-2.96488e+06 -6.21098e+06 -2.88167e+07
-2.95803e+06 -6.21434e+06 -2.88167e+07
-2.95118e+06 -6.21769e+06 -2.88167e+07
-2.94432e+06 -6.22103e+06 -2.88167e+07
-2.93746e+06 -6.22437e+06 -2.88167e+07
-2.9306e+06 -6.2277e+06 -2.88167e+07
-2.92373e+06 -6.23102e+06 -2.88167e+07
-2.91686e+06 -6.23433e+06 -2.88167e+07
-2.90998e+06 -6.23764e+06 -2.88167e+07
-2.9031e+06 -6.24093e+06 -2.88167e+07
-2.89622e+06 -6.24422e+06 -2.88167e+07
-2.88934e+06 -6.24751e+06 -2.88167e+07
-2.88245e+06 -6.25078e+06 -2.88167e+07
-2.87556e+06 -6.25405e+06 -2.88167e+07
-2.86866e+06 -6.25731e+06 -2.88167e+07
-2.86176e+06 -6.26056e+06 -2.88167e+07
-2.85486e+06 -6.26381e+06 -2.88167e+07
-2.84795e+06 -6.26704e+06 -2.88167e+07
-2.84104e+06 -6.27027e+06 -2.88167e+07
-2.83413e+06 -6.27349e+06 -2.88167e+07
-2.82721e+06 -6.27671e+06 -2.88167e+07
-2.82029e+06 -6.27992e+06 -2.88167e+07
-2.81337e+06 -6.28311e+06 -2.88167e+07
-2.80644e+06 -6.2863e+06 -2.88167e+07
-2.79951e+06 -6.28949e+06 -2.88167e+07
-2.79258e+06 -6.29266e+06 -2.88167e+07
-2.78564e+06 -6.29583e+06 -2.88167e+07
-2.7787e+06 -6.29899e+06 -2.88167e+07
-2.77176e+06 -6.30214e+06 -2.88167e+07
-2.76481e+06 -6.30529e+06 -2.88167e+07
-2.75786e+06 -6.30843e+06 -2.88167e+07
-2.75091e+06 -6.31156e+06 -2.88167e+07
-2.74395e+06 -6.31468e+06 -2.88167e+07
-2.73699e+06 -6.31779e+06 -2.88167e+07
-2.73002e+06 -6.3209e+06 -2.88167e+07
-2.72306e+06 -6.324e+06 -2.88167e+07
-2.71609e+06 -6.32709e+06 -2.88167e+07
-2.70911e+06 -6.33017e+06 -2.88167e+07
-2.70213e+06 -6.33325e+06 -2.88167e+07
-2.69515e+06 -6.33631e+06 -2.88167e+07
-2.68817e+06 -6.33937e+06 -2.88167e+07
-2.68118e+06 -6.34243e+06 -2.88167e+07
-2.67419e+06 -6.34547e+06 -2.88167e+07
-2.6672e+06 -6.34851e+06 -2.88167e+07
-2.6602e+06 -6.35154e+06 -2.88167e+07
-2.6532e+06 -6.35456e+06 -2.88167e+07
-2.6462e+06 -6.35757e+06 -2.88167e+07
-2.63919e+06 -6.36058e+06 -2.88167e+07
-2.63218e+06 -6.36358e+06 -2.88167e+07
-2.62517e+06 -6.36657e+06 -2.88167e+07
-2.61815e+06 -6.36955e+06 -2.88167e+07
-2.61113e+06 -6.37252e+06 -2.88167e+07
-2.60411e+06 -6.37549e+06 -2.88167e+07
-2.59708e+06 -6.37845e+06 -2.88167e+07
-2.59005e+06 -6.3814e+06 -2.88167e+07
-2.58302e+06 -6.38434e+06 -2.88167e+07
-2.57598e+06 -6.38728e+06 -2.88167e+07
-2.56895e+06 -6.39021e+06 -2.88167e+07
-2.5619e+06 -6.39313e+06 -2.88167e+07
-2.55486e+06 -6.39604e+06 -2.88167e+07
-2.54781e+06 -6.39894e+06 -2.88167e+07
-2.54076e+06 -6.40184e+06 -2.88167e+07
-2.53371e+06 -6.40473e+06 -2.88167e+07
-2.52665e+06 -6.40761e+06 -2.88167e+07
-2.51959e+06 -6.41048e+06 -2.88167e+07
-2.51253e+06 -6.41335e+06 -2.88167e+07
-2.50546e+06 -6.41621e+06 -2.88167e+07
-2.49839e+06 -6.41906e+06 -2.88167e+07
-2.49132e+06 -6.4219e+06 -2.88167e+07
-2.48424e+06 -6.42473e+06 -2.88167e+07
-2.47716e+06 -6.42756e+06 -2.88167e+07
-2.47008e+06 -6.43038e+06 -2.88167e+07
-2.463e+06 -6.43319e+06 -2.88167e+07
-2.45591e+06 -6.43599e+06 -2.88167e+07
-2.44882e+06 -6.43879e+06 -2.88167e+07
-2.44172e+06 -6.44157e+06 -2.88167e+07
-2.43463e+06 -6.44435e+06 -2.88167e+07
-2.42753e+06 -6.44712e+06 -2.88167e+07
-2.42042e+06 -6.44989e+06 -2.88167e+07
-2.41332e+06 -6.45264e+06 -2.88167e+07
-2.40621e+06 -6.45539e+06 -2.88167e+07
-2.3991e+06 -6.45813e+06 -2.88167e+07
-2.39198e+06 -6.46086e+06 -2.88167e+07
-2.38487e+06 -6.46359e+06 -2.88167e+07
-2.37775e+06 -6.4663e+06 -2.88167e+07
-2.37062e+06 -6.46901e+06 -2.88167e+07
-2.3635e+06 -6.47171e+06 -2.88167e+07
-2.35637e+06 -6.47441e+06 -2.88167e+07
-2.34924e+06 -6.47709e+06 -2.88167e+07
-2.3421e+06 -6.47977e+06 -2.88167e+07
-2.33497e+06 -6.48244e+06 -2.88167e+07
-2.32783e+06 -6.4851e+06 -2.88167e+07
-2.32068e+06 -6.48775e+06 -2.88167e+07
-2.31354e+06 -6.4904e+06 -2.88167e+07
-2.30639e+06 -6.49303e+06 -2.88167e+07
-2.29924e+06 -6.49566e+06 -2.88167e+07
-2.29208e+06 -6.49828e+06 -2.88167e+07
-2.28492e+06 -6.5009e+06 -2.88167e+07
-2.27776e+06 -6.5035e+06 -2.88167e+07
-2.2706e+06 -6.5061e+06 -2.88167e+07
-2.26344e+06 -6.50869e+06 -2.88167e+07
-2.25627e+06 -6.51127e+06 -2.88167e+07
-2.2491e+06 -6.51385e+06 -2.88167e+07
-2.24192e+06 -6.51641e+06 -2.88167e+07
-2.23475e+06 -6.51897e+06 -2.88167e+07
-2.22757e+06 -6.52152e+06 -2.88167e+07
-2.22039e+06 -6.52406e+06 -2.88167e+07
-2.2132e+06 -6.5266e+06 -2.88167e+07
-2.20601e+06 -6.52913e+06 -2.88167e+07
-2.19882e+06 -6.53164e+06 -2.88167e+07
-2.19163e+06 -6.53415e+06 -2.88167e+07
-2.18444e+06 -6.53666e+06 -2.88167e+07
-2.17724e+06 -6.53915e+06 -2.88167e+07
-2.17004e+06 -6.54164e+06 -2.88167e+07
-2.16283e+06 -6.54412e+06 -2.88167e+07
-2.15563e+06 -6.54659e+06 -2.88167e+07
-2.14842e+06 -6.54905e+06 -2.88167e+07
-2.14121e+06 -6.5515e+06 -2.88167e+07
-2.13399e+06 -6.55395e+06 -2.88167e+07
-2.12678e+06 -6.55639e+06 -2.88167e+07
-2.11956e+06 -6.55882e+06 -2.88167e+07
-2.11234e+06 -6.56124e+06 -2.88167e+07
-2.10511e+06 -6.56366e+06 -2.88167e+07
-2.09789e+06 -6.56607e+06 -2.88167e+07
-2.09066e+06 -6.56846e+06 -2.88167e+07
-2.08343e+06 -6.57085e+06 -2.88167e+07
-2.07619e+06 -6.57324e+06 -2.88167e+07
-2.06895e+06 -6.57561e+06 -2.88167e+07
-2.06172e+06 -6.57798e+06 -2.88167e+07
-2.05447e+06 -6.58034e+06 -2.88167e+07
-2.04723e+06 -6.58269e+06 -2.88167e+07
-2.03998e+06 -6.58503e+06 -2.88167e+07
-2.03273e+06 -6.58737e+06 -2.88167e+07
-2.02548e+06 -6.58969e+06 -2.88167e+07
-2.01823e+06 -6.59201e+06 -2.88167e+07
-2.01097e+06 -6.59432e+06 -2.88167e+07
-2.00371e+06 -6.59663e+06 -2.88167e+07
-1.99645e+06 -6.59892e+06 -2.88167e+07
-1.98919e+06 -6.60121e+06 -2.88167e+07
-1.98192e+06 -6.60349e+06 -2.88167e+07
-1.97465e+06 -6.60576e+06 -2.88167e+07
-1.96738e+06 -6.60802e+06 -2.88167e+07
-1.96011e+06 -6.61027e+06 -2.88167e+07
-1.95283e+06 -6.61252e+06 -2.88167e+07
-1.94555e+06 -6.61476e+06 -2.88167e+07
-1.93827e+06 -6.61699e+06 -2.88167e+07
-1.93099e+06 -6.61921e+06 -2.88167e+07
-1.9237e+06 -6.62143e+06 -2.88167e+07
-1.91641e+06 -6.62363e+06 -2.88167e+07
-1.90912e+06 -6.62583e+06 -2.88167e+07
-1.90183e+06 -6.62802e+06 -2.88167e+07
-1.89454e+06 -6.6302e+06 -2.88167e+07
-1.88724e+06 -6.63238e+06 -2.88167e+07
-1.87994e+06 -6.63454e+06 -2.88167e+07
-1.87264e+06 -6.6367e+06 -2.88167e+07
-1.86533e+06 -6.63885e+06 -2.88167e+07
-1.85803e+06 -6.64099e+06 -2.88167e+07
-1.85072e+06 -6.64313e+06 -2.88167e+07
-1.84341e+06 -6.64525e+06 -2.88167e+07
-1.8361e+06 -6.64737e+06 -2.88167e+07
-1.82878e+06 -6.64948e+06 -2.88167e+07
-1.82146e+06 -6.65158e+06 -2.88167e+07
-1.81414e+06 -6.65367e+06 -2.88167e+07
-1.80682e+06 -6.65576e+06 -2.88167e+07
-1.7995e+06 -6.65784e+06 -2.88167e+07
-1.79217e+06 -6.65991e+06 -2.88167e+07
-1.78484e+06 -6.66197e+06 -2.88167e+07
-1.77751e+06 -6.66402e+06 -2.88167e+07
-1.77018e+06 -6.66606e+06 -2.88167e+07
-1.76284e+06 -6.6681e+06 -2.88167e+07
-1.75551e+06 -6.67013e+06 -2.88167e+07
-1.74817e+06 -6.67215e+06 -2.88167e+07
-1.74083e+06 -6.67416e+06 -2.88167e+07
-1.73348e+06 -6.67617e+06 -2.88167e+07
-1.72614e+06 -6.67816e+06 -2.88167e+07
-1.71879e+06 -6.68015e+06 -2.88167e+07
-1.71144e+06 -6.68213e+06 -2.88167e+07
-1.70409e+06 -6.6841e+06 -2.88167e+07
-1.69674e+06 -6.68607e+06 -2.88167e+07
-1.68938e+06 -6.68802e+06 -2.88167e+07
-1.68202e+06 -6.68997e+06 -2.88167e+07
-1.67466e+06 -6.69191e+06 -2.88167e+07
-1.6673e+06 -6.69384e+06 -2.88167e+07
-1.65994e+06 -6.69576e+06 -2.88167e+07
-1.65257e+06 -6.69768e+06 -2.88167e+07
-1.6452e+06 -6.69958e+06 -2.88167e+07
-1.63783e+06 -6.70148e+06 -2.88167e+07
-1.63046e+06 -6.70337e+06 -2.88167e+07
-1.62309e+06 -6.70526e+06 -2.88167e+07
-1.61571e+06 -6.70713e+06 -2.88167e+07
-1.60833e+06 -6.709e+06 -2.88167e+07
-1.60095e+06 -6.71085e+06 -2.88167e+07
-1.59357e+06 -6.7127e+06 -2.88167e+07
-1.58619e+06 -6.71455e+06 -2.88167e+07
-1.5788e+06 -6.71638e+06 -2.88167e+07
-1.57141e+06 -6.71821e+06 -2.88167e+07
-1.56402e+06 -6.72002e+06 -2.88167e+07
-1.55663e+06 -6.72183e+06 -2.88167e+07
-1.54924e+06 -6.72363e+06 -2.88167e+07
-1.54184e+06 -6.72543e+06 -2.88167e+07
-1.53445e+06 -6.72721e+06 -2.88167e+07
-1.52705e+06 -6.72899e+06 -2.88167e+07
-1.51965e+06 -6.73075e+06 -2.88167e+07
-1.51224e+06 -6.73251e+06 -2.88167e+07
-1.50484e+06 -6.73427e+06 -2.88167e+07
-1.49743e+06 -6.73601e+06 -2.88167e+07
-1.49003e+06 -6.73775e+06 -2.88167e+07
-1.48262e+06 -6.73947e+06 -2.88167e+07
-1.4752e+06 -6.74119e+06 -2.88167e+07
-1.46779e+06 -6.7429e+06 -2.88167e+07
-1.46038e+06 -6.74461e+06 -2.88167e+07
-1.45296e+06 -6.7463e+06 -2.88167e+07
-1.44554e+06 -6.74799e+06 -2.88167e+07
-1.43812e+06 -6.74967e+06 -2.88167e+07
-1.4307e+06 -6.75134e+06 -2.88167e+07
-1.42327e+06 -6.753e+06 -2.88167e+07
-1.41585e+06 -6.75465e+06 -2.88167e+07
-1.40842e+06 -6.7563e+06 -2.88167e+07
-1.40099e+06 -6.75794e+06 -2.88167e+07
-1.39356e+06 -6.75957e+06 -2.88167e+07
-1.38613e+06 -6.76119e+06 -2.88167e+07
-1.37869e+06 -6.7628e+06 -2.88167e+07
-1.37126e+06 -6.7644e+06 -2.88167e+07
-1.36382e+06 -6.766e+06 -2.88167e+07
-1.35638e+06 -6.76759e+06 -2.88167e+07
-1.34894e+06 -6.76917e+06 -2.88167e+07
-1.3415e+06 -6.77074e+06 -2.88167e+07
-1.33405e+06 -6.7723e+06 -2.88167e+07
-1.32661e+06 -6.77386e+06 -2.88167e+07
-1.31916e+06 -6.77541e+06 -2.88167e+07
-1.31171e+06 -6.77695e+06 -2.88167e+07
-1.30426e+06 -6.77848e+06 -2.88167e+07
-1.29681e+06 -6.78e+06 -2.88167e+07
-1.28935e+06 -6.78151e+06 -2.88167e+07
-1.2819e+06 -6.78302e+06 -2.88167e+07
-1.27444e+06 -6.78452e+06 -2.88167e+07
-1.26698e+06 -6.78601e+06 -2.88167e+07
-1.25952e+06 -6.78749e+06 -2.88167e+07
-1.25206e+06 -6.78896e+06 -2.88167e+07
-1.2446e+06 -6.79043e+06 -2.88167e+07
-1.23713e+06 -6.79188e+06 -2.88167e+07
-1.22967e+06 -6.79333e+06 -2.88167e+07
-1.2222e+06 -6.79477e+06 -2.88167e+07
-1.21473e+06 -6.7962e+06 -2.88167e+07
-1.20726e+06 -6.79763e+06 -2.88167e+07
-1.19979e+06 -6.79904e+06 -2.88167e+07
-1.19232e+06 -6.80045e+06 -2.88167e+07
-1.18484e+06 -6.80185e+06 -2.88167e+07
-1.17737e+06 -6.80324e+06 -2.88167e+07
-1.16989e+06 -6.80462e+06 -2.88167e+07
-1.16241e+06 -6.806e+06 -2.88167e+07
-1.15493e+06 -6.80737e+06 -2.88167e+07
-1.14745e+06 -6.80872e+06 -2.88167e+07
-1.13996e+06 -6.81007e+06 -2.88167e+07
-1.13248e+06 -6.81141e+06 -2.88167e+07
-1.12499e+06 -6.81275e+06 -2.88167e+07
-1.11751e+06 -6.81407e+06 -2.88167e+07
-1.11002e+06 -6.81539e+06 -2.88167e+07
-1.10253e+06 -6.8167e+06 -2.88167e+07
-1.09504e+06 -6.818e+06 -2.88167e+07
-1.08754e+06 -6.81929e+06 -2.88167e+07
-1.08005e+06 -6.82057e+06 -2.88167e+07
-1.07255e+06 -6.82185e+06 -2.88167e+07
-1.06506e+06 -6.82312e+06 -2.88167e+07
-1.05756e+06 -6.82438e+06 -2.88167e+07
-1.05006e+06 -6.82563e+06 -2.88167e+07
-1.04256e+06 -6.82687e+06 -2.88167e+07
-1.03506e+06 -6.8281e+06 -2.88167e+07
-1.02755e+06 -6.82933e+06 -2.88167e+07
-1.02005e+06 -6.83055e+06 -2.88167e+07
-1.01254e+06 -6.83176e+06 -2.88167e+07
-1.00504e+06 -6.83296e+06 -2.88167e+07
-997530 -6.83415e+06 -2.88167e+07
-990021 -6.83533e+06 -2.88167e+07
-982510 -6.83651e+06 -2.88167e+07
-974999 -6.83768e+06 -2.88167e+07
-967486 -6.83884e+06 -2.88167e+07
-959972 -6.83999e+06 -2.88167e+07
-952457 -6.84113e+06 -2.88167e+07
-944941 -6.84227e+06 -2.88167e+07
-937424 -6.84339e+06 -2.88167e+07
-929906 -6.84451e+06 -2.88167e+07
-922386 -6.84562e+06 -2.88167e+07
-914865 -6.84673e+06 -2.88167e+07
-907344 -6.84782e+06 -2.88167e+07
-899821 -6.8489e+06 -2.88167e+07
-892297 -6.84998e+06 -2.88167e+07
-884772 -6.85105e+06 -2.88167e+07
-877246 -6.85211e+06 -2.88167e+07
-869718 -6.85316e+06 -2.88167e+07
-862190 -6.85421e+06 -2.88167e+07
-854661 -6.85524e+06 -2.88167e+07
-847131 -6.85627e+06 -2.88167e+07
-839599 -6.85729e+06 -2.88167e+07
-832067 -6.8583e+06 -2.88167e+07
-824534 -6.8593e+06 -2.88167e+07
-816999 -6.8603e+06 -2.88167e+07
-809464 -6.86128e+06 -2.88167e+07
-801928 -6.86226e+06 -2.88167e+07
-794390 -6.86323e+06 -2.88167e+07
-786852 -6.86419e+06 -2.88167e+07
-779313 -6.86514e+06 -2.88167e+07
-771773 -6.86609e+06 -2.88167e+07
-764232 -6.86702e+06 -2.88167e+07
-756690 -6.86795e+06 -2.88167e+07
-749147 -6.86887e+06 -2.88167e+07
-741603 -6.86978e+06 -2.88167e+07
-734058 -6.87068e+06 -2.88167e+07
-726513 -6.87158e+06 -2.88167e+07
-718966 -6.87246e+06 -2.88167e+07
-711419 -6.87334e+06 -2.88167e+07
-703871 -6.87421e+06 -2.88167e+07
-696322 -6.87507e+06 -2.88167e+07
-688772 -6.87593e+06 -2.88167e+07
-681221 -6.87677e+06 -2.88167e+07
-673670 -6.87761e+06 -2.88167e+07
-666117 -6.87844e+06 -2.88167e+07
-658564 -6.87926e+06 -2.88167e+07
-651010 -6.88007e+06 -2.88167e+07
-643455 -6.88087e+06 -2.88167e+07
-635900 -6.88167e+06 -2.88167e+07
-628344 -6.88245e+06 -2.88167e+07
-620787 -6.88323e+06 -2.88167e+07
-613229 -6.884e+06 -2.88167e+07
-605670 -6.88476e+06 -2.88167e+07
-598111 -6.88552e+06 -2.88167e+07
-590551 -6.88626e+06 -2.88167e+07
-582990 -6.887e+06 -2.88167e+07
-575429 -6.88773e+06 -2.88167e+07
-567867 -6.88845e+06 -2.88167e+07
-560304 -6.88916e+06 -2.88167e+07
-552741 -6.88986e+06 -2.88167e+07
-545177 -6.89056e+06 -2.88167e+07
-537612 -6.89124e+06 -2.88167e+07
-530046 -6.89192e+06 -2.88167e+07
-522480 -6.89259e+06 -2.88167e+07
-514914 -6.89325e+06 -2.88167e+07
-507346 -6.89391e+06 -2.88167e+07
-499778 -6.89455e+06 -2.88167e+07
-492210 -6.89519e+06 -2.88167e+07
-484641 -6.89582e+06 -2.88167e+07
-477071 -6.89644e+06 -2.88167e+07
-469501 -6.89705e+06 -2.88167e+07
-461930 -6.89765e+06 -2.88167e+07
-454358 -6.89825e+06 -2.88167e+07
-446786 -6.89884e+06 -2.88167e+07
-439214 -6.89941e+06 -2.88167e+07
-431641 -6.89998e+06 -2.88167e+07
-424067 -6.90055e+06 -2.88167e+07
-416493 -6.9011e+06 -2.88167e+07
-408919 -6.90165e+06 -2.88167e+07
-401344 -6.90218e+06 -2.88167e+07
-393768 -6.90271e+06 -2.88167e+07
-386192 -6.90323e+06 -2.88167e+07
-378616 -6.90374e+06 -2.88167e+07
-371039 -6.90425e+06 -2.88167e+07
-363461 -6.90474e+06 -2.88167e+07
-355883 -6.90523e+06 -2.88167e+07
-348305 -6.90571e+06 -2.88167e+07
-340726 -6.90618e+06 -2.88167e+07
-333147 -6.90664e+06 -2.88167e+07
-325568 -6.9071e+06 -2.88167e+07
-317988 -6.90754e+06 -2.88167e+07
-310408 -6.90798e+06 -2.88167e+07
-302827 -6.90841e+06 -2.88167e+07
-295246 -6.90883e+06 -2.88167e+07
-287665 -6.90924e+06 -2.88167e+07
-280083 -6.90964e+06 -2.88167e+07
-272501 -6.91004e+06 -2.88167e+07
-264919 -6.91043e+06 -2.88167e+07
-257336 -6.91081e+06 -2.88167e+07
-249753 -6.91118e+06 -2.88167e+07
-242170 -6.91154e+06 -2.88167e+07
-234586 -6.91189e+06 -2.88167e+07
-227002 -6.91224e+06 -2.88167e+07
-219418 -6.91257e+06 -2.88167e+07
-211834 -6.9129e+06 -2.88167e+07
-204249 -6.91322e+06 -2.88167e+07
-196664 -6.91354e+06 -2.88167e+07
-189079 -6.91384e+06 -2.88167e+07
-181493 -6.91414e+06 -2.88167e+07
-173908 -6.91442e+06 -2.88167e+07
-166322 -6.9147e+06 -2.88167e+07
-158736 -6.91497e+06 -2.88167e+07
-151150 -6.91523e+06 -2.88167e+07
-143563 -6.91549e+06 -2.88167e+07
-135977 -6.91573e+06 -2.88167e+07
-128390 -6.91597e+06 -2.88167e+07
-120803 -6.9162e+06 -2.88167e+07
-113216 -6.91642e+06 -2.88167e+07
-105629 -6.91663e+06 -2.88167e+07
-98041.8 -6.91684e+06 -2.88167e+07
-90454.4 -6.91703e+06 -2.88167e+07
-82866.9 -6.91722e+06 -2.88167e+07
-75279.3 -6.9174e+06 -2.88167e+07
-67691.6 -6.91757e+06 -2.88167e+07
-60103.8 -6.91773e+06 -2.88167e+07
-52515.9 -6.91789e+06 -2.88167e+07
-44928 -6.91803e+06 -2.88167e+07
-37340 -6.91817e+06 -2.88167e+07
-29752 -6.9183e+06 -2.88167e+07
-22164 -6.91842e+06 -2.88167e+07
-14575.9 -6.91853e+06 -2.88167e+07
-6987.8 -6.91863e+06 -2.88167e+07
600.309 -6.91873e+06 -2.88167e+07
8188.41 -6.91882e+06 -2.88167e+07
15776.5 -6.9189e+06 -2.88167e+07
23364.6 -6.91897e+06 -2.88167e+07
30952.6 -6.91903e+06 -2.88167e+07
38540.6 -6.91908e+06 -2.88167e+07
46128.6 -6.91913e+06 -2.88167e+07
53716.5 -6.91917e+06 -2.88167e+07
61304.4 -6.9192e+06 -2.88167e+07
68892.1 -6.91922e+06 -2.88167e+07
76479.8 -6.91923e+06 -2.88167e+07
84067.4 -6.91923e+06 -2.88167e+07
91654.9 -6.91923e+06 -2.88167e+07
99242.3 -6.91922e+06 -2.88167e+07
106830 -6.9192e+06 -2.88167e+07
114417 -6.91917e+06 -2.88167e+07
122004 -6.91913e+06 -2.88167e+07
129591 -6.91908e+06 -2.88167e+07
137177 -6.91903e+06 -2.88167e+07
144764 -6.91897e+06 -2.88167e+07
152350 -6.9189e+06 -2.88167e+07
159936 -6.91882e+06 -2.88167e+07
167522 -6.91873e+06 -2.88167e+07
175108 -6.91863e+06 -2.88167e+07
182694 -6.91853e+06 -2.88167e+07
190279 -6.91842e+06 -2.88167e+07
197864 -6.9183e+06 -2.88167e+07
205449 -6.91817e+06 -2.88167e+07
213034 -6.91803e+06 -2.88167e+07
220618 -6.91788e+06 -2.88167e+07
228202 -6.91773e+06 -2.88167e+07
235786 -6.91757e+06 -2.88167e+07
243370 -6.9174e+06 -2.88167e+07
250953 -6.91722e+06 -2.88167e+07
258536 -6.91703e+06 -2.88167e+07
266118 -6.91684e+06 -2.88167e+07
273701 -6.91663e+06 -2.88167e+07
281283 -6.91642e+06 -2.88167e+07
288864 -6.9162e+06 -2.88167e+07
296446 -6.91597e+06 -2.88167e+07
304027 -6.91573e+06 -2.88167e+07
311607 -6.91549e+06 -2.88167e+07
319188 -6.91523e+06 -2.88167e+07
326767 -6.91497e+06 -2.88167e+07
334347 -6.9147e+06 -2.88167e+07
341926 -6.91442e+06 -2.88167e+07
349504 -6.91414e+06 -2.88167e+07
357083 -6.91384e+06 -2.88167e+07
364660 -6.91354e+06 -2.88167e+07
372238 -6.91323e+06 -2.88167e+07
379815 -6.9129e+06 -2.88167e+07
387391 -6.91258e+06 -2.88167e+07
394967 -6.91224e+06 -2.88167e+07
402543 -6.91189e+06 -2.88167e+07
410118 -6.91154e+06 -2.88167e+07
417692 -6.91118e+06 -2.88167e+07
425266 -6.91081e+06 -2.88167e+07
432840 -6.91043e+06 -2.88167e+07
440413 -6.91004e+06 -2.88167e+07
447985 -6.90965e+06 -2.88167e+07
455557 -6.90925e+06 -2.88167e+07
463129 -6.90883e+06 -2.88167e+07
470699 -6.90842e+06 -2.88167e+07
478270 -6.90799e+06 -2.88167e+07
485839 -6.90755e+06 -2.88167e+07
493408 -6.90711e+06 -2.88167e+07
500977 -6.90665e+06 -2.88167e+07
508545 -6.90619e+06 -2.88167e+07
516112 -6.90572e+06 -2.88167e+07
523679 -6.90524e+06 -2.88167e+07
531245 -6.90476e+06 -2.88167e+07
538810 -6.90426e+06 -2.88167e+07
546375 -6.90376e+06 -2.88167e+07
553939 -6.90325e+06 -2.88167e+07
561503 -6.90273e+06 -2.88167e+07
569065 -6.9022e+06 -2.88167e+07
576627 -6.90167e+06 -2.88167e+07
584189 -6.90112e+06 -2.88167e+07
591750 -6.90057e+06 -2.88167e+07
599310 -6.90001e+06 -2.88167e+07
606869 -6.89944e+06 -2.88167e+07
614427 -6.89886e+06 -2.88167e+07
621985 -6.89828e+06 -2.88167e+07
629542 -6.89769e+06 -2.88167e+07
637099 -6.89708e+06 -2.88167e+07
644654 -6.89647e+06 -2.88167e+07
652209 -6.89585e+06 -2.88167e+07
659763 -6.89523e+06 -2.88167e+07
667316 -6.89459e+06 -2.88167e+07
674868 -6.89395e+06 -2.88167e+07
682420 -6.8933e+06 -2.88167e+07
689971 -6.89264e+06 -2.88167e+07
697521 -6.89197e+06 -2.88167e+07
705070 -6.89129e+06 -2.88167e+07
712618 -6.89061e+06 -2.88167e+07
720165 -6.88992e+06 -2.88167e+07
727712 -6.88921e+06 -2.88167e+07
735258 -6.8885e+06 -2.88167e+07
742802 -6.88779e+06 -2.88167e+07
750346 -6.88706e+06 -2.88167e+07
757889 -6.88633e+06 -2.88167e+07
765431 -6.88558e+06 -2.88167e+07
772973 -6.88483e+06 -2.88167e+07
780513 -6.88407e+06 -2.88167e+07
788052 -6.88331e+06 -2.88167e+07
795590 -6.88253e+06 -2.88167e+07
803128 -6.88175e+06 -2.88167e+07
810664 -6.88096e+06 -2.88167e+07
818200 -6.88016e+06 -2.88167e+07
825734 -6.87935e+06 -2.88167e+07
833268 -6.87853e+06 -2.88167e+07
840800 -6.87771e+06 -2.88167e+07
848332 -6.87687e+06 -2.88167e+07
855862 -6.87603e+06 -2.88167e+07
863392 -6.87518e+06 -2.88167e+07
870920 -6.87432e+06 -2.88167e+07
878448 -6.87346e+06 -2.88167e+07
885974 -6.87258e+06 -2.88167e+07
893499 -6.8717e+06 -2.88167e+07
901023 -6.87081e+06 -2.88167e+07
908546 -6.86991e+06 -2.88167e+07
916068 -6.869e+06 -2.88167e+07
923589 -6.86809e+06 -2.88167e+07
931109 -6.86716e+06 -2.88167e+07
938628 -6.86623e+06 -2.88167e+07
946145 -6.86529e+06 -2.88167e+07
953662 -6.86434e+06 -2.88167e+07
961177 -6.86339e+06 -2.88167e+07
968691 -6.86242e+06 -2.88167e+07
976204 -6.86145e+06 -2.88167e+07
983716 -6.86047e+06 -2.88167e+07
991227 -6.85948e+06 -2.88167e+07
998736 -6.85848e+06 -2.88167e+07
1.00624e+06 -6.85747e+06 -2.88167e+07
1.01375e+06 -6.85646e+06 -2.88167e+07
1.02126e+06 -6.85544e+06 -2.88167e+07
1.02876e+06 -6.85441e+06 -2.88167e+07
1.03627e+06 -6.85337e+06 -2.88167e+07
1.04377e+06 -6.85232e+06 -2.88167e+07
1.05127e+06 -6.85126e+06 -2.88167e+07
1.05877e+06 -6.8502e+06 -2.88167e+07
1.06627e+06 -6.84913e+06 -2.88167e+07
1.07376e+06 -6.84805e+06 -2.88167e+07
1.08126e+06 -6.84696e+06 -2.88167e+07
1.08875e+06 -6.84587e+06 -2.88167e+07
1.09625e+06 -6.84476e+06 -2.88167e+07
1.10374e+06 -6.84365e+06 -2.88167e+07
1.11123e+06 -6.84253e+06 -2.88167e+07
1.11872e+06 -6.8414e+06 -2.88167e+07
1.12621e+06 -6.84026e+06 -2.88167e+07
1.13369e+06 -6.83912e+06 -2.88167e+07
1.14118e+06 -6.83796e+06 -2.88167e+07
1.14866e+06 -6.8368e+06 -2.88167e+07
1.15615e+06 -6.83563e+06 -2.88167e+07
1.16363e+06 -6.83445e+06 -2.88167e+07
1.17111e+06 -6.83327e+06 -2.88167e+07
1.17858e+06 -6.83207e+06 -2.88167e+07
1.18606e+06 -6.83087e+06 -2.88167e+07
1.19354e+06 -6.82966e+06 -2.88167e+07
1.20101e+06 -6.82844e+06 -2.88167e+07
1.20848e+06 -6.82721e+06 -2.88167e+07
1.21595e+06 -6.82598e+06 -2.88167e+07
1.22342e+06 -6.82474e+06 -2.88167e+07
1.23089e+06 -6.82348e+06 -2.88167e+07
1.23836e+06 -6.82222e+06 -2.88167e+07
1.24582e+06 -6.82096e+06 -2.88167e+07
1.25329e+06 -6.81968e+06 -2.88167e+07
1.26075e+06 -6.8184e+06 -2.88167e+07
1.26821e+06 -6.8171e+06 -2.88167e+07
1.27567e+06 -6.8158e+06 -2.88167e+07
1.28313e+06 -6.81449e+06 -2.88167e+07
1.29058e+06 -6.81318e+06 -2.88167e+07
1.29804e+06 -6.81185e+06 -2.88167e+07
1.30549e+06 -6.81052e+06 -2.88167e+07
1.31294e+06 -6.80918e+06 -2.88167e+07
1.32039e+06 -6.80783e+06 -2.88167e+07
1.32784e+06 -6.80647e+06 -2.88167e+07
1.33529e+06 -6.80511e+06 -2.88167e+07
1.34273e+06 -6.80373e+06 -2.88167e+07
1.35018e+06 -6.80235e+06 -2.88167e+07
1.35762e+06 -6.80096e+06 -2.88167e+07
1.36506e+06 -6.79956e+06 -2.88167e+07
1.3725e+06 -6.79816e+06 -2.88167e+07
1.37994e+06 -6.79674e+06 -2.88167e+07
1.38737e+06 -6.79532e+06 -2.88167e+07
1.39481e+06 -6.79389e+06 -2.88167e+07
1.40224e+06 -6.79245e+06 -2.88167e+07
1.40967e+06 -6.791e+06 -2.88167e+07
1.4171e+06 -6.78955e+06 -2.88167e+07
1.42452e+06 -6.78808e+06 -2.88167e+07
1.43195e+06 -6.78661e+06 -2.88167e+07
1.43937e+06 -6.78513e+06 -2.88167e+07
1.4468e+06 -6.78365e+06 -2.88167e+07
1.45422e+06 -6.78215e+06 -2.88167e+07
1.46163e+06 -6.78065e+06 -2.88167e+07
1.46905e+06 -6.77914e+06 -2.88167e+07
1.47647e+06 -6.77762e+06 -2.88167e+07
1.48388e+06 -6.77609e+06 -2.88167e+07
1.49129e+06 -6.77455e+06 -2.88167e+07
1.4987e+06 -6.77301e+06 -2.88167e+07
1.50611e+06 -6.77146e+06 -2.88167e+07
1.51351e+06 -6.7699e+06 -2.88167e+07
1.52092e+06 -6.76833e+06 -2.88167e+07
1.52832e+06 -6.76675e+06 -2.88167e+07
1.53572e+06 -6.76517e+06 -2.88167e+07
1.54312e+06 -6.76357e+06 -2.88167e+07
1.55052e+06 -6.76197e+06 -2.88167e+07
1.55791e+06 -6.76037e+06 -2.88167e+07
1.56531e+06 -6.75875e+06 -2.88167e+07
1.5727e+06 -6.75712e+06 -2.88167e+07
1.58009e+06 -6.75549e+06 -2.88167e+07
1.58747e+06 -6.75385e+06 -2.88167e+07
1.59486e+06 -6.7522e+06 -2.88167e+07
1.60224e+06 -6.75054e+06 -2.88167e+07
1.60963e+06 -6.74888e+06 -2.88167e+07
1.61701e+06 -6.74721e+06 -2.88167e+07
1.62438e+06 -6.74552e+06 -2.88167e+07
1.63176e+06 -6.74383e+06 -2.88167e+07
1.63913e+06 -6.74214e+06 -2.88167e+07
1.64651e+06 -6.74043e+06 -2.88167e+07
1.65388e+06 -6.73872e+06 -2.88167e+07
1.66125e+06 -6.737e+06 -2.88167e+07
1.66861e+06 -6.73527e+06 -2.88167e+07
1.67598e+06 -6.73353e+06 -2.88167e+07
1.68334e+06 -6.73178e+06 -2.88167e+07
1.6907e+06 -6.73003e+06 -2.88167e+07
1.69806e+06 -6.72827e+06 -2.88167e+07
1.70541e+06 -6.7265e+06 -2.88167e+07
1.71277e+06 -6.72472e+06 -2.88167e+07
1.72012e+06 -6.72294e+06 -2.88167e+07
1.72747e+06 -6.72114e+06 -2.88167e+07
1.73482e+06 -6.71934e+06 -2.88167e+07
1.74216e+06 -6.71753e+06 -2.88167e+07
1.74951e+06 -6.71571e+06 -2.88167e+07
1.75685e+06 -6.71389e+06 -2.88167e+07
1.76419e+06 -6.71205e+06 -2.88167e+07
1.77153e+06 -6.71021e+06 -2.88167e+07
1.77886e+06 -6.70836e+06 -2.88167e+07
1.7862e+06 -6.7065e+06 -2.88167e+07
1.79353e+06 -6.70464e+06 -2.88167e+07
1.80086e+06 -6.70276e+06 -2.88167e+07
1.80818e+06 -6.70088e+06 -2.88167e+07
1.81551e+06 -6.69899e+06 -2.88167e+07
1.82283e+06 -6.69709e+06 -2.88167e+07
1.83015e+06 -6.69519e+06 -2.88167e+07
1.83747e+06 -6.69328e+06 -2.88167e+07
1.84479e+06 -6.69135e+06 -2.88167e+07
1.8521e+06 -6.68942e+06 -2.88167e+07
1.85941e+06 -6.68749e+06 -2.88167e+07
1.86672e+06 -6.68554e+06 -2.88167e+07
1.87403e+06 -6.68359e+06 -2.88167e+07
1.88133e+06 -6.68163e+06 -2.88167e+07
1.88864e+06 -6.67966e+06 -2.88167e+07
1.89594e+06 -6.67768e+06 -2.88167e+07
1.90324e+06 -6.67569e+06 -2.88167e+07
1.91053e+06 -6.6737e+06 -2.88167e+07
1.91782e+06 -6.6717e+06 -2.88167e+07
1.92512e+06 -6.66969e+06 -2.88167e+07
1.93241e+06 -6.66767e+06 -2.88167e+07
1.93969e+06 -6.66565e+06 -2.88167e+07
1.94698e+06 -6.66361e+06 -2.88167e+07
1.95426e+06 -6.66157e+06 -2.88167e+07
1.96154e+06 -6.65952e+06 -2.88167e+07
1.96882e+06 -6.65747e+06 -2.88167e+07
1.97609e+06 -6.6554e+06 -2.88167e+07
1.98336e+06 -6.65333e+06 -2.88167e+07
1.99064e+06 -6.65125e+06 -2.88167e+07
1.9979e+06 -6.64916e+06 -2.88167e+07
2.00517e+06 -6.64706e+06 -2.88167e+07
2.01243e+06 -6.64496e+06 -2.88167e+07
2.01969e+06 -6.64285e+06 -2.88167e+07
2.02695e+06 -6.64073e+06 -2.88167e+07
2.03421e+06 -6.6386e+06 -2.88167e+07
2.04146e+06 -6.63646e+06 -2.88167e+07
2.04871e+06 -6.63432e+06 -2.88167e+07
2.05596e+06 -6.63217e+06 -2.88167e+07
2.06321e+06 -6.63001e+06 -2.88167e+07
2.07045e+06 -6.62784e+06 -2.88167e+07
2.07769e+06 -6.62566e+06 -2.88167e+07
2.08493e+06 -6.62348e+06 -2.88167e+07
2.09217e+06 -6.62129e+06 -2.88167e+07
2.0994e+06 -6.61909e+06 -2.88167e+07
2.10664e+06 -6.61688e+06 -2.88167e+07
2.11386e+06 -6.61467e+06 -2.88167e+07
2.12109e+06 -6.61244e+06 -2.88167e+07
2.12832e+06 -6.61021e+06 -2.88167e+07
2.13554e+06 -6.60797e+06 -2.88167e+07
2.14276e+06 -6.60573e+06 -2.88167e+07
2.14997e+06 -6.60347e+06 -2.88167e+07
2.15719e+06 -6.60121e+06 -2.88167e+07
2.1644e+06 -6.59894e+06 -2.88167e+07
2.17161e+06 -6.59666e+06 -2.88167e+07
2.17881e+06 -6.59438e+06 -2.88167e+07
2.18602e+06 -6.59208e+06 -2.88167e+07
2.19322e+06 -6.58978e+06 -2.88167e+07
2.20041e+06 -6.58747e+06 -2.88167e+07
2.20761e+06 -6.58516e+06 -2.88167e+07
2.2148e+06 -6.58283e+06 -2.88167e+07
2.22199e+06 -6.5805e+06 -2.88167e+07
2.22918e+06 -6.57816e+06 -2.88167e+07
2.23637e+06 -6.57581e+06 -2.88167e+07
2.24355e+06 -6.57345e+06 -2.88167e+07
2.25073e+06 -6.57109e+06 -2.88167e+07
2.25791e+06 -6.56872e+06 -2.88167e+07
2.26508e+06 -6.56634e+06 -2.88167e+07
2.27225e+06 -6.56395e+06 -2.88167e+07
2.27942e+06 -6.56155e+06 -2.88167e+07
2.28659e+06 -6.55915e+06 -2.88167e+07
2.29375e+06 -6.55674e+06 -2.88167e+07
2.30091e+06 -6.55432e+06 -2.88167e+07
2.30807e+06 -6.5519e+06 -2.88167e+07
2.31523e+06 -6.54946e+06 -2.88167e+07
2.32238e+06 -6.54702e+06 -2.88167e+07
2.32953e+06 -6.54457e+06 -2.88167e+07
2.33668e+06 -6.54211e+06 -2.88167e+07
2.34382e+06 -6.53965e+06 -2.88166e+07
2.35096e+06 -6.53717e+06 -2.88166e+07
2.3581e+06 -6.53469e+06 -2.88166e+07
2.36524e+06 -6.5322e+06 -2.88166e+07
2.37237e+06 -6.52971e+06 -2.88166e+07
2.3795e+06 -6.5272e+06 -2.88166e+07
2.38663e+06 -6.52469e+06 -2.88166e+07
2.39375e+06 -6.52217e+06 -2.88166e+07
2.40087e+06 -6.51964e+06 -2.88166e+07
2.40799e+06 -6.51711e+06 -2.88166e+07
2.41511e+06 -6.51456e+06 -2.88166e+07
2.42222e+06 -6.51201e+06 -2.88166e+07
2.42933e+06 -6.50946e+06 -2.88166e+07
2.43644e+06 -6.50689e+06 -2.88166e+07
2.44354e+06 -6.50432e+06 -2.88166e+07
2.45065e+06 -6.50173e+06 -2.88166e+07
2.45774e+06 -6.49914e+06 -2.88166e+07
2.46484e+06 -6.49655e+06 -2.88166e+07
2.47193e+06 -6.49394e+06 -2.88166e+07
2.47902e+06 -6.49133e+06 -2.88166e+07
2.48611e+06 -6.48871e+06 -2.88166e+07
2.49319e+06 -6.48608e+06 -2.88166e+07
2.50028e+06 -6.48345e+06 -2.88166e+07
2.50735e+06 -6.4808e+06 -2.88166e+07
2.51443e+06 -6.47815e+06 -2.88166e+07
2.5215e+06 -6.47549e+06 -2.88166e+07
2.52857e+06 -6.47283e+06 -2.88166e+07
2.53564e+06 -6.47015e+06 -2.88166e+07
2.5427e+06 -6.46747e+06 -2.88166e+07
2.54976e+06 -6.46478e+06 -2.88166e+07
2.55682e+06 -6.46208e+06 -2.88166e+07
2.56387e+06 -6.45938e+06 -2.88166e+07
2.57092e+06 -6.45666e+06 -2.88166e+07
2.57797e+06 -6.45394e+06 -2.88166e+07
2.58501e+06 -6.45122e+06 -2.88166e+07
2.59206e+06 -6.44848e+06 -2.88166e+07
2.5991e+06 -6.44574e+06 -2.88166e+07
2.60613e+06 -6.44299e+06 -2.88166e+07
2.61316e+06 -6.44023e+06 -2.88166e+07
2.62019e+06 -6.43746e+06 -2.88166e+07
2.62722e+06 -6.43469e+06 -2.88166e+07
2.63424e+06 -6.43191e+06 -2.88166e+07
2.64126e+06 -6.42912e+06 -2.88166e+07
2.64828e+06 -6.42632e+06 -2.88166e+07
2.65529e+06 -6.42352e+06 -2.88166e+07
2.6623e+06 -6.4207e+06 -2.88166e+07
2.66931e+06 -6.41789e+06 -2.88166e+07
2.67632e+06 -6.41506e+06 -2.88166e+07
2.68332e+06 -6.41222e+06 -2.88166e+07
2.69032e+06 -6.40938e+06 -2.88166e+07
2.69731e+06 -6.40653e+06 -2.88166e+07
2.7043e+06 -6.40367e+06 -2.88166e+07
2.71129e+06 -6.40081e+06 -2.88166e+07
2.71828e+06 -6.39793e+06 -2.88166e+07
2.72526e+06 -6.39505e+06 -2.88166e+07
2.73224e+06 -6.39217e+06 -2.88166e+07
2.73921e+06 -6.38927e+06 -2.88166e+07
2.74618e+06 -6.38637e+06 -2.88166e+07
2.75315e+06 -6.38346e+06 -2.88166e+07
2.76012e+06 -6.38054e+06 -2.88166e+07
2.76708e+06 -6.37761e+06 -2.88166e+07
2.77404e+06 -6.37468e+06 -2.88166e+07
2.781e+06 -6.37174e+06 -2.88166e+07
2.78795e+06 -6.36879e+06 -2.88166e+07
2.7949e+06 -6.36583e+06 -2.88166e+07
2.80184e+06 -6.36287e+06 -2.88166e+07
2.80879e+06 -6.3599e+06 -2.88166e+07
2.81573e+06 -6.35692e+06 -2.88166e+07
2.82266e+06 -6.35393e+06 -2.88166e+07
2.82959e+06 -6.35094e+06 -2.88166e+07
2.83652e+06 -6.34794e+06 -2.88166e+07
2.84345e+06 -6.34493e+06 -2.88166e+07
2.85037e+06 -6.34191e+06 -2.88166e+07
2.85729e+06 -6.33889e+06 -2.88166e+07
2.86421e+06 -6.33586e+06 -2.88166e+07
2.87112e+06 -6.33282e+06 -2.88166e+07
2.87803e+06 -6.32977e+06 -2.88166e+07
2.88493e+06 -6.32672e+06 -2.88166e+07
2.89184e+06 -6.32366e+06 -2.88166e+07
2.89873e+06 -6.32059e+06 -2.88166e+07
2.90563e+06 -6.31751e+06 -2.88166e+07
2.91252e+06 -6.31443e+06 -2.88166e+07
2.91941e+06 -6.31133e+06 -2.88166e+07
2.92629e+06 -6.30824e+06 -2.88166e+07
2.93318e+06 -6.30513e+06 -2.88166e+07
2.94005e+06 -6.30202e+06 -2.88166e+07
2.94693e+06 -6.29889e+06 -2.88166e+07
2.9538e+06 -6.29577e+06 -2.88166e+07
2.96067e+06 -6.29263e+06 -2.88166e+07
2.96753e+06 -6.28949e+06 -2.88166e+07
2.97439e+06 -6.28633e+06 -2.88166e+07
2.98125e+06 -6.28318e+06 -2.88166e+07
2.9881e+06 -6.28001e+06 -2.88166e+07
2.99495e+06 -6.27684e+06 -2.88166e+07
3.0018e+06 -6.27365e+06 -2.88166e+07
3.00864e+06 -6.27047e+06 -2.88166e+07
3.01548e+06 -6.26727e+06 -2.88166e+07
3.02232e+06 -6.26407e+06 -2.88166e+07
3.02915e+06 -6.26086e+06 -2.88166e+07
3.03598e+06 -6.25764e+06 -2.88166e+07
3.0428e+06 -6.25441e+06 -2.88166e+07
3.04962e+06 -6.25118e+06 -2.88166e+07
3.05644e+06 -6.24794e+06 -2.88166e+07
3.06325e+06 -6.24469e+06 -2.88166e+07
3.07006e+06 -6.24144e+06 -2.88166e+07
3.07687e+06 -6.23817e+06 -2.88166e+07
3.08367e+06 -6.2349e+06 -2.88166e+07
3.09047e+06 -6.23163e+06 -2.88166e+07
3.09727e+06 -6.22834e+06 -2.88166e+07
3.10406e+06 -6.22505e+06 -2.88166e+07
3.11085e+06 -6.22175e+06 -2.88166e+07
3.11763e+06 -6.21844e+06 -2.88166e+07
3.12442e+06 -6.21513e+06 -2.88166e+07
3.13119e+06 -6.21181e+06 -2.88166e+07
3.13797e+06 -6.20848e+06 -2.88166e+07
3.14474e+06 -6.20514e+06 -2.88166e+07
3.1515e+06 -6.2018e+06 -2.88166e+07
3.15826e+06 -6.19845e+06 -2.88166e+07
3.16502e+06 -6.19509e+06 -2.88166e+07
3.17178e+06 -6.19172e+06 -2.88166e+07
3.17853e+06 -6.18835e+06 -2.88166e+07
3.18528e+06 -6.18497e+06 -2.88166e+07
3.19202e+06 -6.18158e+06 -2.88166e+07
3.19876e+06 -6.17819e+06 -2.88166e+07
3.2055e+06 -6.17479e+06 -2.88166e+07
3.21223e+06 -6.17138e+06 -2.88166e+07
3.21896e+06 -6.16796e+06 -2.88166e+07
3.22568e+06 -6.16454e+06 -2.88166e+07
3.2324e+06 -6.1611e+06 -2.88166e+07
3.23912e+06 -6.15767e+06 -2.88166e+07
3.24583e+06 -6.15422e+06 -2.88166e+07
3.25254e+06 -6.15077e+06 -2.88166e+07
3.25925e+06 -6.14731e+06 -2.88166e+07
3.26595e+06 -6.14384e+06 -2.88166e+07
3.27265e+06 -6.14036e+06 -2.88166e+07
3.27934e+06 -6.13688e+06 -2.88166e+07
3.28603e+06 -6.13339e+06 -2.88166e+07
3.29272e+06 -6.12989e+06 -2.88166e+07
3.2994e+06 -6.12639e+06 -2.88166e+07
3.30608e+06 -6.12288e+06 -2.88166e+07
3.31275e+06 -6.11936e+06 -2.88166e+07
3.31942e+06 -6.11583e+06 -2.88166e+07
3.32609e+06 -6.1123e+06 -2.88166e+07
3.33275e+06 -6.10876e+06 -2.88166e+07
3.33941e+06 -6.10521e+06 -2.88166e+07
3.34607e+06 -6.10166e+06 -2.88166e+07
3.35272e+06 -6.0981e+06 -2.88166e+07
3.35937e+06 -6.09453e+06 -2.88166e+07
3.36601e+06 -6.09095e+06 -2.88166e+07
3.37265e+06 -6.08737e+06 -2.88166e+07
3.37928e+06 -6.08378e+06 -2.88166e+07
3.38591e+06 -6.08018e+06 -2.88166e+07
3.39254e+06 -6.07657e+06 -2.88166e+07
3.39916e+06 -6.07296e+06 -2.88166e+07
3.40578e+06 -6.06934e+06 -2.88166e+07
3.4124e+06 -6.06571e+06 -2.88166e+07
3.41901e+06 -6.06208e+06 -2.88166e+07
3.42561e+06 -6.05844e+06 -2.88166e+07
3.43222e+06 -6.05479e+06 -2.88166e+07
3.43882e+06 -6.05114e+06 -2.88166e+07
3.44541e+06 -6.04747e+06 -2.88166e+07
3.452e+06 -6.0438e+06 -2.88166e+07
3.45859e+06 -6.04013e+06 -2.88166e+07
3.46517e+06 -6.03644e+06 -2.88166e+07
3.47175e+06 -6.03275e+06 -2.88166e+07
3.47832e+06 -6.02905e+06 -2.88166e+07
3.48489e+06 -6.02535e+06 -2.88166e+07
3.49146e+06 -6.02164e+06 -2.88166e+07
3.49802e+06 -6.01792e+06 -2.88166e+07
3.50458e+06 -6.01419e+06 -2.88166e+07
3.51113e+06 -6.01046e+06 -2.88166e+07
3.51768e+06 -6.00671e+06 -2.88166e+07
3.52423e+06 -6.00297e+06 -2.88166e+07
3.53077e+06 -5.99921e+06 -2.88166e+07
3.5373e+06 -5.99545e+06 -2.88166e+07
3.54384e+06 -5.99168e+06 -2.88166e+07
3.55037e+06 -5.9879e+06 -2.88166e+07
3.55689e+06 -5.98412e+06 -2.88166e+07
3.56341e+06 -5.98033e+06 -2.88166e+07
3.56993e+06 -5.97653e+06 -2.88166e+07
3.57644e+06 -5.97273e+06 -2.88166e+07
3.58295e+06 -5.96892e+06 -2.88166e+07
3.58945e+06 -5.9651e+06 -2.88166e+07
3.59595e+06 -5.96127e+06 -2.88166e+07
3.60244e+06 -5.95744e+06 -2.88166e+07
3.60893e+06 -5.9536e+06 -2.88166e+07
3.61542e+06 -5.94975e+06 -2.88166e+07
3.6219e+06 -5.9459e+06 -2.88166e+07
3.62838e+06 -5.94204e+06 -2.88166e+07
3.63485e+06 -5.93817e+06 -2.88166e+07
3.64132e+06 -5.93429e+06 -2.88166e+07
3.64779e+06 -5.93041e+06 -2.88166e+07
3.65425e+06 -5.92652e+06 -2.88166e+07
3.6607e+06 -5.92263e+06 -2.88166e+07
3.66716e+06 -5.91872e+06 -2.88166e+07
3.6736e+06 -5.91481e+06 -2.88166e+07
3.68005e+06 -5.9109e+06 -2.88166e+07
3.68649e+06 -5.90697e+06 -2.88166e+07
3.69292e+06 -5.90304e+06 -2.88166e+07
3.69935e+06 -5.8991e+06 -2.88166e+07
3.70578e+06 -5.89516e+06 -2.88166e+07
3.7122e+06 -5.89121e+06 -2.88166e+07
3.71861e+06 -5.88725e+06 -2.88166e+07
3.72503e+06 -5.88328e+06 -2.88166e+07
3.73144e+06 -5.87931e+06 -2.88166e+07
3.73784e+06 -5.87533e+06 -2.88166e+07
3.74424e+06 -5.87134e+06 -2.88166e+07
3.75063e+06 -5.86735e+06 -2.88166e+07
3.75702e+06 -5.86335e+06 -2.88166e+07
3.76341e+06 -5.85934e+06 -2.88166e+07
3.76979e+06 -5.85533e+06 -2.88166e+07
3.77617e+06 -5.85131e+06 -2.88166e+07
3.78254e+06 -5.84728e+06 -2.88166e+07
3.78891e+06 -5.84324e+06 -2.88166e+07
3.79527e+06 -5.8392e+06 -2.88166e+07
3.80163e+06 -5.83515e+06 -2.88166e+07
3.80799e+06 -5.8311e+06 -2.88166e+07
3.81434e+06 -5.82703e+06 -2.88166e+07
3.82068e+06 -5.82296e+06 -2.88166e+07
3.82703e+06 -5.81889e+06 -2.88166e+07
3.83336e+06 -5.81481e+06 -2.88166e+07
3.8397e+06 -5.81072e+06 -2.88166e+07
3.84602e+06 -5.80662e+06 -2.88166e+07
3.85235e+06 -5.80251e+06 -2.88166e+07
3.85867e+06 -5.7984e+06 -2.88166e+07
3.86498e+06 -5.79429e+06 -2.88166e+07
3.87129e+06 -5.79016e+06 -2.88166e+07
3.87759e+06 -5.78603e+06 -2.88166e+07
3.88389e+06 -5.78189e+06 -2.88166e+07
3.89019e+06 -5.77775e+06 -2.88166e+07
3.89648e+06 -5.7736e+06 -2.88166e+07
3.90277e+06 -5.76944e+06 -2.88166e+07
3.90905e+06 -5.76527e+06 -2.88166e+07
3.91533e+06 -5.7611e+06 -2.88166e+07
3.9216e+06 -5.75692e+06 -2.88166e+07
3.92787e+06 -5.75274e+06 -2.88166e+07
3.93413e+06 -5.74855e+06 -2.88166e+07
3.94039e+06 -5.74435e+06 -2.88166e+07
3.94665e+06 -5.74014e+06 -2.88166e+07
3.9529e+06 -5.73593e+06 -2.88166e+07
3.95914e+06 -5.73171e+06 -2.88166e+07
3.96538e+06 -5.72748e+06 -2.88166e+07
3.97162e+06 -5.72325e+06 -2.88166e+07
3.97785e+06 -5.71901e+06 -2.88166e+07
3.98408e+06 -5.71476e+06 -2.88166e+07
3.9903e+06 -5.71051e+06 -2.88166e+07
3.99651e+06 -5.70625e+06 -2.88166e+07
4.00273e+06 -5.70198e+06 -2.88166e+07
4.00893e+06 -5.69771e+06 -2.88166e+07
4.01514e+06 -5.69343e+06 -2.88166e+07
4.02133e+06 -5.68914e+06 -2.88166e+07
4.02753e+06 -5.68485e+06 -2.88166e+07
4.03372e+06 -5.68055e+06 -2.88166e+07
4.0399e+06 -5.67624e+06 -2.88166e+07
4.04608e+06 -5.67193e+06 -2.88166e+07
4.05225e+06 -5.66761e+06 -2.88166e+07
4.05842e+06 -5.66328e+06 -2.88166e+07
4.06459e+06 -5.65895e+06 -2.88166e+07
4.07075e+06 -5.65461e+06 -2.88166e+07
4.0769e+06 -5.65026e+06 -2.88166e+07
4.08305e+06 -5.64591e+06 -2.88166e+07
4.0892e+06 -5.64155e+06 -2.88166e+07
4.09534e+06 -5.63718e+06 -2.88166e+07
4.10148e+06 -5.63281e+06 -2.88166e+07
4.10761e+06 -5.62843e+06 -2.88166e+07
4.11373e+06 -5.62404e+06 -2.88166e+07
4.11985e+06 -5.61965e+06 -2.88166e+07
4.12597e+06 -5.61525e+06 -2.88166e+07
4.13208e+06 -5.61084e+06 -2.88166e+07
4.13819e+06 -5.60643e+06 -2.88166e+07
4.14429e+06 -5.60201e+06 -2.88166e+07
4.15039e+06 -5.59758e+06 -2.88166e+07
4.15648e+06 -5.59315e+06 -2.88166e+07
4.16257e+06 -5.58871e+06 -2.88166e+07
4.16865e+06 -5.58426e+06 -2.88166e+07
4.17473e+06 -5.57981e+06 -2.88166e+07
4.1808e+06 -5.57535e+06 -2.88166e+07
4.18687e+06 -5.57089e+06 -2.88166e+07
4.19293e+06 -5.56641e+06 -2.88166e+07
4.19899e+06 -5.56193e+06 -2.88166e+07
4.20504e+06 -5.55745e+06 -2.88166e+07
4.21109e+06 -5.55296e+06 -2.88166e+07
4.21713e+06 -5.54846e+06 -2.88166e+07
4.22317e+06 -5.54395e+06 -2.88166e+07
4.2292e+06 -5.53944e+06 -2.88166e+07
4.23523e+06 -5.53492e+06 -2.88166e+07
4.24125e+06 -5.5304e+06 -2.88166e+07
4.24727e+06 -5.52587e+06 -2.88166e+07
4.25328e+06 -5.52133e+06 -2.88166e+07
4.25929e+06 -5.51678e+06 -2.88166e+07
4.26529e+06 -5.51223e+06 -2.88166e+07
4.27129e+06 -5.50768e+06 -2.88166e+07
4.27728e+06 -5.50311e+06 -2.88166e+07
4.28327e+06 -5.49854e+06 -2.88166e+07
4.28926e+06 -5.49397e+06 -2.88166e+07
4.29523e+06 -5.48938e+06 -2.88166e+07
4.30121e+06 -5.48479e+06 -2.88166e+07
4.30717e+06 -5.4802e+06 -2.88166e+07
4.31314e+06 -5.47559e+06 -2.88166e+07
4.31909e+06 -5.47098e+06 -2.88166e+07
4.32505e+06 -5.46637e+06 -2.88166e+07
4.33099e+06 -5.46175e+06 -2.88166e+07
4.33694e+06 -5.45712e+06 -2.88166e+07
4.34287e+06 -5.45248e+06 -2.88166e+07
4.3488e+06 -5.44784e+06 -2.88166e+07
4.35473e+06 -5.4432e+06 -2.88166e+07
4.36065e+06 -5.43854e+06 -2.88166e+07
4.36657e+06 -5.43388e+06 -2.88166e+07
4.37248e+06 -5.42921e+06 -2.88166e+07
4.37839e+06 -5.42454e+06 -2.88166e+07
4.38429e+06 -5.41986e+06 -2.88166e+07
4.39019e+06 -5.41518e+06 -2.88166e+07
4.39608e+06 -5.41048e+06 -2.88166e+07
4.40196e+06 -5.40579e+06 -2.88166e+07
4.40784e+06 -5.40108e+06 -2.88166e+07
4.41372e+06 -5.39637e+06 -2.88166e+07
4.41959e+06 -5.39165e+06 -2.88166e+07
4.42545e+06 -5.38693e+06 -2.88166e+07
4.43131e+06 -5.3822e+06 -2.88166e+07
4.43717e+06 -5.37746e+06 -2.88166e+07
4.44302e+06 -5.37272e+06 -2.88166e+07
4.44886e+06 -5.36797e+06 -2.88166e+07
4.4547e+06 -5.36321e+06 -2.88166e+07
4.46053e+06 -5.35845e+06 -2.88166e+07
4.46636e+06 -5.35368e+06 -2.88166e+07
4.47218e+06 -5.34891e+06 -2.88166e+07
4.478e+06 -5.34413e+06 -2.88166e+07
4.48381e+06 -5.33934e+06 -2.88166e+07
4.48962e+06 -5.33455e+06 -2.88166e+07
4.49542e+06 -5.32975e+06 -2.88166e+07
4.50122e+06 -5.32494e+06 -2.88166e+07
4.50701e+06 -5.32013e+06 -2.88166e+07
4.5128e+06 -5.31531e+06 -2.88166e+07
4.51858e+06 -5.31049e+06 -2.88166e+07
4.52436e+06 -5.30565e+06 -2.88166e+07
4.53013e+06 -5.30082e+06 -2.88166e+07
4.53589e+06 -5.29597e+06 -2.88166e+07
4.54165e+06 -5.29112e+06 -2.88166e+07
4.5474e+06 -5.28627e+06 -2.88166e+07
4.55315e+06 -5.28141e+06 -2.88166e+07
4.5589e+06 -5.27654e+06 -2.88166e+07
4.56463e+06 -5.27166e+06 -2.88166e+07
4.57037e+06 -5.26678e+06 -2.88166e+07
4.57609e+06 -5.2619e+06 -2.88166e+07
4.58182e+06 -5.257e+06 -2.88166e+07
4.58753e+06 -5.2521e+06 -2.88166e+07
4.59324e+06 -5.2472e+06 -2.88166e+07
4.59895e+06 -5.24229e+06 -2.88166e+07
4.60465e+06 -5.23737e+06 -2.88166e+07
4.61035e+06 -5.23244e+06 -2.88166e+07
4.61604e+06 -5.22751e+06 -2.88166e+07
4.62172e+06 -5.22258e+06 -2.88166e+07
4.6274e+06 -5.21764e+06 -2.88166e+07
4.63307e+06 -5.21269e+06 -2.88166e+07
4.63874e+06 -5.20773e+06 -2.88166e+07
4.6444e+06 -5.20277e+06 -2.88166e+07
4.65006e+06 -5.19781e+06 -2.88166e+07
4.65571e+06 -5.19283e+06 -2.88166e+07
4.66136e+06 -5.18785e+06 -2.88166e+07
4.667e+06 -5.18287e+06 -2.88166e+07
4.67263e+06 -5.17788e+06 -2.88166e+07
4.67826e+06 -5.17288e+06 -2.88166e+07
4.68389e+06 -5.16788e+06 -2.88166e+07
4.68951e+06 -5.16287e+06 -2.88166e+07
4.69512e+06 -5.15785e+06 -2.88166e+07
4.70073e+06 -5.15283e+06 -2.88166e+07
4.70633e+06 -5.1478e+06 -2.88166e+07
4.71192e+06 -5.14277e+06 -2.88166e+07
4.71752e+06 -5.13773e+06 -2.88166e+07
4.7231e+06 -5.13268e+06 -2.88166e+07
4.72868e+06 -5.12763e+06 -2.88166e+07
4.73426e+06 -5.12257e+06 -2.88166e+07
4.73982e+06 -5.11751e+06 -2.88166e+07
4.74539e+06 -5.11244e+06 -2.88166e+07
4.75094e+06 -5.10736e+06 -2.88166e+07
4.7565e+06 -5.10228e+06 -2.88166e+07
4.76204e+06 -5.09719e+06 -2.88166e+07
4.76758e+06 -5.0921e+06 -2.88166e+07
4.77312e+06 -5.087e+06 -2.88166e+07
4.77865e+06 -5.08189e+06 -2.88166e+07
4.78417e+06 -5.07678e+06 -2.88166e+07
4.78969e+06 -5.07167e+06 -2.88166e+07
4.7952e+06 -5.06654e+06 -2.88166e+07
4.80071e+06 -5.06141e+06 -2.88166e+07
4.80621e+06 -5.05628e+06 -2.88166e+07
4.81171e+06 -5.05114e+06 -2.88166e+07
4.8172e+06 -5.04599e+06 -2.88166e+07
4.82268e+06 -5.04083e+06 -2.88166e+07
4.82816e+06 -5.03568e+06 -2.88166e+07
4.83364e+06 -5.03051e+06 -2.88166e+07
4.8391e+06 -5.02534e+06 -2.88166e+07
4.84457e+06 -5.02016e+06 -2.88166e+07
4.85002e+06 -5.01498e+06 -2.88166e+07
4.85547e+06 -5.00979e+06 -2.88166e+07
4.86092e+06 -5.0046e+06 -2.88166e+07
4.86636e+06 -4.9994e+06 -2.88166e+07
4.87179e+06 -4.99419e+06 -2.88166e+07
4.87722e+06 -4.98898e+06 -2.88166e+07
4.88264e+06 -4.98376e+06 -2.88166e+07
4.88806e+06 -4.97853e+06 -2.88166e+07
4.89347e+06 -4.97331e+06 -2.88166e+07
4.89887e+06 -4.96807e+06 -2.88166e+07
4.90427e+06 -4.96283e+06 -2.88166e+07
4.90966e+06 -4.95758e+06 -2.88166e+07
4.91505e+06 -4.95233e+06 -2.88166e+07
4.92043e+06 -4.94707e+06 -2.88166e+07
4.92581e+06 -4.9418e+06 -2.88166e+07
4.93118e+06 -4.93653e+06 -2.88166e+07
4.93654e+06 -4.93126e+06 -2.88166e+07
4.9419e+06 -4.92598e+06 -2.88166e+07
4.94726e+06 -4.92069e+06 -2.88166e+07
4.9526e+06 -4.91539e+06 -2.88166e+07
4.95794e+06 -4.91009e+06 -2.88166e+07
4.96328e+06 -4.90479e+06 -2.88166e+07
4.96861e+06 -4.89948e+06 -2.88166e+07
4.97393e+06 -4.89416e+06 -2.88166e+07
4.97925e+06 -4.88884e+06 -2.88165e+07
4.98456e+06 -4.88351e+06 -2.88165e+07
4.98987e+06 -4.87818e+06 -2.88165e+07
4.99517e+06 -4.87284e+06 -2.88165e+07
5.00046e+06 -4.86749e+06 -2.88165e+07
5.00575e+06 -4.86214e+06 -2.88165e+07
5.01104e+06 -4.85678e+06 -2.88165e+07
5.01631e+06 -4.85142e+06 -2.88165e+07
5.02158e+06 -4.84605e+06 -2.88165e+07
5.02685e+06 -4.84068e+06 -2.88165e+07
5.03211e+06 -4.8353e+06 -2.88165e+07
5.03736e+06 -4.82992e+06 -2.88165e+07
5.04261e+06 -4.82453e+06 -2.88165e+07
5.04785e+06 -4.81913e+06 -2.88165e+07
5.05309e+06 -4.81373e+06 -2.88165e+07
5.05832e+06 -4.80832e+06 -2.88165e+07
5.06354e+06 -4.80291e+06 -2.88165e+07
5.06876e+06 -4.79749e+06 -2.88165e+07
5.07397e+06 -4.79206e+06 -2.88165e+07
5.07917e+06 -4.78663e+06 -2.88165e+07
5.08437e+06 -4.7812e+06 -2.88165e+07
5.08957e+06 -4.77575e+06 -2.88165e+07
5.09476e+06 -4.77031e+06 -2.88165e+07
5.09994e+06 -4.76485e+06 -2.88165e+07
5.10511e+06 -4.7594e+06 -2.88165e+07
5.11028e+06 -4.75393e+06 -2.88165e+07
5.11545e+06 -4.74846e+06 -2.88165e+07
5.12061e+06 -4.74299e+06 -2.88165e+07
5.12576e+06 -4.73751e+06 -2.88165e+07
5.13091e+06 -4.73202e+06 -2.88165e+07
5.13605e+06 -4.72653e+06 -2.88165e+07
5.14118e+06 -4.72103e+06 -2.88165e+07
5.14631e+06 -4.71553e+06 -2.88165e+07
5.15143e+06 -4.71002e+06 -2.88165e+07
5.15655e+06 -4.70451e+06 -2.88165e+07
5.16166e+06 -4.69899e+06 -2.88165e+07
5.16676e+06 -4.69346e+06 -2.88165e+07
5.17186e+06 -4.68793e+06 -2.88165e+07
5.17695e+06 -4.6824e+06 -2.88165e+07
5.18203e+06 -4.67686e+06 -2.88165e+07
5.18711e+06 -4.67131e+06 -2.88165e+07
5.19219e+06 -4.66576e+06 -2.88165e+07
5.19725e+06 -4.6602e+06 -2.88165e+07
5.20232e+06 -4.65464e+06 -2.88165e+07
5.20737e+06 -4.64907e+06 -2.88165e+07
5.21242e+06 -4.64349e+06 -2.88165e+07
5.21746e+06 -4.63791e+06 -2.88165e+07
5.2225e+06 -4.63233e+06 -2.88165e+07
5.22753e+06 -4.62674e+06 -2.88165e+07
5.23256e+06 -4.62114e+06 -2.88165e+07
5.23757e+06 -4.61554e+06 -2.88165e+07
5.24259e+06 -4.60994e+06 -2.88165e+07
5.24759e+06 -4.60432e+06 -2.88165e+07
5.25259e+06 -4.59871e+06 -2.88165e+07
5.25759e+06 -4.59308e+06 -2.88165e+07
5.26258e+06 -4.58746e+06 -2.88165e+07
5.26756e+06 -4.58182e+06 -2.88165e+07
5.27253e+06 -4.57618e+06 -2.88165e+07
5.2775e+06 -4.57054e+06 -2.88165e+07
5.28247e+06 -4.56489e+06 -2.88165e+07
5.28742e+06 -4.55923e+06 -2.88165e+07
5.29237e+06 -4.55357e+06 -2.88165e+07
5.29732e+06 -4.54791e+06 -2.88165e+07
5.30226e+06 -4.54224e+06 -2.88165e+07
5.30719e+06 -4.53656e+06 -2.88165e+07
5.31211e+06 -4.53088e+06 -2.88165e+07
5.31703e+06 -4.52519e+06 -2.88165e+07
5.32195e+06 -4.5195e+06 -2.88165e+07
5.32685e+06 -4.5138e+06 -2.88165e+07
5.33176e+06 -4.5081e+06 -2.88165e+07
5.33665e+06 -4.50239e+06 -2.88165e+07
5.34154e+06 -4.49668e+06 -2.88165e+07
5.34642e+06 -4.49096e+06 -2.88165e+07
5.3513e+06 -4.48524e+06 -2.88165e+07
5.35617e+06 -4.47951e+06 -2.88165e+07
5.36103e+06 -4.47377e+06 -2.88165e+07
5.36589e+06 -4.46803e+06 -2.88165e+07
5.37074e+06 -4.46229e+06 -2.88165e+07
5.37558e+06 -4.45654e+06 -2.88165e+07
5.38042e+06 -4.45078e+06 -2.88165e+07
5.38525e+06 -4.44502e+06 -2.88165e+07
5.39008e+06 -4.43926e+06 -2.88165e+07
5.3949e+06 -4.43349e+06 -2.88165e+07
5.39971e+06 -4.42771e+06 -2.88165e+07
5.40452e+06 -4.42193e+06 -2.88165e+07
5.40932e+06 -4.41614e+06 -2.88165e+07
5.41411e+06 -4.41035e+06 -2.88165e+07
5.4189e+06 -4.40455e+06 -2.88165e+07
5.42368e+06 -4.39875e+06 -2.88165e+07
5.42846e+06 -4.39295e+06 -2.88165e+07
5.43323e+06 -4.38713e+06 -2.88165e+07
5.43799e+06 -4.38132e+06 -2.88165e+07
5.44274e+06 -4.37549e+06 -2.88165e+07
5.44749e+06 -4.36967e+06 -2.88165e+07
5.45224e+06 -4.36383e+06 -2.88165e+07
5.45697e+06 -4.358e+06 -2.88165e+07
5.4617e+06 -4.35215e+06 -2.88165e+07
5.46643e+06 -4.3463e+06 -2.88165e+07
5.47115e+06 -4.34045e+06 -2.88165e+07
5.47586e+06 -4.33459e+06 -2.88165e+07
5.48056e+06 -4.32873e+06 -2.88165e+07
5.48526e+06 -4.32286e+06 -2.88165e+07
5.48995e+06 -4.31699e+06 -2.88165e+07
5.49464e+06 -4.31111e+06 -2.88165e+07
5.49932e+06 -4.30523e+06 -2.88165e+07
5.50399e+06 -4.29934e+06 -2.88165e+07
5.50866e+06 -4.29344e+06 -2.88165e+07
5.51332e+06 -4.28755e+06 -2.88165e+07
5.51797e+06 -4.28164e+06 -2.88165e+07
5.52262e+06 -4.27573e+06 -2.88165e+07
5.52726e+06 -4.26982e+06 -2.88165e+07
5.53189e+06 -4.2639e+06 -2.88165e+07
5.53652e+06 -4.25798e+06 -2.88165e+07
5.54114e+06 -4.25205e+06 -2.88165e+07
5.54576e+06 -4.24612e+06 -2.88165e+07
5.55036e+06 -4.24018e+06 -2.88165e+07
5.55497e+06 -4.23423e+06 -2.88165e+07
5.55956e+06 -4.22829e+06 -2.88165e+07
5.56415e+06 -4.22233e+06 -2.88165e+07
5.56873e+06 -4.21637e+06 -2.88165e+07
5.57331e+06 -4.21041e+06 -2.88165e+07
5.57788e+06 -4.20444e+06 -2.88165e+07
5.58244e+06 -4.19847e+06 -2.88165e+07
5.58699e+06 -4.19249e+06 -2.88165e+07
5.59154e+06 -4.18651e+06 -2.88165e+07
5.59609e+06 -4.18052e+06 -2.88165e+07
5.60062e+06 -4.17453e+06 -2.88165e+07
5.60515e+06 -4.16853e+06 -2.88165e+07
5.60968e+06 -4.16253e+06 -2.88165e+07
5.61419e+06 -4.15652e+06 -2.88165e+07
5.6187e+06 -4.15051e+06 -2.88165e+07
5.62321e+06 -4.14449e+06 -2.88165e+07
5.6277e+06 -4.13847e+06 -2.88165e+07
5.6322e+06 -4.13244e+06 -2.88165e+07
5.63668e+06 -4.12641e+06 -2.88165e+07
5.64116e+06 -4.12038e+06 -2.88165e+07
5.64563e+06 -4.11434e+06 -2.88165e+07
5.65009e+06 -4.10829e+06 -2.88165e+07
5.65455e+06 -4.10224e+06 -2.88165e+07
5.659e+06 -4.09618e+06 -2.88165e+07
5.66344e+06 -4.09012e+06 -2.88165e+07
5.66788e+06 -4.08406e+06 -2.88165e+07
5.67231e+06 -4.07799e+06 -2.88165e+07
5.67674e+06 -4.07191e+06 -2.88165e+07
5.68115e+06 -4.06583e+06 -2.88165e+07
5.68557e+06 -4.05975e+06 -2.88165e+07
5.68997e+06 -4.05366e+06 -2.88165e+07
5.69437e+06 -4.04757e+06 -2.88165e+07
5.69876e+06 -4.04147e+06 -2.88165e+07
5.70314e+06 -4.03537e+06 -2.88165e+07
5.70752e+06 -4.02926e+06 -2.88165e+07
5.71189e+06 -4.02315e+06 -2.88165e+07
5.71626e+06 -4.01703e+06 -2.88165e+07
5.72062e+06 -4.01091e+06 -2.88165e+07
5.72497e+06 -4.00478e+06 -2.88165e+07
5.72931e+06 -3.99865e+06 -2.88165e+07
5.73365e+06 -3.99251e+06 -2.88165e+07
5.73798e+06 -3.98637e+06 -2.88165e+07
5.7423e+06 -3.98023e+06 -2.88165e+07
5.74662e+06 -3.97408e+06 -2.88165e+07
5.75093e+06 -3.96792e+06 -2.88165e+07
5.75524e+06 -3.96176e+06 -2.88165e+07
5.75953e+06 -3.9556e+06 -2.88165e+07
5.76382e+06 -3.94943e+06 -2.88165e+07
5.76811e+06 -3.94326e+06 -2.88165e+07
5.77239e+06 -3.93708e+06 -2.88165e+07
5.77666e+06 -3.9309e+06 -2.88165e+07
5.78092e+06 -3.92471e+06 -2.88165e+07
5.78518e+06 -3.91852e+06 -2.88165e+07
5.78943e+06 -3.91232e+06 -2.88165e+07
5.79367e+06 -3.90612e+06 -2.88165e+07
5.79791e+06 -3.89992e+06 -2.88165e+07
5.80214e+06 -3.89371e+06 -2.88165e+07
5.80636e+06 -3.88749e+06 -2.88165e+07
5.81058e+06 -3.88127e+06 -2.88165e+07
5.81479e+06 -3.87505e+06 -2.88165e+07
5.81899e+06 -3.86882e+06 -2.88165e+07
5.82319e+06 -3.86259e+06 -2.88165e+07
5.82738e+06 -3.85635e+06 -2.88165e+07
5.83156e+06 -3.85011e+06 -2.88165e+07
5.83573e+06 -3.84387e+06 -2.88165e+07
5.8399e+06 -3.83762e+06 -2.88165e+07
5.84406e+06 -3.83136e+06 -2.88165e+07
5.84822e+06 -3.8251e+06 -2.88165e+07
5.85237e+06 -3.81884e+06 -2.88165e+07
5.85651e+06 -3.81257e+06 -2.88165e+07
5.86064e+06 -3.8063e+06 -2.88165e+07
5.86477e+06 -3.80002e+06 -2.88165e+07
5.86889e+06 -3.79374e+06 -2.88165e+07
5.87301e+06 -3.78745e+06 -2.88165e+07
5.87711e+06 -3.78116e+06 -2.88165e+07
5.88121e+06 -3.77487e+06 -2.88165e+07
5.88531e+06 -3.76857e+06 -2.88165e+07
5.88939e+06 -3.76226e+06 -2.88165e+07
5.89347e+06 -3.75596e+06 -2.88165e+07
5.89755e+06 -3.74964e+06 -2.88165e+07
5.90161e+06 -3.74333e+06 -2.88165e+07
5.90567e+06 -3.737e+06 -2.88165e+07
5.90972e+06 -3.73068e+06 -2.88165e+07
5.91377e+06 -3.72435e+06 -2.88165e+07
5.91781e+06 -3.71801e+06 -2.88165e+07
5.92184e+06 -3.71168e+06 -2.88165e+07
5.92586e+06 -3.70533e+06 -2.88165e+07
5.92988e+06 -3.69899e+06 -2.88165e+07
5.93389e+06 -3.69263e+06 -2.88165e+07
5.9379e+06 -3.68628e+06 -2.88165e+07
5.94189e+06 -3.67992e+06 -2.88165e+07
5.94588e+06 -3.67355e+06 -2.88165e+07
5.94986e+06 -3.66718e+06 -2.88165e+07
5.95384e+06 -3.66081e+06 -2.88165e+07
5.95781e+06 -3.65443e+06 -2.88165e+07
5.96177e+06 -3.64805e+06 -2.88165e+07
5.96573e+06 -3.64167e+06 -2.88165e+07
5.96968e+06 -3.63528e+06 -2.88165e+07
5.97362e+06 -3.62888e+06 -2.88165e+07
5.97755e+06 -3.62248e+06 -2.88165e+07
5.98148e+06 -3.61608e+06 -2.88165e+07
5.9854e+06 -3.60967e+06 -2.88165e+07
5.98931e+06 -3.60326e+06 -2.88165e+07
5.99322e+06 -3.59685e+06 -2.88165e+07
5.99712e+06 -3.59043e+06 -2.88165e+07
6.00101e+06 -3.584e+06 -2.88165e+07
6.00489e+06 -3.57757e+06 -2.88165e+07
6.00877e+06 -3.57114e+06 -2.88165e+07
6.01264e+06 -3.56471e+06 -2.88165e+07
6.01651e+06 -3.55827e+06 -2.88165e+07
6.02037e+06 -3.55182e+06 -2.88165e+07
6.02422e+06 -3.54537e+06 -2.88165e+07
6.02806e+06 -3.53892e+06 -2.88165e+07
6.0319e+06 -3.53246e+06 -2.88165e+07
6.03572e+06 -3.526e+06 -2.88165e+07
6.03955e+06 -3.51953e+06 -2.88165e+07
6.04336e+06 -3.51307e+06 -2.88165e+07
6.04717e+06 -3.50659e+06 -2.88165e+07
6.05097e+06 -3.50011e+06 -2.88165e+07
6.05476e+06 -3.49363e+06 -2.88165e+07
6.05855e+06 -3.48715e+06 -2.88165e+07
6.06233e+06 -3.48066e+06 -2.88165e+07
6.0661e+06 -3.47416e+06 -2.88165e+07
6.06987e+06 -3.46766e+06 -2.88165e+07
6.07363e+06 -3.46116e+06 -2.88165e+07
6.07738e+06 -3.45466e+06 -2.88165e+07
6.08112e+06 -3.44815e+06 -2.88165e+07
6.08486e+06 -3.44163e+06 -2.88165e+07
6.08859e+06 -3.43511e+06 -2.88165e+07
6.09231e+06 -3.42859e+06 -2.88165e+07
6.09603e+06 -3.42206e+06 -2.88165e+07
6.09974e+06 -3.41553e+06 -2.88165e+07
6.10344e+06 -3.409e+06 -2.88165e+07
6.10713e+06 -3.40246e+06 -2.88165e+07
6.11082e+06 -3.39592e+06 -2.88165e+07
6.1145e+06 -3.38937e+06 -2.88165e+07
6.11818e+06 -3.38282e+06 -2.88165e+07
6.12184e+06 -3.37627e+06 -2.88165e+07
6.1255e+06 -3.36971e+06 -2.88165e+07
6.12915e+06 -3.36315e+06 -2.88165e+07
6.1328e+06 -3.35658e+06 -2.88165e+07
6.13643e+06 -3.35001e+06 -2.88165e+07
6.14006e+06 -3.34344e+06 -2.88165e+07
6.14369e+06 -3.33686e+06 -2.88165e+07
6.1473e+06 -3.33028e+06 -2.88165e+07
6.15091e+06 -3.3237e+06 -2.88165e+07
6.15451e+06 -3.31711e+06 -2.88165e+07
6.15811e+06 -3.31051e+06 -2.88165e+07
6.1617e+06 -3.30392e+06 -2.88165e+07
6.16528e+06 -3.29732e+06 -2.88165e+07
6.16885e+06 -3.29071e+06 -2.88165e+07
6.17241e+06 -3.2841e+06 -2.88165e+07
6.17597e+06 -3.27749e+06 -2.88165e+07
6.17952e+06 -3.27088e+06 -2.88165e+07
6.18307e+06 -3.26426e+06 -2.88165e+07
6.1866e+06 -3.25763e+06 -2.88165e+07
6.19013e+06 -3.251e+06 -2.88165e+07
6.19366e+06 -3.24437e+06 -2.88165e+07
6.19717e+06 -3.23774e+06 -2.88165e+07
6.20068e+06 -3.2311e+06 -2.88165e+07
6.20418e+06 -3.22446e+06 -2.88165e+07
6.20767e+06 -3.21781e+06 -2.88165e+07
6.21116e+06 -3.21116e+06 -2.88165e+07
6.21464e+06 -3.20451e+06 -2.88165e+07
6.21811e+06 -3.19785e+06 -2.88165e+07
6.22158e+06 -3.19119e+06 -2.88165e+07
6.22503e+06 -3.18452e+06 -2.88165e+07
6.22848e+06 -3.17785e+06 -2.88165e+07
6.23193e+06 -3.17118e+06 -2.88165e+07
6.23536e+06 -3.16451e+06 -2.88165e+07
6.23879e+06 -3.15783e+06 -2.88165e+07
6.24221e+06 -3.15114e+06 -2.88165e+07
6.24562e+06 -3.14445e+06 -2.88165e+07
6.24903e+06 -3.13776e+06 -2.88165e+07
6.25243e+06 -3.13107e+06 -2.88165e+07
6.25582e+06 -3.12437e+06 -2.88165e+07
6.25921e+06 -3.11767e+06 -2.88165e+07
6.26258e+06 -3.11096e+06 -2.88164e+07
6.26595e+06 -3.10425e+06 -2.88164e+07
6.26932e+06 -3.09754e+06 -2.88164e+07
6.27267e+06 -3.09083e+06 -2.88164e+07
6.27602e+06 -3.08411e+06 -2.88164e+07
6.27936e+06 -3.07738e+06 -2.88164e+07
6.28269e+06 -3.07066e+06 -2.88164e+07
6.28602e+06 -3.06392e+06 -2.88164e+07
6.28934e+06 -3.05719e+06 -2.88164e+07
6.29265e+06 -3.05045e+06 -2.88164e+07
6.29595e+06 -3.04371e+06 -2.88164e+07
6.29925e+06 -3.03697e+06 -2.88164e+07
6.30254e+06 -3.03022e+06 -2.88164e+07
6.30582e+06 -3.02347e+06 -2.88164e+07
6.3091e+06 -3.01671e+06 -2.88164e+07
6.31236e+06 -3.00995e+06 -2.88164e+07
6.31562e+06 -3.00319e+06 -2.88164e+07
6.31888e+06 -2.99642e+06 -2.88164e+07
6.32212e+06 -2.98965e+06 -2.88164e+07
6.32536e+06 -2.98288e+06 -2.88164e+07
6.32859e+06 -2.9761e+06 -2.88164e+07
6.33181e+06 -2.96932e+06 -2.88164e+07
6.33503e+06 -2.96254e+06 -2.88164e+07
6.33824e+06 -2.95575e+06 -2.88164e+07
6.34144e+06 -2.94896e+06 -2.88164e+07
6.34463e+06 -2.94217e+06 -2.88164e+07
6.34782e+06 -2.93537e+06 -2.88164e+07
6.351e+06 -2.92857e+06 -2.88164e+07
6.35417e+06 -2.92177e+06 -2.88164e+07
6.35733e+06 -2.91496e+06 -2.88164e+07
6.36049e+06 -2.90815e+06 -2.88164e+07
6.36364e+06 -2.90133e+06 -2.88164e+07
6.36678e+06 -2.89452e+06 -2.88164e+07
6.36991e+06 -2.8877e+06 -2.88164e+07
6.37304e+06 -2.88087e+06 -2.88164e+07
6.37616e+06 -2.87404e+06 -2.88164e+07
6.37927e+06 -2.86721e+06 -2.88164e+07
6.38238e+06 -2.86038e+06 -2.88164e+07
6.38548e+06 -2.85354e+06 -2.88164e+07
6.38856e+06 -2.8467e+06 -2.88164e+07
6.39165e+06 -2.83986e+06 -2.88164e+07
6.39472e+06 -2.83301e+06 -2.88164e+07
6.39779e+06 -2.82616e+06 -2.88164e+07
6.40085e+06 -2.8193e+06 -2.88164e+07
6.4039e+06 -2.81245e+06 -2.88164e+07
6.40695e+06 -2.80558e+06 -2.88164e+07
6.40998e+06 -2.79872e+06 -2.88164e+07
6.41301e+06 -2.79185e+06 -2.88164e+07
6.41604e+06 -2.78498e+06 -2.88164e+07
6.41905e+06 -2.77811e+06 -2.88164e+07
6.42206e+06 -2.77123e+06 -2.88164e+07
6.42506e+06 -2.76435e+06 -2.88164e+07
6.42805e+06 -2.75747e+06 -2.88164e+07
6.43104e+06 -2.75058e+06 -2.88164e+07
6.43402e+06 -2.74369e+06 -2.88164e+07
6.43699e+06 -2.7368e+06 -2.88164e+07
6.43995e+06 -2.7299e+06 -2.88164e+07
6.4429e+06 -2.723e+06 -2.88164e+07
6.44585e+06 -2.7161e+06 -2.88164e+07
6.44879e+06 -2.70919e+06 -2.88164e+07
6.45173e+06 -2.70228e+06 -2.88164e+07
6.45465e+06 -2.69537e+06 -2.88164e+07
6.45757e+06 -2.68846e+06 -2.88164e+07
6.46048e+06 -2.68154e+06 -2.88164e+07
6.46338e+06 -2.67462e+06 -2.88164e+07
6.46628e+06 -2.66769e+06 -2.88164e+07
6.46916e+06 -2.66077e+06 -2.88164e+07
6.47204e+06 -2.65383e+06 -2.88164e+07
6.47492e+06 -2.6469e+06 -2.88164e+07
6.47778e+06 -2.63996e+06 -2.88164e+07
6.48064e+06 -2.63302e+06 -2.88164e+07
6.48349e+06 -2.62608e+06 -2.88164e+07
6.48633e+06 -2.61913e+06 -2.88164e+07
6.48917e+06 -2.61218e+06 -2.88164e+07
6.49199e+06 -2.60523e+06 -2.88164e+07
6.49481e+06 -2.59828e+06 -2.88164e+07
6.49763e+06 -2.59132e+06 -2.88164e+07
6.50043e+06 -2.58436e+06 -2.88164e+07
6.50323e+06 -2.57739e+06 -2.88164e+07
6.50602e+06 -2.57043e+06 -2.88164e+07
6.5088e+06 -2.56346e+06 -2.88164e+07
6.51157e+06 -2.55648e+06 -2.88164e+07
6.51434e+06 -2.54951e+06 -2.88164e+07
6.5171e+06 -2.54253e+06 -2.88164e+07
6.51985e+06 -2.53554e+06 -2.88164e+07
6.52259e+06 -2.52856e+06 -2.88164e+07
6.52533e+06 -2.52157e+06 -2.88164e+07
6.52806e+06 -2.51458e+06 -2.88164e+07
6.53078e+06 -2.50759e+06 -2.88164e+07
6.53349e+06 -2.50059e+06 -2.88164e+07
6.5362e+06 -2.49359e+06 -2.88164e+07
6.5389e+06 -2.48659e+06 -2.88164e+07
6.54159e+06 -2.47958e+06 -2.88164e+07
6.54427e+06 -2.47257e+06 -2.88164e+07
6.54695e+06 -2.46556e+06 -2.88164e+07
6.54962e+06 -2.45855e+06 -2.88164e+07
6.55228e+06 -2.45153e+06 -2.88164e+07
6.55493e+06 -2.44451e+06 -2.88164e+07
6.55757e+06 -2.43749e+06 -2.88164e+07
6.56021e+06 -2.43046e+06 -2.88164e+07
6.56284e+06 -2.42343e+06 -2.88164e+07
6.56546e+06 -2.4164e+06 -2.88164e+07
6.56808e+06 -2.40937e+06 -2.88164e+07
6.57068e+06 -2.40233e+06 -2.88164e+07
6.57328e+06 -2.39529e+06 -2.88164e+07
6.57587e+06 -2.38825e+06 -2.88164e+07
6.57846e+06 -2.3812e+06 -2.88164e+07
6.58103e+06 -2.37415e+06 -2.88164e+07
6.5836e+06 -2.3671e+06 -2.88164e+07
6.58616e+06 -2.36005e+06 -2.88164e+07
6.58872e+06 -2.35299e+06 -2.88164e+07
6.59126e+06 -2.34593e+06 -2.88164e+07
6.5938e+06 -2.33887e+06 -2.88164e+07
6.59633e+06 -2.33181e+06 -2.88164e+07
6.59885e+06 -2.32474e+06 -2.88164e+07
6.60137e+06 -2.31767e+06 -2.88164e+07
6.60387e+06 -2.3106e+06 -2.88164e+07
6.60637e+06 -2.30352e+06 -2.88164e+07
6.60887e+06 -2.29644e+06 -2.88164e+07
6.61135e+06 -2.28936e+06 -2.88164e+07
6.61383e+06 -2.28228e+06 -2.88164e+07
6.61629e+06 -2.27519e+06 -2.88164e+07
6.61876e+06 -2.2681e+06 -2.88164e+07
6.62121e+06 -2.26101e+06 -2.88164e+07
6.62365e+06 -2.25392e+06 -2.88164e+07
6.62609e+06 -2.24682e+06 -2.88164e+07
6.62852e+06 -2.23972e+06 -2.88164e+07
6.63094e+06 -2.23262e+06 -2.88164e+07
6.63336e+06 -2.22552e+06 -2.88164e+07
6.63577e+06 -2.21841e+06 -2.88164e+07
6.63817e+06 -2.2113e+06 -2.88164e+07
6.64056e+06 -2.20419e+06 -2.88164e+07
6.64294e+06 -2.19707e+06 -2.88164e+07
6.64532e+06 -2.18996e+06 -2.88164e+07
6.64769e+06 -2.18284e+06 -2.88164e+07
6.65005e+06 -2.17571e+06 -2.88164e+07
6.6524e+06 -2.16859e+06 -2.88164e+07
6.65474e+06 -2.16146e+06 -2.88164e+07
6.65708e+06 -2.15433e+06 -2.88164e+07
6.65941e+06 -2.1472e+06 -2.88164e+07
6.66173e+06 -2.14007e+06 -2.88164e+07
6.66405e+06 -2.13293e+06 -2.88164e+07
6.66635e+06 -2.12579e+06 -2.88164e+07
6.66865e+06 -2.11865e+06 -2.88164e+07
6.67094e+06 -2.1115e+06 -2.88164e+07
6.67323e+06 -2.10435e+06 -2.88164e+07
6.6755e+06 -2.0972e+06 -2.88164e+07
6.67777e+06 -2.09005e+06 -2.88164e+07
6.68003e+06 -2.0829e+06 -2.88164e+07
6.68228e+06 -2.07574e+06 -2.88164e+07
6.68453e+06 -2.06858e+06 -2.88164e+07
6.68676e+06 -2.06142e+06 -2.88164e+07
6.68899e+06 -2.05425e+06 -2.88164e+07
6.69121e+06 -2.04709e+06 -2.88164e+07
6.69342e+06 -2.03992e+06 -2.88164e+07
6.69563e+06 -2.03275e+06 -2.88164e+07
6.69783e+06 -2.02557e+06 -2.88164e+07
6.70002e+06 -2.0184e+06 -2.88164e+07
6.7022e+06 -2.01122e+06 -2.88164e+07
6.70437e+06 -2.00404e+06 -2.88164e+07
6.70654e+06 -1.99685e+06 -2.88164e+07
6.7087e+06 -1.98967e+06 -2.88164e+07
6.71085e+06 -1.98248e+06 -2.88164e+07
6.71299e+06 -1.97529e+06 -2.88164e+07
6.71513e+06 -1.9681e+06 -2.88164e+07
6.71725e+06 -1.9609e+06 -2.88164e+07
6.71937e+06 -1.95371e+06 -2.88164e+07
6.72149e+06 -1.94651e+06 -2.88164e+07
6.72359e+06 -1.93931e+06 -2.88164e+07
6.72569e+06 -1.9321e+06 -2.88164e+07
6.72777e+06 -1.9249e+06 -2.88164e+07
6.72985e+06 -1.91769e+06 -2.88164e+07
6.73193e+06 -1.91048e+06 -2.88164e+07
6.73399e+06 -1.90327e+06 -2.88164e+07
6.73605e+06 -1.89605e+06 -2.88164e+07
6.7381e+06 -1.88883e+06 -2.88164e+07
6.74014e+06 -1.88161e+06 -2.88164e+07
6.74217e+06 -1.87439e+06 -2.88164e+07
6.7442e+06 -1.86717e+06 -2.88164e+07
6.74622e+06 -1.85994e+06 -2.88164e+07
6.74823e+06 -1.85272e+06 -2.88164e+07
6.75023e+06 -1.84549e+06 -2.88164e+07
6.75222e+06 -1.83825e+06 -2.88164e+07
6.75421e+06 -1.83102e+06 -2.88164e+07
6.75619e+06 -1.82378e+06 -2.88164e+07
6.75816e+06 -1.81654e+06 -2.88164e+07
6.76012e+06 -1.8093e+06 -2.88164e+07
6.76208e+06 -1.80206e+06 -2.88164e+07
6.76402e+06 -1.79481e+06 -2.88164e+07
6.76596e+06 -1.78757e+06 -2.88164e+07
6.76789e+06 -1.78032e+06 -2.88164e+07
6.76982e+06 -1.77307e+06 -2.88164e+07
6.77173e+06 -1.76581e+06 -2.88164e+07
6.77364e+06 -1.75856e+06 -2.88164e+07
6.77554e+06 -1.7513e+06 -2.88164e+07
6.77743e+06 -1.74404e+06 -2.88164e+07
6.77932e+06 -1.73678e+06 -2.88164e+07
6.78119e+06 -1.72952e+06 -2.88164e+07
6.78306e+06 -1.72225e+06 -2.88164e+07
6.78492e+06 -1.71498e+06 -2.88164e+07
6.78677e+06 -1.70771e+06 -2.88164e+07
6.78862e+06 -1.70044e+06 -2.88164e+07
6.79045e+06 -1.69317e+06 -2.88164e+07
6.79228e+06 -1.68589e+06 -2.88164e+07
6.7941e+06 -1.67862e+06 -2.88164e+07
6.79592e+06 -1.67134e+06 -2.88164e+07
6.79772e+06 -1.66406e+06 -2.88164e+07
6.79952e+06 -1.65677e+06 -2.88164e+07
6.80131e+06 -1.64949e+06 -2.88164e+07
6.80309e+06 -1.6422e+06 -2.88164e+07
6.80486e+06 -1.63491e+06 -2.88164e+07
6.80663e+06 -1.62762e+06 -2.88164e+07
6.80839e+06 -1.62033e+06 -2.88164e+07
6.81014e+06 -1.61303e+06 -2.88164e+07
6.81188e+06 -1.60574e+06 -2.88164e+07
6.81361e+06 -1.59844e+06 -2.88164e+07
6.81534e+06 -1.59114e+06 -2.88164e+07
6.81706e+06 -1.58384e+06 -2.88164e+07
6.81877e+06 -1.57653e+06 -2.88164e+07
6.82047e+06 -1.56923e+06 -2.88164e+07
6.82216e+06 -1.56192e+06 -2.88164e+07
6.82385e+06 -1.55461e+06 -2.88164e+07
6.82553e+06 -1.5473e+06 -2.88164e+07
6.8272e+06 -1.53998e+06 -2.88164e+07
6.82886e+06 -1.53267e+06 -2.88164e+07
6.83051e+06 -1.52535e+06 -2.88164e+07
6.83216e+06 -1.51803e+06 -2.88164e+07
6.8338e+06 -1.51071e+06 -2.88164e+07
6.83543e+06 -1.50339e+06 -2.88164e+07
6.83705e+06 -1.49607e+06 -2.88164e+07
6.83867e+06 -1.48874e+06 -2.88164e+07
6.84028e+06 -1.48142e+06 -2.88164e+07
6.84187e+06 -1.47409e+06 -2.88164e+07
6.84347e+06 -1.46676e+06 -2.88164e+07
6.84505e+06 -1.45942e+06 -2.88164e+07
6.84662e+06 -1.45209e+06 -2.88164e+07
6.84819e+06 -1.44476e+06 -2.88164e+07
6.84975e+06 -1.43742e+06 -2.88164e+07
6.8513e+06 -1.43008e+06 -2.88164e+07
6.85284e+06 -1.42274e+06 -2.88164e+07
6.85438e+06 -1.4154e+06 -2.88164e+07
6.85591e+06 -1.40805e+06 -2.88164e+07
6.85743e+06 -1.40071e+06 -2.88164e+07
6.85894e+06 -1.39336e+06 -2.88164e+07
6.86044e+06 -1.38601e+06 -2.88164e+07
6.86194e+06 -1.37866e+06 -2.88164e+07
6.86342e+06 -1.37131e+06 -2.88164e+07
6.8649e+06 -1.36395e+06 -2.88164e+07
6.86637e+06 -1.3566e+06 -2.88164e+07
6.86784e+06 -1.34924e+06 -2.88164e+07
6.86929e+06 -1.34188e+06 -2.88164e+07
6.87074e+06 -1.33452e+06 -2.88164e+07
6.87218e+06 -1.32716e+06 -2.88164e+07
6.87361e+06 -1.3198e+06 -2.88164e+07
6.87504e+06 -1.31243e+06 -2.88164e+07
6.87645e+06 -1.30507e+06 -2.88164e+07
6.87786e+06 -1.2977e+06 -2.88164e+07
6.87926e+06 -1.29033e+06 -2.88164e+07
6.88065e+06 -1.28296e+06 -2.88164e+07
6.88203e+06 -1.27559e+06 -2.88163e+07
6.88341e+06 -1.26822e+06 -2.88163e+07
6.88478e+06 -1.26084e+06 -2.88163e+07
6.88614e+06 -1.25346e+06 -2.88163e+07
6.88749e+06 -1.24609e+06 -2.88163e+07
6.88883e+06 -1.23871e+06 -2.88163e+07
6.89017e+06 -1.23133e+06 -2.88163e+07
6.89149e+06 -1.22394e+06 -2.88163e+07
6.89281e+06 -1.21656e+06 -2.88163e+07
6.89413e+06 -1.20917e+06 -2.88163e+07
6.89543e+06 -1.20179e+06 -2.88163e+07
6.89672e+06 -1.1944e+06 -2.88163e+07
6.89801e+06 -1.18701e+06 -2.88163e+07
6.89929e+06 -1.17962e+06 -2.88163e+07
6.90056e+06 -1.17223e+06 -2.88163e+07
6.90183e+06 -1.16483e+06 -2.88163e+07
6.90308e+06 -1.15744e+06 -2.88163e+07
6.90433e+06 -1.15004e+06 -2.88163e+07
6.90557e+06 -1.14265e+06 -2.88163e+07
6.9068e+06 -1.13525e+06 -2.88163e+07
6.90802e+06 -1.12785e+06 -2.88163e+07
6.90924e+06 -1.12045e+06 -2.88163e+07
6.91045e+06 -1.11304e+06 -2.88163e+07
6.91165e+06 -1.10564e+06 -2.88163e+07
6.91284e+06 -1.09823e+06 -2.88163e+07
6.91402e+06 -1.09083e+06 -2.88163e+07
6.91519e+06 -1.08342e+06 -2.88163e+07
6.91636e+06 -1.07601e+06 -2.88163e+07
6.91752e+06 -1.0686e+06 -2.88163e+07
6.91867e+06 -1.06119e+06 -2.88163e+07
6.91981e+06 -1.05377e+06 -2.88163e+07
6.92095e+06 -1.04636e+06 -2.88163e+07
6.92208e+06 -1.03895e+06 -2.88163e+07
6.9232e+06 -1.03153e+06 -2.88163e+07
6.92431e+06 -1.02411e+06 -2.88163e+07
6.92541e+06 -1.01669e+06 -2.88163e+07
6.9265e+06 -1.00927e+06 -2.88163e+07
6.92759e+06 -1.00185e+06 -2.88163e+07
6.92867e+06 -994428 -2.88163e+07
6.92974e+06 -987005 -2.88163e+07
6.9308e+06 -979580 -2.88163e+07
6.93186e+06 -972154 -2.88163e+07
6.9329e+06 -964727 -2.88163e+07
6.93394e+06 -957299 -2.88163e+07
6.93497e+06 -949870 -2.88163e+07
6.93599e+06 -942440 -2.88163e+07
6.93701e+06 -935008 -2.88163e+07
6.93801e+06 -927576 -2.88163e+07
6.93901e+06 -920142 -2.88163e+07
6.94e+06 -912708 -2.88163e+07
6.94098e+06 -905272 -2.88163e+07
6.94196e+06 -897835 -2.88163e+07
6.94292e+06 -890397 -2.88163e+07
6.94388e+06 -882958 -2.88163e+07
6.94483e+06 -875519 -2.88163e+07
6.94577e+06 -868078 -2.88163e+07
6.9467e+06 -860636 -2.88163e+07
6.94763e+06 -853193 -2.88163e+07
6.94855e+06 -845749 -2.88163e+07
6.94946e+06 -838304 -2.88163e+07
6.95036e+06 -830858 -2.88163e+07
6.95125e+06 -823411 -2.88163e+07
6.95214e+06 -815964 -2.88163e+07
6.95301e+06 -808515 -2.88163e+07
6.95388e+06 -801065 -2.88163e+07
6.95474e+06 -793615 -2.88163e+07
6.95559e+06 -786163 -2.88163e+07
6.95644e+06 -778711 -2.88163e+07
6.95728e+06 -771257 -2.88163e+07
6.9581e+06 -763803 -2.88163e+07
6.95892e+06 -756348 -2.88163e+07
6.95974e+06 -748892 -2.88163e+07
6.96054e+06 -741435 -2.88163e+07
6.96134e+06 -733978 -2.88163e+07
6.96212e+06 -726519 -2.88163e+07
6.9629e+06 -719060 -2.88163e+07
6.96368e+06 -711599 -2.88163e+07
6.96444e+06 -704138 -2.88163e+07
6.9652e+06 -696676 -2.88163e+07
6.96594e+06 -689214 -2.88163e+07
6.96668e+06 -681750 -2.88163e+07
6.96741e+06 -674286 -2.88163e+07
6.96814e+06 -666821 -2.88163e+07
6.96885e+06 -659355 -2.88163e+07
6.96956e+06 -651888 -2.88163e+07
6.97026e+06 -644421 -2.88163e+07
6.97095e+06 -636953 -2.88163e+07
6.97163e+06 -629484 -2.88163e+07
6.97231e+06 -622014 -2.88163e+07
6.97297e+06 -614544 -2.88163e+07
6.97363e+06 -607073 -2.88163e+07
6.97428e+06 -599601 -2.88163e+07
6.97492e+06 -592129 -2.88163e+07
6.97556e+06 -584656 -2.88163e+07
6.97618e+06 -577182 -2.88163e+07
6.9768e+06 -569707 -2.88163e+07
6.97741e+06 -562232 -2.88163e+07
6.97801e+06 -554756 -2.88163e+07
6.97861e+06 -547280 -2.88163e+07
6.97919e+06 -539803 -2.88163e+07
6.97977e+06 -532325 -2.88163e+07
6.98034e+06 -524847 -2.88163e+07
6.9809e+06 -517368 -2.88163e+07
6.98145e+06 -509888 -2.88163e+07
6.982e+06 -502408 -2.88163e+07
6.98253e+06 -494927 -2.88163e+07
6.98306e+06 -487446 -2.88163e+07
6.98358e+06 -479964 -2.88163e+07
6.9841e+06 -472482 -2.88163e+07
6.9846e+06 -464999 -2.88163e+07
6.9851e+06 -457515 -2.88163e+07
6.98558e+06 -450031 -2.88163e+07
6.98606e+06 -442547 -2.88163e+07
6.98654e+06 -435062 -2.88163e+07
6.987e+06 -427576 -2.88163e+07
6.98746e+06 -420090 -2.88163e+07
6.9879e+06 -412604 -2.88163e+07
6.98834e+06 -405117 -2.88163e+07
6.98877e+06 -397629 -2.88163e+07
6.9892e+06 -390141 -2.88163e+07
6.98961e+06 -382653 -2.88163e+07
6.99002e+06 -375164 -2.88163e+07
6.99042e+06 -367674 -2.88163e+07
6.99081e+06 -360185 -2.88163e+07
6.99119e+06 -352695 -2.88163e+07
6.99157e+06 -345204 -2.88163e+07
6.99193e+06 -337713 -2.88163e+07
6.99229e+06 -330222 -2.88163e+07
6.99264e+06 -322730 -2.88163e+07
6.99298e+06 -315238 -2.88163e+07
6.99332e+06 -307745 -2.88163e+07
6.99364e+06 -300252 -2.88163e+07
6.99396e+06 -292759 -2.88163e+07
6.99427e+06 -285266 -2.88163e+07
6.99457e+06 -277772 -2.88163e+07
6.99486e+06 -270278 -2.88163e+07
6.99515e+06 -262783 -2.88163e+07
6.99542e+06 -255288 -2.88163e+07
6.99569e+06 -247793 -2.88163e+07
6.99595e+06 -240298 -2.88163e+07
6.99621e+06 -232802 -2.88163e+07
6.99645e+06 -225306 -2.88163e+07
6.99669e+06 -217810 -2.88163e+07
6.99692e+06 -210314 -2.88163e+07
6.99714e+06 -202817 -2.88163e+07
6.99735e+06 -195320 -2.88163e+07
6.99755e+06 -187823 -2.88163e+07
6.99775e+06 -180326 -2.88163e+07
6.99793e+06 -172828 -2.88163e+07
6.99811e+06 -165330 -2.88163e+07
6.99828e+06 -157832 -2.88163e+07
6.99845e+06 -150334 -2.88163e+07
6.9986e+06 -142836 -2.88163e+07
6.99875e+06 -135337 -2.88163e+07
6.99889e+06 -127839 -2.88163e+07
6.99902e+06 -120340 -2.88163e+07
6.99914e+06 -112841 -2.88163e+07
6.99925e+06 -105342 -2.88163e+07
6.99936e+06 -97842.5 -2.88163e+07
6.99946e+06 -90343.2 -2.88163e+07
6.99955e+06 -82843.8 -2.88163e+07
6.99963e+06 -75344.2 -2.88163e+07
6.9997e+06 -67844.6 -2.88163e+07
6.99977e+06 -60345 -2.88163e+07
6.99983e+06 -52845.2 -2.88163e+07
6.99988e+06 -45345.4 -2.88163e+07
6.99992e+06 -37845.5 -2.88163e+07
6.99995e+06 -30345.6 -2.88163e+07
6.99997e+06 -22845.7 -2.88163e+07
6.99999e+06 -15345.7 -2.88163e+07
7e+06 -7845.71 -2.88163e+07
7e+06 -345.707 -2.88163e+07
6.99999e+06 7154.29 -2.88163e+07
6.99998e+06 14654.3 -2.88163e+07
6.99995e+06 22154.3 -2.88163e+07
6.99992e+06 29654.2 -2.88163e+07
6.99988e+06 37154.1 -2.88163e+07
6.99983e+06 44654 -2.88163e+07
6.99978e+06 52153.8 -2.88163e+07
6.99971e+06 59653.6 -2.88163e+07
6.99964e+06 67153.3 -2.88163e+07
6.99956e+06 74652.9 -2.88163e+07
6.99947e+06 82152.4 -2.88163e+07
6.99937e+06 89651.8 -2.88163e+07
6.99926e+06 97151.2 -2.88163e+07
6.99915e+06 104650 -2.88163e+07
6.99903e+06 112149 -2.88163e+07
6.9989e+06 119648 -2.88163e+07
6.99876e+06 127147 -2.88163e+07
6.99862e+06 134646 -2.88163e+07
6.99846e+06 142144 -2.88163e+07
6.9983e+06 149643 -2.88163e+07
6.99813e+06 157141 -2.88163e+07
6.99795e+06 164639 -2.88163e+07
6.99776e+06 172137 -2.88163e+07
6.99757e+06 179634 -2.88163e+07
6.99737e+06 187132 -2.88163e+07
6.99715e+06 194629 -2.88163e+07
6.99694e+06 202126 -2.88163e+07
6.99671e+06 209623 -2.88163e+07
6.99647e+06 217119 -2.88163e+07
6.99623e+06 224615 -2.88163e+07
6.99598e+06 232111 -2.88163e+07
6.99572e+06 239607 -2.88163e+07
6.99545e+06 247102 -2.88163e+07
6.99517e+06 254597 -2.88163e+07
6.99489e+06 262092 -2.88163e+07
6.9946e+06 269587 -2.88163e+07
6.9943e+06 277081 -2.88163e+07
6.99399e+06 284575 -2.88163e+07
6.99367e+06 292068 -2.88163e+07
6.99335e+06 299562 -2.88163e+07
6.99301e+06 307055 -2.88163e+07
6.99267e+06 314547 -2.88163e+07
6.99232e+06 322039 -2.88163e+07
6.99196e+06 329531 -2.88163e+07
6.9916e+06 337022 -2.88163e+07
6.99123e+06 344513 -2.88163e+07
6.99084e+06 352004 -2.88163e+07
6.99045e+06 359494 -2.88163e+07
6.99006e+06 366984 -2.88163e+07
6.98965e+06 374473 -2.88163e+07
6.98924e+06 381962 -2.88163e+07
6.98881e+06 389451 -2.88163e+07
6.98838e+06 396939 -2.88163e+07
6.98794e+06 404426 -2.88163e+07
6.9875e+06 411913 -2.88163e+07
6.98704e+06 419400 -2.88163e+07
6.98658e+06 426886 -2.88163e+07
6.98611e+06 434372 -2.88163e+07
6.98563e+06 441857 -2.88163e+07
6.98514e+06 449341 -2.88163e+07
6.98465e+06 456825 -2.88163e+07
6.98414e+06 464309 -2.88163e+07
6.98363e+06 471792 -2.88163e+07
6.98311e+06 479274 -2.88163e+07
6.98258e+06 486756 -2.88163e+07
6.98205e+06 494238 -2.88163e+07
6.9815e+06 501718 -2.88163e+07
6.98095e+06 509199 -2.88163e+07
6.98039e+06 516678 -2.88163e+07
6.97982e+06 524157 -2.88163e+07
6.97924e+06 531636 -2.88163e+07
6.97866e+06 539113 -2.88163e+07
6.97807e+06 546591 -2.88163e+07
6.97747e+06 554067 -2.88163e+07
6.97686e+06 561543 -2.88163e+07
6.97624e+06 569018 -2.88163e+07
6.97561e+06 576493 -2.88163e+07
6.97498e+06 583966 -2.88162e+07
6.97434e+06 591440 -2.88162e+07
6.97369e+06 598912 -2.88162e+07
6.97303e+06 606384 -2.88162e+07
6.97237e+06 613855 -2.88162e+07
6.97169e+06 621325 -2.88162e+07
6.97101e+06 628795 -2.88162e+07
6.97032e+06 636264 -2.88162e+07
6.96962e+06 643732 -2.88162e+07
6.96891e+06 651200 -2.88162e+07
6.9682e+06 658666 -2.88162e+07
6.96748e+06 666132 -2.88162e+07
6.96675e+06 673597 -2.88162e+07
6.96601e+06 681062 -2.88162e+07
6.96526e+06 688525 -2.88162e+07
6.96451e+06 695988 -2.88162e+07
6.96374e+06 703450 -2.88162e+07
6.96297e+06 710911 -2.88162e+07
6.96219e+06 718372 -2.88162e+07
6.96141e+06 725831 -2.88162e+07
6.96061e+06 733290 -2.88162e+07
6.95981e+06 740748 -2.88162e+07
6.95899e+06 748204 -2.88162e+07
6.95818e+06 755661 -2.88162e+07
6.95735e+06 763116 -2.88162e+07
6.95651e+06 770570 -2.88162e+07
6.95567e+06 778023 -2.88162e+07
6.95482e+06 785476 -2.88162e+07
6.95396e+06 792927 -2.88162e+07
6.95309e+06 800378 -2.88162e+07
6.95221e+06 807828 -2.88162e+07
6.95133e+06 815277 -2.88162e+07
6.95043e+06 822725 -2.88162e+07
6.94953e+06 830171 -2.88162e+07
6.94862e+06 837617 -2.88162e+07
6.94771e+06 845062 -2.88162e+07
6.94678e+06 852506 -2.88162e+07
6.94585e+06 859949 -2.88162e+07
6.94491e+06 867391 -2.88162e+07
6.94396e+06 874832 -2.88162e+07
6.943e+06 882272 -2.88162e+07
6.94204e+06 889711 -2.88162e+07
6.94106e+06 897149 -2.88162e+07
6.94008e+06 904586 -2.88162e+07
6.93909e+06 912022 -2.88162e+07
6.9381e+06 919456 -2.88162e+07
6.93709e+06 926890 -2.88162e+07
6.93608e+06 934323 -2.88162e+07
6.93506e+06 941754 -2.88162e+07
6.93403e+06 949184 -2.88162e+07
6.93299e+06 956614 -2.88162e+07
6.93194e+06 964042 -2.88162e+07
6.93089e+06 971469 -2.88162e+07
6.92983e+06 978895 -2.88162e+07
6.92876e+06 986320 -2.88162e+07
6.92768e+06 993743 -2.88162e+07
6.92659e+06 1.00117e+06 -2.88162e+07
6.9255e+06 1.00859e+06 -2.88162e+07
6.9244e+06 1.01601e+06 -2.88162e+07
6.92329e+06 1.02343e+06 -2.88162e+07
6.92217e+06 1.03084e+06 -2.88162e+07
6.92104e+06 1.03826e+06 -2.88162e+07
6.91991e+06 1.04568e+06 -2.88162e+07
6.91876e+06 1.05309e+06 -2.88162e+07
6.91761e+06 1.0605e+06 -2.88162e+07
6.91646e+06 1.06791e+06 -2.88162e+07
6.91529e+06 1.07533e+06 -2.88162e+07
6.91411e+06 1.08273e+06 -2.88162e+07
6.91293e+06 1.09014e+06 -2.88162e+07
6.91174e+06 1.09755e+06 -2.88162e+07
6.91054e+06 1.10495e+06 -2.88162e+07
6.90933e+06 1.11236e+06 -2.88162e+07
6.90812e+06 1.11976e+06 -2.88162e+07
6.9069e+06 1.12716e+06 -2.88162e+07
6.90567e+06 1.13456e+06 -2.88162e+07
6.90443e+06 1.14196e+06 -2.88162e+07
6.90318e+06 1.14936e+06 -2.88162e+07
6.90193e+06 1.15676e+06 -2.88162e+07
6.90066e+06 1.16415e+06 -2.88162e+07
6.89939e+06 1.17154e+06 -2.88162e+07
6.89811e+06 1.17894e+06 -2.88162e+07
6.89683e+06 1.18633e+06 -2.88162e+07
6.89553e+06 1.19372e+06 -2.88162e+07
6.89423e+06 1.2011e+06 -2.88162e+07
6.89292e+06 1.20849e+06 -2.88162e+07
6.8916e+06 1.21588e+06 -2.88162e+07
6.89027e+06 1.22326e+06 -2.88162e+07
6.88893e+06 1.23064e+06 -2.88162e+07
6.88759e+06 1.23802e+06 -2.88162e+07
6.88624e+06 1.2454e+06 -2.88162e+07
6.88488e+06 1.25278e+06 -2.88162e+07
6.88351e+06 1.26016e+06 -2.88162e+07
6.88214e+06 1.26753e+06 -2.88162e+07
6.88075e+06 1.27491e+06 -2.88162e+07
6.87936e+06 1.28228e+06 -2.88162e+07
6.87796e+06 1.28965e+06 -2.88162e+07
6.87656e+06 1.29702e+06 -2.88162e+07
6.87514e+06 1.30439e+06 -2.88162e+07
6.87372e+06 1.31175e+06 -2.88162e+07
6.87229e+06 1.31912e+06 -2.88162e+07
6.87085e+06 1.32648e+06 -2.88162e+07
6.8694e+06 1.33384e+06 -2.88162e+07
6.86795e+06 1.3412e+06 -2.88162e+07
6.86648e+06 1.34856e+06 -2.88162e+07
6.86501e+06 1.35592e+06 -2.88162e+07
6.86353e+06 1.36327e+06 -2.88162e+07
6.86204e+06 1.37063e+06 -2.88162e+07
6.86055e+06 1.37798e+06 -2.88162e+07
6.85905e+06 1.38533e+06 -2.88162e+07
6.85754e+06 1.39268e+06 -2.88162e+07
6.85602e+06 1.40003e+06 -2.88162e+07
6.85449e+06 1.40737e+06 -2.88162e+07
6.85295e+06 1.41472e+06 -2.88162e+07
6.85141e+06 1.42206e+06 -2.88162e+07
6.84986e+06 1.4294e+06 -2.88162e+07
6.8483e+06 1.43674e+06 -2.88162e+07
6.84673e+06 1.44408e+06 -2.88162e+07
6.84516e+06 1.45141e+06 -2.88162e+07
6.84358e+06 1.45874e+06 -2.88162e+07
6.84199e+06 1.46608e+06 -2.88162e+07
6.84039e+06 1.47341e+06 -2.88162e+07
6.83878e+06 1.48074e+06 -2.88162e+07
6.83717e+06 1.48806e+06 -2.88162e+07
6.83554e+06 1.49539e+06 -2.88162e+07
6.83391e+06 1.50271e+06 -2.88162e+07
6.83227e+06 1.51004e+06 -2.88162e+07
6.83063e+06 1.51736e+06 -2.88162e+07
6.82897e+06 1.52467e+06 -2.88162e+07
6.82731e+06 1.53199e+06 -2.88162e+07
6.82564e+06 1.53931e+06 -2.88162e+07
6.82396e+06 1.54662e+06 -2.88162e+07
6.82228e+06 1.55393e+06 -2.88162e+07
6.82058e+06 1.56124e+06 -2.88162e+07
6.81888e+06 1.56855e+06 -2.88162e+07
6.81717e+06 1.57585e+06 -2.88162e+07
6.81545e+06 1.58316e+06 -2.88162e+07
6.81373e+06 1.59046e+06 -2.88162e+07
6.81199e+06 1.59776e+06 -2.88162e+07
6.81025e+06 1.60506e+06 -2.88162e+07
6.8085e+06 1.61235e+06 -2.88162e+07
6.80674e+06 1.61965e+06 -2.88162e+07
6.80498e+06 1.62694e+06 -2.88162e+07
6.8032e+06 1.63423e+06 -2.88162e+07
6.80142e+06 1.64152e+06 -2.88162e+07
6.79963e+06 1.64881e+06 -2.88162e+07
6.79784e+06 1.65609e+06 -2.88162e+07
6.79603e+06 1.66338e+06 -2.88162e+07
6.79422e+06 1.67066e+06 -2.88162e+07
6.7924e+06 1.67794e+06 -2.88162e+07
6.79057e+06 1.68522e+06 -2.88162e+07
6.78873e+06 1.69249e+06 -2.88162e+07
6.78689e+06 1.69976e+06 -2.88162e+07
6.78503e+06 1.70704e+06 -2.88162e+07
6.78317e+06 1.71431e+06 -2.88162e+07
6.78131e+06 1.72157e+06 -2.88162e+07
6.77943e+06 1.72884e+06 -2.88162e+07
6.77755e+06 1.7361e+06 -2.88162e+07
6.77565e+06 1.74336e+06 -2.88162e+07
6.77375e+06 1.75062e+06 -2.88162e+07
6.77185e+06 1.75788e+06 -2.88162e+07
6.76993e+06 1.76514e+06 -2.88162e+07
6.76801e+06 1.77239e+06 -2.88162e+07
6.76608e+06 1.77964e+06 -2.88162e+07
6.76414e+06 1.78689e+06 -2.88162e+07
6.76219e+06 1.79414e+06 -2.88162e+07
6.76023e+06 1.80138e+06 -2.88162e+07
6.75827e+06 1.80863e+06 -2.88162e+07
6.7563e+06 1.81587e+06 -2.88162e+07
6.75432e+06 1.82311e+06 -2.88162e+07
6.75234e+06 1.83034e+06 -2.88162e+07
6.75034e+06 1.83758e+06 -2.88162e+07
6.74834e+06 1.84481e+06 -2.88162e+07
6.74633e+06 1.85204e+06 -2.88162e+07
6.74431e+06 1.85927e+06 -2.88162e+07
6.74229e+06 1.86649e+06 -2.88162e+07
6.74025e+06 1.87372e+06 -2.88162e+07
6.73821e+06 1.88094e+06 -2.88162e+07
6.73616e+06 1.88816e+06 -2.88162e+07
6.7341e+06 1.89537e+06 -2.88162e+07
6.73204e+06 1.90259e+06 -2.88162e+07
6.72997e+06 1.9098e+06 -2.88162e+07
6.72789e+06 1.91701e+06 -2.88162e+07
6.7258e+06 1.92422e+06 -2.88162e+07
6.7237e+06 1.93143e+06 -2.88162e+07
6.7216e+06 1.93863e+06 -2.88162e+07
6.71949e+06 1.94583e+06 -2.88162e+07
6.71737e+06 1.95303e+06 -2.88162e+07
6.71524e+06 1.96023e+06 -2.88162e+07
6.7131e+06 1.96742e+06 -2.88162e+07
6.71096e+06 1.97462e+06 -2.88162e+07
6.70881e+06 1.98181e+06 -2.88162e+07
6.70665e+06 1.98899e+06 -2.88162e+07
6.70448e+06 1.99618e+06 -2.88162e+07
6.70231e+06 2.00336e+06 -2.88162e+07
6.70013e+06 2.01054e+06 -2.88162e+07
6.69794e+06 2.01772e+06 -2.88162e+07
6.69574e+06 2.0249e+06 -2.88162e+07
6.69353e+06 2.03207e+06 -2.88162e+07
6.69132e+06 2.03924e+06 -2.88162e+07
6.6891e+06 2.04641e+06 -2.88162e+07
6.68687e+06 2.05358e+06 -2.88162e+07
6.68463e+06 2.06074e+06 -2.88162e+07
6.68239e+06 2.0679e+06 -2.88162e+07
6.68013e+06 2.07506e+06 -2.88162e+07
6.67787e+06 2.08222e+06 -2.88162e+07
6.67561e+06 2.08938e+06 -2.88162e+07
6.67333e+06 2.09653e+06 -2.88162e+07
6.67105e+06 2.10368e+06 -2.88162e+07
6.66876e+06 2.11083e+06 -2.88162e+07
6.66646e+06 2.11797e+06 -2.88162e+07
6.66415e+06 2.12511e+06 -2.88162e+07
6.66184e+06 2.13225e+06 -2.88162e+07
6.65951e+06 2.13939e+06 -2.88162e+07
6.65718e+06 2.14652e+06 -2.88162e+07
6.65485e+06 2.15366e+06 -2.88162e+07
6.6525e+06 2.16079e+06 -2.88162e+07
6.65015e+06 2.16791e+06 -2.88162e+07
6.64779e+06 2.17504e+06 -2.88162e+07
6.64542e+06 2.18216e+06 -2.88162e+07
6.64304e+06 2.18928e+06 -2.88162e+07
6.64066e+06 2.1964e+06 -2.88162e+07
6.63826e+06 2.20351e+06 -2.88162e+07
6.63586e+06 2.21063e+06 -2.88162e+07
6.63346e+06 2.21773e+06 -2.88162e+07
6.63104e+06 2.22484e+06 -2.88162e+07
6.62862e+06 2.23195e+06 -2.88162e+07
6.62619e+06 2.23905e+06 -2.88162e+07
6.62375e+06 2.24615e+06 -2.88162e+07
6.6213e+06 2.25324e+06 -2.88162e+07
6.61885e+06 2.26034e+06 -2.88162e+07
6.61639e+06 2.26743e+06 -2.88162e+07
6.61392e+06 2.27452e+06 -2.88162e+07
6.61144e+06 2.2816e+06 -2.88162e+07
6.60896e+06 2.28869e+06 -2.88162e+07
6.60647e+06 2.29577e+06 -2.88162e+07
6.60397e+06 2.30285e+06 -2.88162e+07
6.60146e+06 2.30992e+06 -2.88162e+07
6.59894e+06 2.31699e+06 -2.88162e+07
6.59642e+06 2.32406e+06 -2.88162e+07
6.59389e+06 2.33113e+06 -2.88162e+07
6.59135e+06 2.33819e+06 -2.88162e+07
6.5888e+06 2.34526e+06 -2.88162e+07
6.58625e+06 2.35232e+06 -2.88162e+07
6.58369e+06 2.35937e+06 -2.88162e+07
6.58112e+06 2.36643e+06 -2.88162e+07
6.57854e+06 2.37348e+06 -2.88162e+07
6.57596e+06 2.38052e+06 -2.88162e+07
6.57337e+06 2.38757e+06 -2.88162e+07
6.57077e+06 2.39461e+06 -2.88162e+07
6.56816e+06 2.40165e+06 -2.88162e+07
6.56554e+06 2.40869e+06 -2.88162e+07
6.56292e+06 2.41572e+06 -2.88162e+07
6.56029e+06 2.42275e+06 -2.88162e+07
6.55765e+06 2.42978e+06 -2.88162e+07
6.55501e+06 2.43681e+06 -2.88162e+07
6.55235e+06 2.44383e+06 -2.88162e+07
6.54969e+06 2.45085e+06 -2.88162e+07
6.54702e+06 2.45787e+06 -2.88161e+07
6.54435e+06 2.46488e+06 -2.88161e+07
6.54166e+06 2.47189e+06 -2.88161e+07
6.53897e+06 2.4789e+06 -2.88161e+07
6.53627e+06 2.48591e+06 -2.88161e+07
6.53357e+06 2.49291e+06 -2.88161e+07
6.53085e+06 2.49991e+06 -2.88161e+07
6.52813e+06 2.50691e+06 -2.88161e+07
6.5254e+06 2.5139e+06 -2.88161e+07
6.52266e+06 2.52089e+06 -2.88161e+07
6.51992e+06 2.52788e+06 -2.88161e+07
6.51716e+06 2.53486e+06 -2.88161e+07
6.5144e+06 2.54185e+06 -2.88161e+07
6.51164e+06 2.54883e+06 -2.88161e+07
6.50886e+06 2.5558e+06 -2.88161e+07
6.50608e+06 2.56278e+06 -2.88161e+07
6.50329e+06 2.56975e+06 -2.88161e+07
6.50049e+06 2.57671e+06 -2.88161e+07
6.49769e+06 2.58368e+06 -2.88161e+07
6.49487e+06 2.59064e+06 -2.88161e+07
6.49205e+06 2.5976e+06 -2.88161e+07
6.48922e+06 2.60455e+06 -2.88161e+07
6.48639e+06 2.6115e+06 -2.88161e+07
6.48354e+06 2.61845e+06 -2.88161e+07
6.48069e+06 2.6254e+06 -2.88161e+07
6.47783e+06 2.63234e+06 -2.88161e+07
6.47497e+06 2.63928e+06 -2.88161e+07
6.4721e+06 2.64622e+06 -2.88161e+07
6.46921e+06 2.65315e+06 -2.88161e+07
6.46633e+06 2.66008e+06 -2.88161e+07
6.46343e+06 2.66701e+06 -2.88161e+07
6.46053e+06 2.67394e+06 -2.88161e+07
6.45761e+06 2.68086e+06 -2.88161e+07
6.4547e+06 2.68777e+06 -2.88161e+07
6.45177e+06 2.69469e+06 -2.88161e+07
6.44883e+06 2.7016e+06 -2.88161e+07
6.44589e+06 2.70851e+06 -2.88161e+07
6.44294e+06 2.71542e+06 -2.88161e+07
6.43999e+06 2.72232e+06 -2.88161e+07
6.43702e+06 2.72922e+06 -2.88161e+07
6.43405e+06 2.73611e+06 -2.88161e+07
6.43107e+06 2.74301e+06 -2.88161e+07
6.42809e+06 2.7499e+06 -2.88161e+07
6.42509e+06 2.75678e+06 -2.88161e+07
6.42209e+06 2.76367e+06 -2.88161e+07
6.41908e+06 2.77055e+06 -2.88161e+07
6.41607e+06 2.77742e+06 -2.88161e+07
6.41304e+06 2.7843e+06 -2.88161e+07
6.41001e+06 2.79117e+06 -2.88161e+07
6.40697e+06 2.79803e+06 -2.88161e+07
6.40393e+06 2.8049e+06 -2.88161e+07
6.40087e+06 2.81176e+06 -2.88161e+07
6.39781e+06 2.81862e+06 -2.88161e+07
6.39474e+06 2.82547e+06 -2.88161e+07
6.39167e+06 2.83232e+06 -2.88161e+07
6.38858e+06 2.83917e+06 -2.88161e+07
6.38549e+06 2.84601e+06 -2.88161e+07
6.38239e+06 2.85285e+06 -2.88161e+07
6.37929e+06 2.85969e+06 -2.88161e+07
6.37617e+06 2.86652e+06 -2.88161e+07
6.37305e+06 2.87335e+06 -2.88161e+07
6.36992e+06 2.88018e+06 -2.88161e+07
6.36679e+06 2.88701e+06 -2.88161e+07
6.36365e+06 2.89383e+06 -2.88161e+07
6.3605e+06 2.90064e+06 -2.88161e+07
6.35734e+06 2.90746e+06 -2.88161e+07
6.35417e+06 2.91427e+06 -2.88161e+07
6.351e+06 2.92108e+06 -2.88161e+07
6.34782e+06 2.92788e+06 -2.88161e+07
6.34463e+06 2.93468e+06 -2.88161e+07
6.34144e+06 2.94148e+06 -2.88161e+07
6.33823e+06 2.94827e+06 -2.88161e+07
6.33502e+06 2.95506e+06 -2.88161e+07
6.33181e+06 2.96185e+06 -2.88161e+07
6.32858e+06 2.96863e+06 -2.88161e+07
6.32535e+06 2.97541e+06 -2.88161e+07
6.32211e+06 2.98219e+06 -2.88161e+07
6.31886e+06 2.98896e+06 -2.88161e+07
6.31561e+06 2.99573e+06 -2.88161e+07
6.31235e+06 3.00249e+06 -2.88161e+07
6.30908e+06 3.00925e+06 -2.88161e+07
6.3058e+06 3.01601e+06 -2.88161e+07
6.30252e+06 3.02277e+06 -2.88161e+07
6.29923e+06 3.02952e+06 -2.88161e+07
6.29593e+06 3.03627e+06 -2.88161e+07
6.29262e+06 3.04301e+06 -2.88161e+07
6.28931e+06 3.04975e+06 -2.88161e+07
6.28599e+06 3.05649e+06 -2.88161e+07
6.28266e+06 3.06323e+06 -2.88161e+07
6.27933e+06 3.06996e+06 -2.88161e+07
6.27599e+06 3.07668e+06 -2.88161e+07
6.27264e+06 3.08341e+06 -2.88161e+07
6.26928e+06 3.09012e+06 -2.88161e+07
6.26592e+06 3.09684e+06 -2.88161e+07
6.26254e+06 3.10355e+06 -2.88161e+07
6.25916e+06 3.11026e+06 -2.88161e+07
6.25578e+06 3.11697e+06 -2.88161e+07
6.25238e+06 3.12367e+06 -2.88161e+07
6.24898e+06 3.13037e+06 -2.88161e+07
6.24558e+06 3.13706e+06 -2.88161e+07
6.24216e+06 3.14375e+06 -2.88161e+07
6.23874e+06 3.15044e+06 -2.88161e+07
6.23531e+06 3.15712e+06 -2.88161e+07
6.23187e+06 3.1638e+06 -2.88161e+07
6.22843e+06 3.17048e+06 -2.88161e+07
6.22497e+06 3.17715e+06 -2.88161e+07
6.22151e+06 3.18382e+06 -2.88161e+07
6.21805e+06 3.19048e+06 -2.88161e+07
6.21457e+06 3.19714e+06 -2.88161e+07
6.21109e+06 3.2038e+06 -2.88161e+07
6.20761e+06 3.21045e+06 -2.88161e+07
6.20411e+06 3.2171e+06 -2.88161e+07
6.20061e+06 3.22375e+06 -2.88161e+07
6.1971e+06 3.23039e+06 -2.88161e+07
6.19358e+06 3.23703e+06 -2.88161e+07
6.19006e+06 3.24366e+06 -2.88161e+07
6.18652e+06 3.25029e+06 -2.88161e+07
6.18299e+06 3.25692e+06 -2.88161e+07
6.17944e+06 3.26354e+06 -2.88161e+07
6.17589e+06 3.27016e+06 -2.88161e+07
6.17233e+06 3.27678e+06 -2.88161e+07
6.16876e+06 3.28339e+06 -2.88161e+07
6.16518e+06 3.29e+06 -2.88161e+07
6.1616e+06 3.2966e+06 -2.88161e+07
6.15801e+06 3.3032e+06 -2.88161e+07
6.15442e+06 3.3098e+06 -2.88161e+07
6.15081e+06 3.31639e+06 -2.88161e+07
6.1472e+06 3.32298e+06 -2.88161e+07
6.14358e+06 3.32956e+06 -2.88161e+07
6.13996e+06 3.33614e+06 -2.88161e+07
6.13633e+06 3.34272e+06 -2.88161e+07
6.13269e+06 3.34929e+06 -2.88161e+07
6.12904e+06 3.35586e+06 -2.88161e+07
6.12539e+06 3.36243e+06 -2.88161e+07
6.12172e+06 3.36899e+06 -2.88161e+07
6.11806e+06 3.37555e+06 -2.88161e+07
6.11438e+06 3.3821e+06 -2.88161e+07
6.1107e+06 3.38865e+06 -2.88161e+07
6.10701e+06 3.3952e+06 -2.88161e+07
6.10331e+06 3.40174e+06 -2.88161e+07
6.09961e+06 3.40827e+06 -2.88161e+07
6.0959e+06 3.41481e+06 -2.88161e+07
6.09218e+06 3.42134e+06 -2.88161e+07
6.08845e+06 3.42786e+06 -2.88161e+07
6.08472e+06 3.43438e+06 -2.88161e+07
6.08098e+06 3.4409e+06 -2.88161e+07
6.07724e+06 3.44742e+06 -2.88161e+07
6.07348e+06 3.45392e+06 -2.88161e+07
6.06972e+06 3.46043e+06 -2.88161e+07
6.06595e+06 3.46693e+06 -2.88161e+07
6.06218e+06 3.47343e+06 -2.88161e+07
6.0584e+06 3.47992e+06 -2.88161e+07
6.05461e+06 3.48641e+06 -2.88161e+07
6.05081e+06 3.4929e+06 -2.88161e+07
6.04701e+06 3.49938e+06 -2.88161e+07
6.0432e+06 3.50585e+06 -2.88161e+07
6.03938e+06 3.51233e+06 -2.88161e+07
6.03556e+06 3.5188e+06 -2.88161e+07
6.03172e+06 3.52526e+06 -2.88161e+07
6.02789e+06 3.53172e+06 -2.88161e+07
6.02404e+06 3.53818e+06 -2.88161e+07
6.02019e+06 3.54463e+06 -2.88161e+07
6.01633e+06 3.55108e+06 -2.88161e+07
6.01246e+06 3.55752e+06 -2.88161e+07
6.00859e+06 3.56396e+06 -2.88161e+07
6.00471e+06 3.5704e+06 -2.88161e+07
6.00082e+06 3.57683e+06 -2.88161e+07
5.99692e+06 3.58326e+06 -2.88161e+07
5.99302e+06 3.58968e+06 -2.88161e+07
5.98911e+06 3.5961e+06 -2.88161e+07
5.9852e+06 3.60251e+06 -2.88161e+07
5.98128e+06 3.60892e+06 -2.88161e+07
5.97735e+06 3.61533e+06 -2.88161e+07
5.97341e+06 3.62173e+06 -2.88161e+07
5.96947e+06 3.62813e+06 -2.88161e+07
5.96551e+06 3.63452e+06 -2.88161e+07
5.96156e+06 3.64091e+06 -2.88161e+07
5.95759e+06 3.6473e+06 -2.88161e+07
5.95362e+06 3.65368e+06 -2.88161e+07
5.94964e+06 3.66006e+06 -2.88161e+07
5.94566e+06 3.66643e+06 -2.88161e+07
5.94166e+06 3.6728e+06 -2.88161e+07
5.93766e+06 3.67916e+06 -2.88161e+07
5.93366e+06 3.68552e+06 -2.88161e+07
5.92964e+06 3.69187e+06 -2.88161e+07
5.92562e+06 3.69822e+06 -2.88161e+07
5.9216e+06 3.70457e+06 -2.88161e+07
5.91756e+06 3.71091e+06 -2.88161e+07
5.91352e+06 3.71725e+06 -2.88161e+07
5.90947e+06 3.72358e+06 -2.88161e+07
5.90542e+06 3.72991e+06 -2.88161e+07
5.90136e+06 3.73624e+06 -2.88161e+07
5.89729e+06 3.74256e+06 -2.88161e+07
5.89321e+06 3.74887e+06 -2.88161e+07
5.88913e+06 3.75518e+06 -2.88161e+07
5.88504e+06 3.76149e+06 -2.88161e+07
5.88094e+06 3.76779e+06 -2.88161e+07
5.87684e+06 3.77409e+06 -2.88161e+07
5.87273e+06 3.78039e+06 -2.88161e+07
5.86861e+06 3.78668e+06 -2.88161e+07
5.86449e+06 3.79296e+06 -2.88161e+07
5.86036e+06 3.79924e+06 -2.88161e+07
5.85622e+06 3.80552e+06 -2.88161e+07
5.85208e+06 3.81179e+06 -2.88161e+07
5.84793e+06 3.81806e+06 -2.88161e+07
5.84377e+06 3.82432e+06 -2.88161e+07
5.8396e+06 3.83058e+06 -2.88161e+07
5.83543e+06 3.83683e+06 -2.88161e+07
5.83125e+06 3.84308e+06 -2.88161e+07
5.82707e+06 3.84933e+06 -2.88161e+07
5.82288e+06 3.85557e+06 -2.88161e+07
5.81868e+06 3.8618e+06 -2.88161e+07
5.81447e+06 3.86803e+06 -2.88161e+07
5.81026e+06 3.87426e+06 -2.88161e+07
5.80604e+06 3.88048e+06 -2.88161e+07
5.80181e+06 3.8867e+06 -2.88161e+07
5.79758e+06 3.89291e+06 -2.88161e+07
5.79334e+06 3.89912e+06 -2.88161e+07
5.78909e+06 3.90533e+06 -2.88161e+07
5.78484e+06 3.91153e+06 -2.88161e+07
5.78058e+06 3.91772e+06 -2.88161e+07
5.77631e+06 3.92391e+06 -2.88161e+07
5.77204e+06 3.9301e+06 -2.88161e+07
5.76776e+06 3.93628e+06 -2.88161e+07
5.76347e+06 3.94245e+06 -2.88161e+07
5.75918e+06 3.94863e+06 -2.88161e+07
5.75488e+06 3.95479e+06 -2.88161e+07
5.75057e+06 3.96096e+06 -2.88161e+07
5.74626e+06 3.96711e+06 -2.88161e+07
5.74193e+06 3.97327e+06 -2.88161e+07
5.73761e+06 3.97942e+06 -2.88161e+07
5.73327e+06 3.98556e+06 -2.88161e+07
5.72893e+06 3.9917e+06 -2.88161e+07
5.72458e+06 3.99783e+06 -2.88161e+07
5.72023e+06 4.00396e+06 -2.88161e+07
5.71587e+06 4.01009e+06 -2.88161e+07
5.7115e+06 4.01621e+06 -2.88161e+07
5.70713e+06 4.02233e+06 -2.88161e+07
5.70275e+06 4.02844e+06 -2.88161e+07
5.69836e+06 4.03454e+06 -2.88161e+07
5.69396e+06 4.04065e+06 -2.88161e+07
5.68956e+06 4.04674e+06 -2.88161e+07
5.68515e+06 4.05284e+06 -2.88161e+07
5.68074e+06 4.05892e+06 -2.88161e+07
5.67632e+06 4.06501e+06 -2.88161e+07
5.67189e+06 4.07108e+06 -2.88161e+07
5.66746e+06 4.07716e+06 -2.88161e+07
5.66302e+06 4.08323e+06 -2.88161e+07
5.65857e+06 4.08929e+06 -2.88161e+07
5.65411e+06 4.09535e+06 -2.88161e+07
5.64965e+06 4.1014e+06 -2.88161e+07
5.64518e+06 4.10745e+06 -2.88161e+07
5.64071e+06 4.1135e+06 -2.88161e+07
5.63623e+06 4.11954e+06 -2.88161e+07
5.63174e+06 4.12557e+06 -2.88161e+07
5.62725e+06 4.1316e+06 -2.88161e+07
5.62275e+06 4.13763e+06 -2.88161e+07
5.61824e+06 4.14365e+06 -2.88161e+07
5.61373e+06 4.14966e+06 -2.88161e+07
5.60921e+06 4.15567e+06 -2.88161e+07
5.60468e+06 4.16168e+06 -2.88161e+07
5.60015e+06 4.16768e+06 -2.88161e+07
5.59561e+06 4.17368e+06 -2.88161e+07
5.59106e+06 4.17967e+06 -2.88161e+07
5.58651e+06 4.18565e+06 -2.88161e+07
5.58195e+06 4.19163e+06 -2.88161e+07
5.57738e+06 4.19761e+06 -2.88161e+07
5.57281e+06 4.20358e+06 -2.88161e+07
5.56823e+06 4.20955e+06 -2.88161e+07
5.56364e+06 4.21551e+06 -2.88161e+07
5.55905e+06 4.22147e+06 -2.88161e+07
5.55445e+06 4.22742e+06 -2.88161e+07
5.54985e+06 4.23337e+06 -2.88161e+07
5.54523e+06 4.23931e+06 -2.88161e+07
5.54062e+06 4.24524e+06 -2.88161e+07
5.53599e+06 4.25118e+06 -2.88161e+07
5.53136e+06 4.2571e+06 -2.88161e+07
5.52672e+06 4.26302e+06 -2.88161e+07
5.52208e+06 4.26894e+06 -2.88161e+07
5.51743e+06 4.27485e+06 -2.88161e+07
5.51277e+06 4.28076e+06 -2.88161e+07
5.5081e+06 4.28666e+06 -2.88161e+07
5.50343e+06 4.29256e+06 -2.88161e+07
5.49876e+06 4.29845e+06 -2.88161e+07
5.49408e+06 4.30434e+06 -2.88161e+07
5.48939e+06 4.31022e+06 -2.88161e+07
5.48469e+06 4.3161e+06 -2.88161e+07
5.47999e+06 4.32197e+06 -2.88161e+07
5.47528e+06 4.32783e+06 -2.88161e+07
5.47056e+06 4.3337e+06 -2.88161e+07
5.46584e+06 4.33955e+06 -2.8816e+07
5.46111e+06 4.3454e+06 -2.8816e+07
5.45638e+06 4.35125e+06 -2.8816e+07
5.45164e+06 4.35709e+06 -2.8816e+07
5.44689e+06 4.36293e+06 -2.8816e+07
5.44214e+06 4.36876e+06 -2.8816e+07
5.43738e+06 4.37458e+06 -2.8816e+07
5.43261e+06 4.3804e+06 -2.8816e+07
5.42784e+06 4.38622e+06 -2.8816e+07
5.42306e+06 4.39203e+06 -2.8816e+07
5.41827e+06 4.39783e+06 -2.8816e+07
5.41348e+06 4.40364e+06 -2.8816e+07
5.40868e+06 4.40943e+06 -2.8816e+07
5.40388e+06 4.41522e+06 -2.8816e+07
5.39907e+06 4.421e+06 -2.8816e+07
5.39425e+06 4.42678e+06 -2.8816e+07
5.38943e+06 4.43256e+06 -2.8816e+07
5.3846e+06 4.43833e+06 -2.8816e+07
5.37976e+06 4.44409e+06 -2.8816e+07
5.37492e+06 4.44985e+06 -2.8816e+07
5.37007e+06 4.4556e+06 -2.8816e+07
5.36521e+06 4.46135e+06 -2.8816e+07
5.36035e+06 4.46709e+06 -2.8816e+07
5.35549e+06 4.47283e+06 -2.8816e+07
5.35061e+06 4.47856e+06 -2.8816e+07
5.34573e+06 4.48429e+06 -2.8816e+07
5.34084e+06 4.49001e+06 -2.8816e+07
5.33595e+06 4.49573e+06 -2.8816e+07
5.33105e+06 4.50144e+06 -2.8816e+07
5.32615e+06 4.50715e+06 -2.8816e+07
5.32124e+06 4.51285e+06 -2.8816e+07
5.31632e+06 4.51854e+06 -2.8816e+07
5.31139e+06 4.52423e+06 -2.8816e+07
5.30646e+06 4.52992e+06 -2.8816e+07
5.30153e+06 4.5356e+06 -2.8816e+07
5.29658e+06 4.54127e+06 -2.8816e+07
5.29164e+06 4.54694e+06 -2.8816e+07
5.28668e+06 4.5526e+06 -2.8816e+07
5.28172e+06 4.55826e+06 -2.8816e+07
5.27675e+06 4.56391e+06 -2.8816e+07
5.27178e+06 4.56956e+06 -2.8816e+07
5.2668e+06 4.5752e+06 -2.8816e+07
5.26181e+06 4.58084e+06 -2.8816e+07
5.25682e+06 4.58647e+06 -2.8816e+07
5.25182e+06 4.5921e+06 -2.8816e+07
5.24682e+06 4.59772e+06 -2.8816e+07
5.24181e+06 4.60333e+06 -2.8816e+07
5.23679e+06 4.60894e+06 -2.8816e+07
5.23177e+06 4.61455e+06 -2.8816e+07
5.22674e+06 4.62015e+06 -2.8816e+07
5.2217e+06 4.62574e+06 -2.8816e+07
5.21666e+06 4.63133e+06 -2.8816e+07
5.21161e+06 4.63691e+06 -2.8816e+07
5.20656e+06 4.64249e+06 -2.8816e+07
5.2015e+06 4.64806e+06 -2.8816e+07
5.19643e+06 4.65363e+06 -2.8816e+07
5.19136e+06 4.65919e+06 -2.8816e+07
5.18628e+06 4.66474e+06 -2.8816e+07
5.1812e+06 4.67029e+06 -2.8816e+07
5.17611e+06 4.67584e+06 -2.8816e+07
5.17101e+06 4.68138e+06 -2.8816e+07
5.16591e+06 4.68691e+06 -2.8816e+07
5.1608e+06 4.69244e+06 -2.8816e+07
5.15569e+06 4.69796e+06 -2.8816e+07
5.15056e+06 4.70348e+06 -2.8816e+07
5.14544e+06 4.70899e+06 -2.8816e+07
5.14031e+06 4.71449e+06 -2.8816e+07
5.13517e+06 4.71999e+06 -2.8816e+07
5.13002e+06 4.72549e+06 -2.8816e+07
5.12487e+06 4.73098e+06 -2.8816e+07
5.11971e+06 4.73646e+06 -2.8816e+07
5.11455e+06 4.74194e+06 -2.8816e+07
5.10938e+06 4.74741e+06 -2.8816e+07
5.10421e+06 4.75288e+06 -2.8816e+07
5.09903e+06 4.75834e+06 -2.8816e+07
5.09384e+06 4.7638e+06 -2.8816e+07
5.08865e+06 4.76925e+06 -2.8816e+07
5.08345e+06 4.77469e+06 -2.8816e+07
5.07824e+06 4.78013e+06 -2.8816e+07
5.07303e+06 4.78556e+06 -2.8816e+07
5.06782e+06 4.79099e+06 -2.8816e+07
5.06259e+06 4.79641e+06 -2.8816e+07
5.05736e+06 4.80183e+06 -2.8816e+07
5.05213e+06 4.80724e+06 -2.8816e+07
5.04689e+06 4.81264e+06 -2.8816e+07
5.04164e+06 4.81804e+06 -2.8816e+07
5.03639e+06 4.82344e+06 -2.8816e+07
5.03113e+06 4.82883e+06 -2.8816e+07
5.02587e+06 4.83421e+06 -2.8816e+07
5.0206e+06 4.83958e+06 -2.8816e+07
5.01532e+06 4.84496e+06 -2.8816e+07
5.01004e+06 4.85032e+06 -2.8816e+07
5.00475e+06 4.85568e+06 -2.8816e+07
4.99946e+06 4.86104e+06 -2.8816e+07
4.99416e+06 4.86638e+06 -2.8816e+07
4.98885e+06 4.87173e+06 -2.8816e+07
4.98354e+06 4.87706e+06 -2.8816e+07
4.97822e+06 4.88239e+06 -2.8816e+07
4.9729e+06 4.88772e+06 -2.8816e+07
4.96757e+06 4.89304e+06 -2.8816e+07
4.96224e+06 4.89835e+06 -2.8816e+07
4.9569e+06 4.90366e+06 -2.8816e+07
4.95155e+06 4.90896e+06 -2.8816e+07
4.9462e+06 4.91426e+06 -2.8816e+07
4.94084e+06 4.91955e+06 -2.8816e+07
4.93548e+06 4.92484e+06 -2.8816e+07
4.93011e+06 4.93011e+06 -2.8816e+07
4.92473e+06 4.93539e+06 -2.8816e+07
4.91935e+06 4.94066e+06 -2.8816e+07
4.91396e+06 4.94592e+06 -2.8816e+07
4.90857e+06 4.95117e+06 -2.8816e+07
4.90317e+06 4.95642e+06 -2.8816e+07
4.89777e+06 4.96167e+06 -2.8816e+07
4.89236e+06 4.96691e+06 -2.8816e+07
4.88694e+06 4.97214e+06 -2.8816e+07
4.88152e+06 4.97737e+06 -2.8816e+07
4.87609e+06 4.98259e+06 -2.8816e+07
4.87066e+06 4.9878e+06 -2.8816e+07
4.86522e+06 4.99301e+06 -2.8816e+07
4.85978e+06 4.99821e+06 -2.8816e+07
4.85433e+06 5.00341e+06 -2.8816e+07
4.84887e+06 5.0086e+06 -2.8816e+07
4.84341e+06 5.01379e+06 -2.8816e+07
4.83794e+06 5.01897e+06 -2.8816e+07
4.83247e+06 5.02414e+06 -2.8816e+07
4.82699e+06 5.02931e+06 -2.8816e+07
4.8215e+06 5.03447e+06 -2.8816e+07
4.81601e+06 5.03963e+06 -2.8816e+07
4.81052e+06 5.04478e+06 -2.8816e+07
4.80502e+06 5.04992e+06 -2.8816e+07
4.79951e+06 5.05506e+06 -2.8816e+07
4.794e+06 5.06019e+06 -2.8816e+07
4.78848e+06 5.06532e+06 -2.8816e+07
4.78295e+06 5.07044e+06 -2.8816e+07
4.77742e+06 5.07556e+06 -2.8816e+07
4.77189e+06 5.08066e+06 -2.8816e+07
4.76635e+06 5.08577e+06 -2.8816e+07
4.7608e+06 5.09086e+06 -2.8816e+07
4.75525e+06 5.09595e+06 -2.8816e+07
4.74969e+06 5.10104e+06 -2.8816e+07
4.74413e+06 5.10612e+06 -2.8816e+07
4.73856e+06 5.11119e+06 -2.8816e+07
4.73299e+06 5.11626e+06 -2.8816e+07
4.72741e+06 5.12132e+06 -2.8816e+07
4.72182e+06 5.12637e+06 -2.8816e+07
4.71623e+06 5.13142e+06 -2.8816e+07
4.71063e+06 5.13646e+06 -2.8816e+07
4.70503e+06 5.1415e+06 -2.8816e+07
4.69942e+06 5.14653e+06 -2.8816e+07
4.69381e+06 5.15155e+06 -2.8816e+07
4.68819e+06 5.15657e+06 -2.8816e+07
4.68257e+06 5.16158e+06 -2.8816e+07
4.67694e+06 5.16659e+06 -2.8816e+07
4.6713e+06 5.17159e+06 -2.8816e+07
4.66566e+06 5.17658e+06 -2.8816e+07
4.66001e+06 5.18157e+06 -2.8816e+07
4.65436e+06 5.18655e+06 -2.8816e+07
4.6487e+06 5.19153e+06 -2.8816e+07
4.64304e+06 5.1965e+06 -2.8816e+07
4.63737e+06 5.20146e+06 -2.8816e+07
4.6317e+06 5.20642e+06 -2.8816e+07
4.62602e+06 5.21137e+06 -2.8816e+07
4.62034e+06 5.21631e+06 -2.8816e+07
4.61465e+06 5.22125e+06 -2.8816e+07
4.60895e+06 5.22618e+06 -2.8816e+07
4.60325e+06 5.23111e+06 -2.8816e+07
4.59754e+06 5.23603e+06 -2.8816e+07
4.59183e+06 5.24094e+06 -2.8816e+07
4.58611e+06 5.24585e+06 -2.8816e+07
4.58039e+06 5.25075e+06 -2.8816e+07
4.57466e+06 5.25565e+06 -2.8816e+07
4.56893e+06 5.26054e+06 -2.8816e+07
4.56319e+06 5.26542e+06 -2.8816e+07
4.55745e+06 5.2703e+06 -2.8816e+07
4.5517e+06 5.27517e+06 -2.8816e+07
4.54594e+06 5.28003e+06 -2.8816e+07
4.54018e+06 5.28489e+06 -2.8816e+07
4.53442e+06 5.28974e+06 -2.8816e+07
4.52865e+06 5.29459e+06 -2.8816e+07
4.52287e+06 5.29943e+06 -2.8816e+07
4.51709e+06 5.30426e+06 -2.8816e+07
4.5113e+06 5.30909e+06 -2.8816e+07
4.50551e+06 5.31391e+06 -2.8816e+07
4.49971e+06 5.31873e+06 -2.8816e+07
4.49391e+06 5.32353e+06 -2.8816e+07
4.4881e+06 5.32834e+06 -2.8816e+07
4.48229e+06 5.33313e+06 -2.8816e+07
4.47647e+06 5.33792e+06 -2.8816e+07
4.47064e+06 5.34271e+06 -2.8816e+07
4.46481e+06 5.34748e+06 -2.8816e+07
4.45898e+06 5.35225e+06 -2.8816e+07
4.45314e+06 5.35702e+06 -2.8816e+07
4.44729e+06 5.36177e+06 -2.8816e+07
4.44144e+06 5.36653e+06 -2.8816e+07
4.43559e+06 5.37127e+06 -2.8816e+07
4.42973e+06 5.37601e+06 -2.8816e+07
4.42386e+06 5.38074e+06 -2.8816e+07
4.41799e+06 5.38547e+06 -2.8816e+07
4.41211e+06 5.39019e+06 -2.8816e+07
4.40623e+06 5.3949e+06 -2.8816e+07
4.40035e+06 5.39961e+06 -2.8816e+07
4.39445e+06 5.40431e+06 -2.8816e+07
4.38856e+06 5.40901e+06 -2.8816e+07
4.38265e+06 5.41369e+06 -2.8816e+07
4.37675e+06 5.41838e+06 -2.8816e+07
4.37083e+06 5.42305e+06 -2.8816e+07
4.36492e+06 5.42772e+06 -2.8816e+07
4.35899e+06 5.43238e+06 -2.8816e+07
4.35306e+06 5.43704e+06 -2.8816e+07
4.34713e+06 5.44169e+06 -2.8816e+07
4.34119e+06 5.44633e+06 -2.8816e+07
4.33525e+06 5.45097e+06 -2.8816e+07
4.3293e+06 5.4556e+06 -2.8816e+07
4.32335e+06 5.46022e+06 -2.8816e+07
4.31739e+06 5.46484e+06 -2.8816e+07
4.31142e+06 5.46945e+06 -2.8816e+07
4.30545e+06 5.47406e+06 -2.8816e+07
4.29948e+06 5.47865e+06 -2.8816e+07
4.2935e+06 5.48325e+06 -2.8816e+07
4.28752e+06 5.48783e+06 -2.8816e+07
4.28153e+06 5.49241e+06 -2.8816e+07
4.27553e+06 5.49698e+06 -2.8816e+07
4.26953e+06 5.50155e+06 -2.8816e+07
4.26353e+06 5.50611e+06 -2.8816e+07
4.25752e+06 5.51066e+06 -2.8816e+07
4.25151e+06 5.51521e+06 -2.8816e+07
4.24549e+06 5.51975e+06 -2.8816e+07
4.23946e+06 5.52428e+06 -2.8816e+07
4.23343e+06 5.52881e+06 -2.8816e+07
4.2274e+06 5.53333e+06 -2.8816e+07
4.22136e+06 5.53784e+06 -2.8816e+07
4.21531e+06 5.54235e+06 -2.8816e+07
4.20926e+06 5.54685e+06 -2.8816e+07
4.20321e+06 5.55134e+06 -2.8816e+07
4.19715e+06 5.55583e+06 -2.8816e+07
4.19109e+06 5.56031e+06 -2.8816e+07
4.18502e+06 5.56478e+06 -2.8816e+07
4.17894e+06 5.56925e+06 -2.8816e+07
4.17286e+06 5.57371e+06 -2.8816e+07
4.16678e+06 5.57817e+06 -2.8816e+07
4.16069e+06 5.58262e+06 -2.8816e+07
4.1546e+06 5.58706e+06 -2.8816e+07
4.1485e+06 5.59149e+06 -2.8816e+07
4.14239e+06 5.59592e+06 -2.8816e+07
4.13628e+06 5.60034e+06 -2.8816e+07
4.13017e+06 5.60476e+06 -2.8816e+07
4.12405e+06 5.60917e+06 -2.8816e+07
4.11793e+06 5.61357e+06 -2.8816e+07
4.1118e+06 5.61796e+06 -2.8816e+07
4.10567e+06 5.62235e+06 -2.8816e+07
4.09953e+06 5.62673e+06 -2.8816e+07
4.09339e+06 5.63111e+06 -2.8816e+07
4.08724e+06 5.63548e+06 -2.8816e+07
4.08109e+06 5.63984e+06 -2.8816e+07
4.07493e+06 5.64419e+06 -2.8816e+07
4.06877e+06 5.64854e+06 -2.8816e+07
4.0626e+06 5.65289e+06 -2.8816e+07
4.05643e+06 5.65722e+06 -2.8816e+07
4.05025e+06 5.66155e+06 -2.8816e+07
4.04407e+06 5.66587e+06 -2.8816e+07
4.03789e+06 5.67019e+06 -2.8816e+07
4.03169e+06 5.67449e+06 -2.8816e+07
4.0255e+06 5.6788e+06 -2.8816e+07
4.0193e+06 5.68309e+06 -2.8816e+07
4.01309e+06 5.68738e+06 -2.8816e+07
4.00688e+06 5.69166e+06 -2.8816e+07
4.00067e+06 5.69594e+06 -2.8816e+07
3.99445e+06 5.7002e+06 -2.8816e+07
3.98823e+06 5.70447e+06 -2.8816e+07
3.982e+06 5.70872e+06 -2.8816e+07
3.97576e+06 5.71297e+06 -2.8816e+07
3.96953e+06 5.71721e+06 -2.8816e+07
3.96328e+06 5.72144e+06 -2.8816e+07
3.95704e+06 5.72567e+06 -2.8816e+07
3.95078e+06 5.72989e+06 -2.8816e+07
3.94453e+06 5.73411e+06 -2.8816e+07
3.93827e+06 5.73831e+06 -2.8816e+07
3.932e+06 5.74251e+06 -2.8816e+07
3.92573e+06 5.74671e+06 -2.8816e+07
3.91945e+06 5.7509e+06 -2.8816e+07
3.91317e+06 5.75508e+06 -2.8816e+07
3.90689e+06 5.75925e+06 -2.8816e+07
3.9006e+06 5.76342e+06 -2.8816e+07
3.8943e+06 5.76758e+06 -2.8816e+07
3.88801e+06 5.77173e+06 -2.8816e+07
3.8817e+06 5.77587e+06 -2.8816e+07
3.8754e+06 5.78001e+06 -2.8816e+07
3.86908e+06 5.78415e+06 -2.8816e+07
3.86277e+06 5.78827e+06 -2.8816e+07
3.85644e+06 5.79239e+06 -2.8816e+07
3.85012e+06 5.7965e+06 -2.8816e+07
3.84379e+06 5.80061e+06 -2.8816e+07
3.83745e+06 5.80471e+06 -2.8816e+07
3.83111e+06 5.8088e+06 -2.8816e+07
3.82477e+06 5.81288e+06 -2.8816e+07
3.81842e+06 5.81696e+06 -2.8816e+07
3.81207e+06 5.82103e+06 -2.8816e+07
3.80571e+06 5.82509e+06 -2.8816e+07
3.79935e+06 5.82915e+06 -2.8816e+07
3.79298e+06 5.8332e+06 -2.8816e+07
3.78661e+06 5.83724e+06 -2.8816e+07
3.78023e+06 5.84128e+06 -2.8816e+07
3.77385e+06 5.84531e+06 -2.8816e+07
3.76747e+06 5.84933e+06 -2.8816e+07
3.76108e+06 5.85335e+06 -2.8816e+07
3.75469e+06 5.85736e+06 -2.8816e+07
3.74829e+06 5.86136e+06 -2.8816e+07
3.74189e+06 5.86535e+06 -2.8816e+07
3.73548e+06 5.86934e+06 -2.8816e+07
3.72907e+06 5.87332e+06 -2.8816e+07
3.72265e+06 5.87729e+06 -2.8816e+07
3.71623e+06 5.88126e+06 -2.8816e+07
3.70981e+06 5.88522e+06 -2.8816e+07
3.70338e+06 5.88917e+06 -2.8816e+07
3.69695e+06 5.89312e+06 -2.8816e+07
3.69051e+06 5.89706e+06 -2.8816e+07
3.68407e+06 5.90099e+06 -2.8816e+07
3.67762e+06 5.90492e+06 -2.8816e+07
3.67117e+06 5.90883e+06 -2.8816e+07
3.66471e+06 5.91274e+06 -2.8816e+07
3.65825e+06 5.91665e+06 -2.8816e+07
3.65179e+06 5.92055e+06 -2.8816e+07
3.64532e+06 5.92444e+06 -2.8816e+07
3.63885e+06 5.92832e+06 -2.8816e+07
3.63237e+06 5.93219e+06 -2.8816e+07
3.62589e+06 5.93606e+06 -2.8816e+07
3.61941e+06 5.93992e+06 -2.8816e+07
3.61292e+06 5.94378e+06 -2.8816e+07
3.60642e+06 5.94763e+06 -2.8816e+07
3.59993e+06 5.95147e+06 -2.8816e+07
3.59342e+06 5.9553e+06 -2.8816e+07
3.58692e+06 5.95913e+06 -2.8816e+07
3.58041e+06 5.96295e+06 -2.8816e+07
3.57389e+06 5.96676e+06 -2.8816e+07
3.56737e+06 5.97057e+06 -2.8816e+07
3.56085e+06 5.97436e+06 -2.8816e+07
3.55432e+06 5.97816e+06 -2.8816e+07
3.54779e+06 5.98194e+06 -2.8816e+07
3.54125e+06 5.98572e+06 -2.8816e+07
3.53471e+06 5.98949e+06 -2.8816e+07
3.52817e+06 5.99325e+06 -2.8816e+07
3.52162e+06 5.99701e+06 -2.8816e+07
3.51506e+06 6.00076e+06 -2.8816e+07
3.50851e+06 6.0045e+06 -2.8816e+07
3.50195e+06 6.00823e+06 -2.8816e+07
3.49538e+06 6.01196e+06 -2.8816e+07
3.48881e+06 6.01568e+06 -2.8816e+07
3.48224e+06 6.01939e+06 -2.8816e+07
3.47566e+06 6.0231e+06 -2.8816e+07
3.46908e+06 6.0268e+06 -2.8816e+07
3.46249e+06 6.03049e+06 -2.8816e+07
3.4559e+06 6.03417e+06 -2.8816e+07
3.44931e+06 6.03785e+06 -2.8816e+07
3.44271e+06 6.04152e+06 -2.8816e+07
3.43611e+06 6.04518e+06 -2.8816e+07
3.4295e+06 6.04884e+06 -2.8816e+07
3.42289e+06 6.05249e+06 -2.8816e+07
3.41627e+06 6.05613e+06 -2.8816e+07
3.40966e+06 6.05977e+06 -2.8816e+07
3.40303e+06 6.06339e+06 -2.8816e+07
3.39641e+06 6.06701e+06 -2.8816e+07
3.38977e+06 6.07063e+06 -2.8816e+07
3.38314e+06 6.07423e+06 -2.8816e+07
3.3765e+06 6.07783e+06 -2.8816e+07
3.36986e+06 6.08142e+06 -2.8816e+07
3.36321e+06 6.085e+06 -2.8816e+07
3.35656e+06 6.08858e+06 -2.8816e+07
3.34991e+06 6.09215e+06 -2.8816e+07
3.34325e+06 6.09571e+06 -2.8816e+07
3.33658e+06 6.09927e+06 -2.8816e+07
3.32992e+06 6.10282e+06 -2.8816e+07
3.32325e+06 6.10636e+06 -2.8816e+07
3.31657e+06 6.10989e+06 -2.8816e+07
3.30989e+06 6.11342e+06 -2.8816e+07
3.30321e+06 6.11694e+06 -2.8816e+07
3.29652e+06 6.12045e+06 -2.8816e+07
3.28983e+06 6.12395e+06 -2.8816e+07
3.28314e+06 6.12745e+06 -2.8816e+07
3.27644e+06 6.13094e+06 -2.8816e+07
3.26974e+06 6.13442e+06 -2.8816e+07
3.26303e+06 6.1379e+06 -2.8816e+07
3.25632e+06 6.14136e+06 -2.8816e+07
3.24961e+06 6.14483e+06 -2.8816e+07
3.24289e+06 6.14828e+06 -2.8816e+07
3.23617e+06 6.15173e+06 -2.8816e+07
3.22945e+06 6.15516e+06 -2.8816e+07
3.22272e+06 6.1586e+06 -2.8816e+07
3.21599e+06 6.16202e+06 -2.8816e+07
3.20925e+06 6.16544e+06 -2.8816e+07
3.20251e+06 6.16885e+06 -2.8816e+07
3.19576e+06 6.17225e+06 -2.8816e+07
3.18902e+06 6.17564e+06 -2.8816e+07
3.18226e+06 6.17903e+06 -2.8816e+07
3.17551e+06 6.18241e+06 -2.8816e+07
3.16875e+06 6.18578e+06 -2.8816e+07
3.16199e+06 6.18915e+06 -2.8816e+07
3.15522e+06 6.19251e+06 -2.8816e+07
3.14845e+06 6.19586e+06 -2.8816e+07
3.14167e+06 6.1992e+06 -2.8816e+07
3.1349e+06 6.20254e+06 -2.8816e+07
3.12811e+06 6.20587e+06 -2.8816e+07
3.12133e+06 6.20919e+06 -2.88159e+07
3.11454e+06 6.2125e+06 -2.88159e+07
3.10775e+06 6.21581e+06 -2.88159e+07
3.10095e+06 6.21911e+06 -2.88159e+07
3.09415e+06 6.2224e+06 -2.88159e+07
3.08735e+06 6.22569e+06 -2.88159e+07
3.08054e+06 6.22896e+06 -2.88159e+07
3.07373e+06 6.23223e+06 -2.88159e+07
3.06691e+06 6.2355e+06 -2.88159e+07
3.06009e+06 6.23875e+06 -2.88159e+07
3.05327e+06 6.242e+06 -2.88159e+07
3.04644e+06 6.24524e+06 -2.88159e+07
3.03962e+06 6.24847e+06 -2.88159e+07
3.03278e+06 6.2517e+06 -2.88159e+07
3.02595e+06 6.25491e+06 -2.88159e+07
3.01911e+06 6.25812e+06 -2.88159e+07
3.01226e+06 6.26133e+06 -2.88159e+07
3.00541e+06 6.26452e+06 -2.88159e+07
2.99856e+06 6.26771e+06 -2.88159e+07
2.99171e+06 6.27089e+06 -2.88159e+07
2.98485e+06 6.27406e+06 -2.88159e+07
2.97799e+06 6.27723e+06 -2.88159e+07
2.97112e+06 6.28039e+06 -2.88159e+07
2.96425e+06 6.28354e+06 -2.88159e+07
2.95738e+06 6.28668e+06 -2.88159e+07
2.95051e+06 6.28982e+06 -2.88159e+07
2.94363e+06 6.29295e+06 -2.88159e+07
2.93674e+06 6.29607e+06 -2.88159e+07
2.92986e+06 6.29918e+06 -2.88159e+07
2.92297e+06 6.30229e+06 -2.88159e+07
2.91607e+06 6.30539e+06 -2.88159e+07
2.90918e+06 6.30848e+06 -2.88159e+07
2.90228e+06 6.31156e+06 -2.88159e+07
2.89537e+06 6.31464e+06 -2.88159e+07
2.88847e+06 6.3177e+06 -2.88159e+07
2.88156e+06 6.32077e+06 -2.88159e+07
2.87464e+06 6.32382e+06 -2.88159e+07
2.86773e+06 6.32686e+06 -2.88159e+07
2.8608e+06 6.3299e+06 -2.88159e+07
2.85388e+06 6.33293e+06 -2.88159e+07
2.84695e+06 6.33596e+06 -2.88159e+07
2.84002e+06 6.33897e+06 -2.88159e+07
2.83309e+06 6.34198e+06 -2.88159e+07
2.82615e+06 6.34498e+06 -2.88159e+07
2.81921e+06 6.34797e+06 -2.88159e+07
2.81226e+06 6.35096e+06 -2.88159e+07
2.80532e+06 6.35394e+06 -2.88159e+07
2.79837e+06 6.35691e+06 -2.88159e+07
2.79141e+06 6.35987e+06 -2.88159e+07
2.78445e+06 6.36283e+06 -2.88159e+07
2.77749e+06 6.36578e+06 -2.88159e+07
2.77053e+06 6.36872e+06 -2.88159e+07
2.76356e+06 6.37165e+06 -2.88159e+07
2.75659e+06 6.37457e+06 -2.88159e+07
2.74962e+06 6.37749e+06 -2.88159e+07
2.74264e+06 6.3804e+06 -2.88159e+07
2.73566e+06 6.3833e+06 -2.88159e+07
2.72867e+06 6.3862e+06 -2.88159e+07
2.72169e+06 6.38908e+06 -2.88159e+07
2.71469e+06 6.39196e+06 -2.88159e+07
2.7077e+06 6.39484e+06 -2.88159e+07
2.7007e+06 6.3977e+06 -2.88159e+07
2.6937e+06 6.40056e+06 -2.88159e+07
2.6867e+06 6.40341e+06 -2.88159e+07
2.67969e+06 6.40625e+06 -2.88159e+07
2.67268e+06 6.40908e+06 -2.88159e+07
2.66567e+06 6.41191e+06 -2.88159e+07
2.65866e+06 6.41473e+06 -2.88159e+07
2.65164e+06 6.41754e+06 -2.88159e+07
2.64461e+06 6.42034e+06 -2.88159e+07
2.63759e+06 6.42314e+06 -2.88159e+07
2.63056e+06 6.42592e+06 -2.88159e+07
2.62353e+06 6.4287e+06 -2.88159e+07
2.61649e+06 6.43148e+06 -2.88159e+07
2.60945e+06 6.43424e+06 -2.88159e+07
2.60241e+06 6.437e+06 -2.88159e+07
2.59537e+06 6.43975e+06 -2.88159e+07
2.58832e+06 6.44249e+06 -2.88159e+07
2.58127e+06 6.44522e+06 -2.88159e+07
2.57422e+06 6.44795e+06 -2.88159e+07
2.56716e+06 6.45067e+06 -2.88159e+07
2.5601e+06 6.45338e+06 -2.88159e+07
2.55304e+06 6.45609e+06 -2.88159e+07
2.54597e+06 6.45878e+06 -2.88159e+07
2.5389e+06 6.46147e+06 -2.88159e+07
2.53183e+06 6.46415e+06 -2.88159e+07
2.52476e+06 6.46682e+06 -2.88159e+07
2.51768e+06 6.46949e+06 -2.88159e+07
2.5106e+06 6.47215e+06 -2.88159e+07
2.50351e+06 6.47479e+06 -2.88159e+07
2.49643e+06 6.47744e+06 -2.88159e+07
2.48934e+06 6.48007e+06 -2.88159e+07
2.48225e+06 6.4827e+06 -2.88159e+07
2.47515e+06 6.48532e+06 -2.88159e+07
2.46805e+06 6.48793e+06 -2.88159e+07
2.46095e+06 6.49053e+06 -2.88159e+07
2.45384e+06 6.49313e+06 -2.88159e+07
2.44674e+06 6.49571e+06 -2.88159e+07
2.43963e+06 6.49829e+06 -2.88159e+07
2.43251e+06 6.50087e+06 -2.88159e+07
2.4254e+06 6.50343e+06 -2.88159e+07
2.41828e+06 6.50599e+06 -2.88159e+07
2.41116e+06 6.50854e+06 -2.88159e+07
2.40403e+06 6.51108e+06 -2.88159e+07
2.3969e+06 6.51361e+06 -2.88159e+07
2.38977e+06 6.51614e+06 -2.88159e+07
2.38264e+06 6.51866e+06 -2.88159e+07
2.3755e+06 6.52117e+06 -2.88159e+07
2.36836e+06 6.52367e+06 -2.88159e+07
2.36122e+06 6.52616e+06 -2.88159e+07
2.35408e+06 6.52865e+06 -2.88159e+07
2.34693e+06 6.53113e+06 -2.88159e+07
2.33978e+06 6.5336e+06 -2.88159e+07
2.33263e+06 6.53607e+06 -2.88159e+07
2.32547e+06 6.53852e+06 -2.88159e+07
2.31831e+06 6.54097e+06 -2.88159e+07
2.31115e+06 6.54341e+06 -2.88159e+07
2.30399e+06 6.54584e+06 -2.88159e+07
2.29682e+06 6.54827e+06 -2.88159e+07
2.28965e+06 6.55068e+06 -2.88159e+07
2.28248e+06 6.55309e+06 -2.88159e+07
2.2753e+06 6.55549e+06 -2.88159e+07
2.26812e+06 6.55789e+06 -2.88159e+07
2.26094e+06 6.56027e+06 -2.88159e+07
2.25376e+06 6.56265e+06 -2.88159e+07
2.24657e+06 6.56502e+06 -2.88159e+07
2.23939e+06 6.56738e+06 -2.88159e+07
2.23219e+06 6.56974e+06 -2.88159e+07
2.225e+06 6.57208e+06 -2.88159e+07
2.2178e+06 6.57442e+06 -2.88159e+07
2.2106e+06 6.57675e+06 -2.88159e+07
2.2034e+06 6.57907e+06 -2.88159e+07
2.1962e+06 6.58139e+06 -2.88159e+07
2.18899e+06 6.5837e+06 -2.88159e+07
2.18178e+06 6.586e+06 -2.88159e+07
2.17457e+06 6.58829e+06 -2.88159e+07
2.16735e+06 6.59057e+06 -2.88159e+07
2.16014e+06 6.59285e+06 -2.88159e+07
2.15292e+06 6.59511e+06 -2.88159e+07
2.14569e+06 6.59737e+06 -2.88159e+07
2.13847e+06 6.59963e+06 -2.88159e+07
2.13124e+06 6.60187e+06 -2.88159e+07
2.12401e+06 6.60411e+06 -2.88159e+07
2.11678e+06 6.60634e+06 -2.88159e+07
2.10954e+06 6.60856e+06 -2.88159e+07
2.1023e+06 6.61077e+06 -2.88159e+07
2.09506e+06 6.61297e+06 -2.88159e+07
2.08782e+06 6.61517e+06 -2.88159e+07
2.08057e+06 6.61736e+06 -2.88159e+07
2.07333e+06 6.61954e+06 -2.88159e+07
2.06608e+06 6.62171e+06 -2.88159e+07
2.05882e+06 6.62388e+06 -2.88159e+07
2.05157e+06 6.62604e+06 -2.88159e+07
2.04431e+06 6.62818e+06 -2.88159e+07
2.03705e+06 6.63033e+06 -2.88159e+07
2.02979e+06 6.63246e+06 -2.88159e+07
2.02252e+06 6.63459e+06 -2.88159e+07
2.01526e+06 6.6367e+06 -2.88159e+07
2.00799e+06 6.63881e+06 -2.88159e+07
2.00071e+06 6.64091e+06 -2.88159e+07
1.99344e+06 6.64301e+06 -2.88159e+07
1.98616e+06 6.64509e+06 -2.88159e+07
1.97888e+06 6.64717e+06 -2.88159e+07
1.9716e+06 6.64924e+06 -2.88159e+07
1.96432e+06 6.65131e+06 -2.88159e+07
1.95703e+06 6.65336e+06 -2.88159e+07
1.94974e+06 6.65541e+06 -2.88159e+07
1.94245e+06 6.65744e+06 -2.88159e+07
1.93516e+06 6.65947e+06 -2.88159e+07
1.92786e+06 6.6615e+06 -2.88159e+07
1.92056e+06 6.66351e+06 -2.88159e+07
1.91326e+06 6.66552e+06 -2.88159e+07
1.90596e+06 6.66752e+06 -2.88159e+07
1.89865e+06 6.66951e+06 -2.88159e+07
1.89135e+06 6.67149e+06 -2.88159e+07
1.88404e+06 6.67346e+06 -2.88159e+07
1.87672e+06 6.67543e+06 -2.88159e+07
1.86941e+06 6.67739e+06 -2.88159e+07
1.86209e+06 6.67934e+06 -2.88159e+07
1.85478e+06 6.68128e+06 -2.88159e+07
1.84746e+06 6.68322e+06 -2.88159e+07
1.84013e+06 6.68514e+06 -2.88159e+07
1.83281e+06 6.68706e+06 -2.88159e+07
1.82548e+06 6.68897e+06 -2.88159e+07
1.81815e+06 6.69088e+06 -2.88159e+07
1.81082e+06 6.69277e+06 -2.88159e+07
1.80349e+06 6.69466e+06 -2.88159e+07
1.79615e+06 6.69654e+06 -2.88159e+07
1.78881e+06 6.69841e+06 -2.88159e+07
1.78147e+06 6.70027e+06 -2.88159e+07
1.77413e+06 6.70212e+06 -2.88159e+07
1.76678e+06 6.70397e+06 -2.88159e+07
1.75944e+06 6.70581e+06 -2.88159e+07
1.75209e+06 6.70764e+06 -2.88159e+07
1.74474e+06 6.70946e+06 -2.88159e+07
1.73738e+06 6.71128e+06 -2.88159e+07
1.73003e+06 6.71308e+06 -2.88159e+07
1.72267e+06 6.71488e+06 -2.88159e+07
1.71531e+06 6.71667e+06 -2.88159e+07
1.70795e+06 6.71845e+06 -2.88159e+07
1.70059e+06 6.72023e+06 -2.88159e+07
1.69322e+06 6.722e+06 -2.88159e+07
1.68586e+06 6.72375e+06 -2.88159e+07
1.67849e+06 6.7255e+06 -2.88159e+07
1.67112e+06 6.72725e+06 -2.88159e+07
1.66374e+06 6.72898e+06 -2.88159e+07
1.65637e+06 6.73071e+06 -2.88159e+07
1.64899e+06 6.73242e+06 -2.88159e+07
1.64161e+06 6.73413e+06 -2.88159e+07
1.63423e+06 6.73584e+06 -2.88159e+07
1.62685e+06 6.73753e+06 -2.88159e+07
1.61946e+06 6.73922e+06 -2.88159e+07
1.61207e+06 6.74089e+06 -2.88159e+07
1.60469e+06 6.74256e+06 -2.88159e+07
1.59729e+06 6.74423e+06 -2.88159e+07
1.5899e+06 6.74588e+06 -2.88159e+07
1.58251e+06 6.74752e+06 -2.88159e+07
1.57511e+06 6.74916e+06 -2.88159e+07
1.56771e+06 6.75079e+06 -2.88159e+07
1.56031e+06 6.75241e+06 -2.88159e+07
1.55291e+06 6.75402e+06 -2.88159e+07
1.54551e+06 6.75563e+06 -2.88159e+07
1.5381e+06 6.75723e+06 -2.88159e+07
1.53069e+06 6.75882e+06 -2.88159e+07
1.52328e+06 6.7604e+06 -2.88159e+07
1.51587e+06 6.76197e+06 -2.88159e+07
1.50846e+06 6.76353e+06 -2.88159e+07
1.50104e+06 6.76509e+06 -2.88159e+07
1.49363e+06 6.76664e+06 -2.88159e+07
1.48621e+06 6.76818e+06 -2.88159e+07
1.47879e+06 6.76971e+06 -2.88159e+07
1.47136e+06 6.77123e+06 -2.88159e+07
1.46394e+06 6.77275e+06 -2.88159e+07
1.45651e+06 6.77426e+06 -2.88159e+07
1.44909e+06 6.77576e+06 -2.88159e+07
1.44166e+06 6.77725e+06 -2.88159e+07
1.43423e+06 6.77873e+06 -2.88159e+07
1.42679e+06 6.78021e+06 -2.88159e+07
1.41936e+06 6.78168e+06 -2.88159e+07
1.41192e+06 6.78313e+06 -2.88159e+07
1.40449e+06 6.78459e+06 -2.88159e+07
1.39705e+06 6.78603e+06 -2.88159e+07
1.3896e+06 6.78746e+06 -2.88159e+07
1.38216e+06 6.78889e+06 -2.88159e+07
1.37472e+06 6.79031e+06 -2.88159e+07
1.36727e+06 6.79172e+06 -2.88159e+07
1.35982e+06 6.79312e+06 -2.88159e+07
1.35237e+06 6.79451e+06 -2.88159e+07
1.34492e+06 6.7959e+06 -2.88159e+07
1.33747e+06 6.79728e+06 -2.88159e+07
1.33002e+06 6.79865e+06 -2.88159e+07
1.32256e+06 6.80001e+06 -2.88159e+07
1.3151e+06 6.80136e+06 -2.88159e+07
1.30764e+06 6.80271e+06 -2.88159e+07
1.30018e+06 6.80404e+06 -2.88159e+07
1.29272e+06 6.80537e+06 -2.88159e+07
1.28526e+06 6.80669e+06 -2.88159e+07
1.27779e+06 6.80801e+06 -2.88159e+07
1.27033e+06 6.80931e+06 -2.88159e+07
1.26286e+06 6.81061e+06 -2.88159e+07
1.25539e+06 6.81189e+06 -2.88159e+07
1.24792e+06 6.81317e+06 -2.88159e+07
1.24044e+06 6.81445e+06 -2.88159e+07
1.23297e+06 6.81571e+06 -2.88159e+07
1.22549e+06 6.81696e+06 -2.88159e+07
1.21802e+06 6.81821e+06 -2.88159e+07
1.21054e+06 6.81945e+06 -2.88159e+07
1.20306e+06 6.82068e+06 -2.88159e+07
1.19558e+06 6.8219e+06 -2.88159e+07
1.18809e+06 6.82312e+06 -2.88159e+07
1.18061e+06 6.82432e+06 -2.88159e+07
1.17312e+06 6.82552e+06 -2.88159e+07
1.16564e+06 6.82671e+06 -2.88159e+07
1.15815e+06 6.82789e+06 -2.88159e+07
1.15066e+06 6.82907e+06 -2.88159e+07
1.14317e+06 6.83023e+06 -2.88159e+07
1.13567e+06 6.83139e+06 -2.88159e+07
1.12818e+06 6.83254e+06 -2.88159e+07
1.12068e+06 6.83368e+06 -2.88159e+07
1.11319e+06 6.83481e+06 -2.88159e+07
1.10569e+06 6.83593e+06 -2.88159e+07
1.09819e+06 6.83705e+06 -2.88159e+07
1.09069e+06 6.83816e+06 -2.88159e+07
1.08319e+06 6.83926e+06 -2.88159e+07
1.07568e+06 6.84035e+06 -2.88159e+07
1.06818e+06 6.84143e+06 -2.88159e+07
1.06067e+06 6.84251e+06 -2.88159e+07
1.05317e+06 6.84357e+06 -2.88159e+07
1.04566e+06 6.84463e+06 -2.88159e+07
1.03815e+06 6.84568e+06 -2.88159e+07
1.03064e+06 6.84672e+06 -2.88159e+07
1.02312e+06 6.84776e+06 -2.88159e+07
1.01561e+06 6.84878e+06 -2.88159e+07
1.0081e+06 6.8498e+06 -2.88159e+07
1.00058e+06 6.85081e+06 -2.88159e+07
993062 6.85181e+06 -2.88159e+07
985544 6.8528e+06 -2.88159e+07
978024 6.85379e+06 -2.88159e+07
970504 6.85476e+06 -2.88159e+07
962982 6.85573e+06 -2.88159e+07
955459 6.85669e+06 -2.88159e+07
947935 6.85764e+06 -2.88159e+07
940409 6.85859e+06 -2.88159e+07
932883 6.85952e+06 -2.88159e+07
925355 6.86045e+06 -2.88159e+07
917827 6.86137e+06 -2.88159e+07
910297 6.86228e+06 -2.88159e+07
902766 6.86318e+06 -2.88159e+07
895234 6.86407e+06 -2.88159e+07
887701 6.86496e+06 -2.88159e+07
880167 6.86584e+06 -2.88159e+07
872632 6.86671e+06 -2.88159e+07
865096 6.86757e+06 -2.88159e+07
857559 6.86842e+06 -2.88159e+07
850020 6.86926e+06 -2.88159e+07
842481 6.8701e+06 -2.88159e+07
834941 6.87093e+06 -2.88159e+07
827399 6.87175e+06 -2.88159e+07
819857 6.87256e+06 -2.88159e+07
812314 6.87336e+06 -2.88159e+07
804770 6.87416e+06 -2.88159e+07
797224 6.87494e+06 -2.88159e+07
789678 6.87572e+06 -2.88159e+07
782131 6.87649e+06 -2.88159e+07
774583 6.87725e+06 -2.88159e+07
767034 6.87801e+06 -2.88159e+07
759484 6.87875e+06 -2.88159e+07
751933 6.87949e+06 -2.88159e+07
744381 6.88022e+06 -2.88159e+07
736829 6.88094e+06 -2.88159e+07
729275 6.88165e+06 -2.88159e+07
721721 6.88235e+06 -2.88159e+07
714166 6.88305e+06 -2.88159e+07
706609 6.88374e+06 -2.88159e+07
699052 6.88441e+06 -2.88159e+07
691495 6.88509e+06 -2.88159e+07
683936 6.88575e+06 -2.88159e+07
676377 6.8864e+06 -2.88159e+07
668816 6.88705e+06 -2.88159e+07
661255 6.88769e+06 -2.88159e+07
653693 6.88831e+06 -2.88159e+07
646131 6.88894e+06 -2.88159e+07
638567 6.88955e+06 -2.88159e+07
631003 6.89015e+06 -2.88159e+07
623438 6.89075e+06 -2.88159e+07
615872 6.89134e+06 -2.88159e+07
608306 6.89192e+06 -2.88159e+07
600738 6.89249e+06 -2.88159e+07
593171 6.89305e+06 -2.88159e+07
585602 6.8936e+06 -2.88159e+07
578033 6.89415e+06 -2.88159e+07
570463 6.89469e+06 -2.88159e+07
562892 6.89522e+06 -2.88159e+07
555320 6.89574e+06 -2.88159e+07
547748 6.89625e+06 -2.88159e+07
540176 6.89676e+06 -2.88159e+07
532602 6.89725e+06 -2.88159e+07
525028 6.89774e+06 -2.88159e+07
517454 6.89822e+06 -2.88159e+07
509878 6.89869e+06 -2.88159e+07
502302 6.89916e+06 -2.88159e+07
494726 6.89961e+06 -2.88159e+07
487149 6.90006e+06 -2.88159e+07
479571 6.9005e+06 -2.88159e+07
471993 6.90093e+06 -2.88159e+07
464414 6.90135e+06 -2.88159e+07
456835 6.90176e+06 -2.88159e+07
449255 6.90217e+06 -2.88159e+07
441674 6.90256e+06 -2.88159e+07
434093 6.90295e+06 -2.88159e+07
426512 6.90333e+06 -2.88159e+07
418930 6.9037e+06 -2.88159e+07
411347 6.90407e+06 -2.88159e+07
403764 6.90442e+06 -2.88159e+07
396180 6.90477e+06 -2.88159e+07
388596 6.90511e+06 -2.88159e+07
381012 6.90544e+06 -2.88159e+07
373427 6.90576e+06 -2.88159e+07
365842 6.90607e+06 -2.88159e+07
358256 6.90638e+06 -2.88159e+07
350670 6.90668e+06 -2.88159e+07
343083 6.90697e+06 -2.88159e+07
335496 6.90725e+06 -2.88159e+07
327908 6.90752e+06 -2.88159e+07
320320 6.90778e+06 -2.88159e+07
312732 6.90804e+06 -2.88159e+07
305143 6.90828e+06 -2.88159e+07
297554 6.90852e+06 -2.88159e+07
289965 6.90875e+06 -2.88159e+07
282375 6.90898e+06 -2.88159e+07
274785 6.90919e+06 -2.88159e+07
267195 6.90939e+06 -2.88159e+07
259604 6.90959e+06 -2.88159e+07
252013 6.90978e+06 -2.88159e+07
244422 6.90996e+06 -2.88159e+07
236830 6.91013e+06 -2.88159e+07
229238 6.9103e+06 -2.88159e+07
221646 6.91045e+06 -2.88159e+07
214053 6.9106e+06 -2.88159e+07
206461 6.91074e+06 -2.88159e+07
198868 6.91087e+06 -2.88159e+07
191274 6.91099e+06 -2.88159e+07
183681 6.9111e+06 -2.88159e+07
176087 6.91121e+06 -2.88159e+07
168493 6.91131e+06 -2.88159e+07
160899 6.91139e+06 -2.88159e+07
153305 6.91147e+06 -2.88159e+07
145711 6.91155e+06 -2.88159e+07
138116 6.91161e+06 -2.88159e+07
130521 6.91167e+06 -2.88159e+07
122926 6.91171e+06 -2.88159e+07
115331 6.91175e+06 -2.88159e+07
107736 6.91178e+06 -2.88159e+07
100140 6.9118e+06 -2.88159e+07
92545 6.91182e+06 -2.88159e+07
84949.3 6.91182e+06 -2.88159e+07
77353.6 6.91182e+06 -2.88159e+07
69757.8 6.91181e+06 -2.88159e+07
62161.9 6.91179e+06 -2.88159e+07
54565.9 6.91176e+06 -2.88159e+07
46969.9 6.91172e+06 -2.88159e+07
39373.8 6.91168e+06 -2.88159e+07
31777.7 6.91163e+06 -2.88159e+07
24181.5 6.91156e+06 -2.88159e+07
16585.3 6.9115e+06 -2.88159e+07
8989.05 6.91142e+06 -2.88159e+07
1392.81 6.91133e+06 -2.88159e+07
-6203.43 6.91124e+06 -2.88159e+07
-13799.7 6.91113e+06 -2.88159e+07
-21395.9 6.91102e+06 -2.88159e+07
-28992.1 6.9109e+06 -2.88159e+07
-36588.2 6.91077e+06 -2.88159e+07
-44184.3 6.91064e+06 -2.88159e+07
-51780.4 6.91049e+06 -2.88159e+07
-59376.4 6.91034e+06 -2.88159e+07
-66972.3 6.91018e+06 -2.88159e+07
-74568.2 6.91001e+06 -2.88159e+07
-82163.9 6.90983e+06 -2.88159e+07
-89759.6 6.90964e+06 -2.88159e+07
-97355.1 6.90945e+06 -2.88159e+07
-104951 6.90924e+06 -2.88159e+07
-112546 6.90903e+06 -2.88159e+07
-120141 6.90881e+06 -2.88159e+07
-127736 6.90858e+06 -2.88159e+07
-135331 6.90835e+06 -2.88159e+07
-142926 6.9081e+06 -2.88159e+07
-150520 6.90785e+06 -2.88159e+07
-158114 6.90759e+06 -2.88159e+07
-165709 6.90732e+06 -2.88159e+07
-173303 6.90704e+06 -2.88159e+07
-180896 6.90675e+06 -2.88159e+07
-188490 6.90646e+06 -2.88159e+07
-196083 6.90615e+06 -2.88159e+07
-203676 6.90584e+06 -2.88159e+07
-211269 6.90552e+06 -2.88159e+07
-218862 6.90519e+06 -2.88159e+07
-226454 6.90486e+06 -2.88159e+07
-234046 6.90451e+06 -2.88159e+07
-241638 6.90416e+06 -2.88159e+07
-249229 6.90379e+06 -2.88159e+07
-256820 6.90342e+06 -2.88159e+07
-264411 6.90305e+06 -2.88159e+07
-272002 6.90266e+06 -2.88159e+07
-279592 6.90226e+06 -2.88159e+07
-287182 6.90186e+06 -2.88159e+07
-294771 6.90145e+06 -2.88159e+07
-302360 6.90103e+06 -2.88159e+07
-309949 6.9006e+06 -2.88159e+07
-317537 6.90016e+06 -2.88159e+07
-325126 6.89972e+06 -2.88159e+07
-332713 6.89926e+06 -2.88159e+07
-340300 6.8988e+06 -2.88159e+07
-347887 6.89833e+06 -2.88159e+07
-355474 6.89785e+06 -2.88159e+07
-363060 6.89736e+06 -2.88159e+07
-370645 6.89687e+06 -2.88159e+07
-378230 6.89637e+06 -2.88159e+07
-385815 6.89585e+06 -2.88159e+07
-393399 6.89533e+06 -2.88159e+07
-400983 6.8948e+06 -2.88159e+07
-408566 6.89427e+06 -2.88159e+07
-416148 6.89372e+06 -2.88159e+07
-423731 6.89317e+06 -2.88159e+07
-431312 6.89261e+06 -2.88159e+07
-438894 6.89204e+06 -2.88159e+07
-446474 6.89146e+06 -2.88159e+07
-454054 6.89087e+06 -2.88159e+07
-461634 6.89027e+06 -2.88159e+07
-469213 6.88967e+06 -2.88159e+07
-476791 6.88906e+06 -2.88159e+07
-484369 6.88844e+06 -2.88159e+07
-491946 6.88781e+06 -2.88159e+07
-499523 6.88717e+06 -2.88159e+07
-507099 6.88653e+06 -2.88159e+07
-514674 6.88587e+06 -2.88159e+07
-522249 6.88521e+06 -2.88159e+07
-529823 6.88454e+06 -2.88159e+07
-537397 6.88386e+06 -2.88159e+07
-544970 6.88317e+06 -2.88159e+07
-552542 6.88248e+06 -2.88159e+07
-560114 6.88177e+06 -2.88159e+07
-567684 6.88106e+06 -2.88159e+07
-575255 6.88034e+06 -2.88159e+07
-582824 6.87961e+06 -2.88159e+07
-590393 6.87887e+06 -2.88159e+07
-597961 6.87813e+06 -2.88159e+07
-605528 6.87737e+06 -2.88159e+07
-613095 6.87661e+06 -2.88159e+07
-620661 6.87584e+06 -2.88159e+07
-628226 6.87506e+06 -2.88159e+07
-635790 6.87428e+06 -2.88159e+07
-643354 6.87348e+06 -2.88159e+07
-650917 6.87268e+06 -2.88159e+07
-658479 6.87186e+06 -2.88159e+07
-666040 6.87104e+06 -2.88159e+07
-673600 6.87021e+06 -2.88159e+07
-681160 6.86938e+06 -2.88159e+07
-688719 6.86853e+06 -2.88159e+07
-696277 6.86768e+06 -2.88159e+07
-703834 6.86682e+06 -2.88159e+07
-711390 6.86595e+06 -2.88159e+07
-718945 6.86507e+06 -2.88159e+07
-726500 6.86418e+06 -2.88159e+07
-734054 6.86328e+06 -2.88159e+07
-741606 6.86238e+06 -2.88159e+07
-749158 6.86147e+06 -2.88159e+07
-756709 6.86055e+06 -2.88159e+07
-764259 6.85962e+06 -2.88159e+07
-771808 6.85868e+06 -2.88159e+07
-779356 6.85774e+06 -2.88159e+07
-786904 6.85678e+06 -2.88159e+07
-794450 6.85582e+06 -2.88159e+07
-801995 6.85485e+06 -2.88159e+07
-809539 6.85387e+06 -2.88159e+07
-817083 6.85289e+06 -2.88159e+07
-824625 6.85189e+06 -2.88159e+07
-832166 6.85089e+06 -2.88159e+07
-839707 6.84988e+06 -2.88159e+07
-847246 6.84886e+06 -2.88159e+07
-854784 6.84783e+06 -2.88159e+07
-862322 6.84679e+06 -2.88159e+07
-869858 6.84575e+06 -2.88159e+07
-877393 6.84469e+06 -2.88159e+07
-884927 6.84363e+06 -2.88159e+07
-892460 6.84256e+06 -2.88159e+07
-899992 6.84148e+06 -2.88159e+07
-907523 6.8404e+06 -2.88159e+07
-915053 6.8393e+06 -2.88159e+07
-922581 6.8382e+06 -2.88159e+07
-930109 6.83709e+06 -2.88159e+07
-937635 6.83597e+06 -2.88159e+07
-945160 6.83484e+06 -2.88159e+07
-952685 6.8337e+06 -2.88159e+07
-960207 6.83256e+06 -2.88159e+07
-967729 6.8314e+06 -2.88159e+07
-975250 6.83024e+06 -2.88159e+07
-982769 6.82907e+06 -2.88159e+07
-990287 6.8279e+06 -2.88159e+07
-997805 6.82671e+06 -2.88159e+07
-1.00532e+06 6.82552e+06 -2.88159e+07
-1.01283e+06 6.82431e+06 -2.88159e+07
-1.02035e+06 6.8231e+06 -2.88159e+07
-1.02786e+06 6.82188e+06 -2.88159e+07
-1.03537e+06 6.82066e+06 -2.88159e+07
-1.04288e+06 6.81942e+06 -2.88159e+07
-1.05039e+06 6.81818e+06 -2.88159e+07
-1.0579e+06 6.81692e+06 -2.88159e+07
-1.0654e+06 6.81566e+06 -2.88159e+07
-1.07291e+06 6.81439e+06 -2.88159e+07
-1.08041e+06 6.81312e+06 -2.88159e+07
-1.08791e+06 6.81183e+06 -2.88159e+07
-1.09541e+06 6.81054e+06 -2.88159e+07
-1.10291e+06 6.80924e+06 -2.88159e+07
-1.11041e+06 6.80793e+06 -2.88159e+07
-1.11791e+06 6.80661e+06 -2.88159e+07
-1.1254e+06 6.80528e+06 -2.88159e+07
-1.13289e+06 6.80395e+06 -2.88159e+07
-1.14039e+06 6.8026e+06 -2.88159e+07
-1.14788e+06 6.80125e+06 -2.88159e+07
-1.15537e+06 6.79989e+06 -2.88159e+07
-1.16286e+06 6.79852e+06 -2.88159e+07
-1.17034e+06 6.79715e+06 -2.88159e+07
-1.17783e+06 6.79576e+06 -2.88159e+07
-1.18531e+06 6.79437e+06 -2.88159e+07
-1.1928e+06 6.79297e+06 -2.88159e+07
-1.20028e+06 6.79156e+06 -2.88159e+07
-1.20776e+06 6.79014e+06 -2.88159e+07
-1.21523e+06 6.78872e+06 -2.88159e+07
-1.22271e+06 6.78728e+06 -2.88159e+07
-1.23019e+06 6.78584e+06 -2.88159e+07
-1.23766e+06 6.78439e+06 -2.88159e+07
-1.24513e+06 6.78293e+06 -2.88159e+07
-1.2526e+06 6.78146e+06 -2.88159e+07
-1.26007e+06 6.77999e+06 -2.88159e+07
-1.26754e+06 6.7785e+06 -2.88159e+07
-1.27501e+06 6.77701e+06 -2.88159e+07
-1.28247e+06 6.77551e+06 -2.88159e+07
-1.28993e+06 6.774e+06 -2.88159e+07
-1.29739e+06 6.77249e+06 -2.88159e+07
-1.30485e+06 6.77096e+06 -2.88159e+07
-1.31231e+06 6.76943e+06 -2.88159e+07
-1.31977e+06 6.76789e+06 -2.88159e+07
-1.32722e+06 6.76634e+06 -2.88159e+07
-1.33468e+06 6.76478e+06 -2.88159e+07
-1.34213e+06 6.76321e+06 -2.88159e+07
-1.34958e+06 6.76164e+06 -2.88159e+07
-1.35703e+06 6.76006e+06 -2.88159e+07
-1.36448e+06 6.75847e+06 -2.88159e+07
-1.37192e+06 6.75687e+06 -2.88159e+07
-1.37936e+06 6.75526e+06 -2.88159e+07
-1.38681e+06 6.75365e+06 -2.88159e+07
-1.39425e+06 6.75202e+06 -2.88159e+07
-1.40169e+06 6.75039e+06 -2.88159e+07
-1.40912e+06 6.74875e+06 -2.88159e+07
-1.41656e+06 6.7471e+06 -2.88159e+07
-1.42399e+06 6.74545e+06 -2.88159e+07
-1.43142e+06 6.74378e+06 -2.88159e+07
-1.43885e+06 6.74211e+06 -2.88159e+07
-1.44628e+06 6.74043e+06 -2.88159e+07
-1.45371e+06 6.73874e+06 -2.88159e+07
-1.46113e+06 6.73704e+06 -2.88159e+07
-1.46855e+06 6.73534e+06 -2.88159e+07
-1.47598e+06 6.73362e+06 -2.88159e+07
-1.48339e+06 6.7319e+06 -2.88159e+07
-1.49081e+06 6.73017e+06 -2.88159e+07
-1.49823e+06 6.72843e+06 -2.88159e+07
-1.50564e+06 6.72669e+06 -2.88159e+07
-1.51305e+06 6.72493e+06 -2.88159e+07
-1.52046e+06 6.72317e+06 -2.88159e+07
-1.52787e+06 6.7214e+06 -2.88159e+07
-1.53528e+06 6.71962e+06 -2.88159e+07
-1.54268e+06 6.71783e+06 -2.88159e+07
-1.55009e+06 6.71604e+06 -2.88159e+07
-1.55749e+06 6.71423e+06 -2.88159e+07
-1.56489e+06 6.71242e+06 -2.88159e+07
-1.57228e+06 6.7106e+06 -2.88159e+07
-1.57968e+06 6.70877e+06 -2.88159e+07
-1.58707e+06 6.70694e+06 -2.88159e+07
-1.59446e+06 6.70509e+06 -2.88159e+07
-1.60185e+06 6.70324e+06 -2.88159e+07
-1.60924e+06 6.70138e+06 -2.88159e+07
-1.61662e+06 6.69951e+06 -2.88159e+07
-1.62401e+06 6.69763e+06 -2.88159e+07
-1.63139e+06 6.69575e+06 -2.88159e+07
-1.63877e+06 6.69385e+06 -2.88159e+07
-1.64615e+06 6.69195e+06 -2.88159e+07
-1.65352e+06 6.69004e+06 -2.88159e+07
-1.66089e+06 6.68813e+06 -2.88159e+07
-1.66827e+06 6.6862e+06 -2.88159e+07
-1.67564e+06 6.68427e+06 -2.88159e+07
-1.683e+06 6.68232e+06 -2.88159e+07
-1.69037e+06 6.68037e+06 -2.88159e+07
-1.69773e+06 6.67841e+06 -2.88159e+07
-1.70509e+06 6.67645e+06 -2.88159e+07
-1.71245e+06 6.67447e+06 -2.88159e+07
-1.71981e+06 6.67249e+06 -2.88159e+07
-1.72716e+06 6.6705e+06 -2.88159e+07
-1.73452e+06 6.6685e+06 -2.88159e+07
-1.74187e+06 6.66649e+06 -2.88159e+07
-1.74922e+06 6.66448e+06 -2.88159e+07
-1.75656e+06 6.66245e+06 -2.88159e+07
-1.76391e+06 6.66042e+06 -2.88159e+07
-1.77125e+06 6.65838e+06 -2.88159e+07
-1.77859e+06 6.65633e+06 -2.88159e+07
-1.78593e+06 6.65428e+06 -2.88159e+07
-1.79326e+06 6.65221e+06 -2.88159e+07
-1.8006e+06 6.65014e+06 -2.88159e+07
-1.80793e+06 6.64806e+06 -2.88159e+07
-1.81526e+06 6.64597e+06 -2.88159e+07
-1.82258e+06 6.64387e+06 -2.88159e+07
-1.82991e+06 6.64177e+06 -2.88159e+07
-1.83723e+06 6.63966e+06 -2.88159e+07
-1.84455e+06 6.63754e+06 -2.88159e+07
-1.85187e+06 6.63541e+06 -2.88159e+07
-1.85918e+06 6.63327e+06 -2.88159e+07
-1.8665e+06 6.63112e+06 -2.88159e+07
-1.87381e+06 6.62897e+06 -2.88159e+07
-1.88112e+06 6.62681e+06 -2.88159e+07
-1.88842e+06 6.62464e+06 -2.88159e+07
-1.89573e+06 6.62246e+06 -2.88159e+07
-1.90303e+06 6.62028e+06 -2.88159e+07
-1.91033e+06 6.61808e+06 -2.88159e+07
-1.91763e+06 6.61588e+06 -2.88159e+07
-1.92492e+06 6.61367e+06 -2.88159e+07
-1.93221e+06 6.61145e+06 -2.88159e+07
-1.9395e+06 6.60923e+06 -2.88159e+07
-1.94679e+06 6.60699e+06 -2.88159e+07
-1.95408e+06 6.60475e+06 -2.88159e+07
-1.96136e+06 6.6025e+06 -2.88159e+07
-1.96864e+06 6.60024e+06 -2.88159e+07
-1.97592e+06 6.59798e+06 -2.88159e+07
-1.9832e+06 6.5957e+06 -2.88159e+07
-1.99047e+06 6.59342e+06 -2.88159e+07
-1.99774e+06 6.59113e+06 -2.88159e+07
-2.00501e+06 6.58883e+06 -2.88159e+07
-2.01227e+06 6.58653e+06 -2.88159e+07
-2.01954e+06 6.58421e+06 -2.88159e+07
-2.0268e+06 6.58189e+06 -2.88159e+07
-2.03406e+06 6.57956e+06 -2.88159e+07
-2.04131e+06 6.57722e+06 -2.88159e+07
-2.04857e+06 6.57487e+06 -2.88159e+07
-2.05582e+06 6.57252e+06 -2.88159e+07
-2.06307e+06 6.57016e+06 -2.88159e+07
-2.07031e+06 6.56778e+06 -2.88159e+07
-2.07756e+06 6.56541e+06 -2.88159e+07
-2.0848e+06 6.56302e+06 -2.88159e+07
-2.09204e+06 6.56062e+06 -2.88159e+07
-2.09927e+06 6.55822e+06 -2.88159e+07
-2.10651e+06 6.55581e+06 -2.88159e+07
-2.11374e+06 6.55339e+06 -2.88159e+07
-2.12097e+06 6.55097e+06 -2.88159e+07
-2.12819e+06 6.54853e+06 -2.88159e+07
-2.13542e+06 6.54609e+06 -2.88159e+07
-2.14264e+06 6.54364e+06 -2.88159e+07
-2.14986e+06 6.54118e+06 -2.88159e+07
-2.15707e+06 6.53871e+06 -2.88159e+07
-2.16428e+06 6.53624e+06 -2.88159e+07
-2.17149e+06 6.53375e+06 -2.88159e+07
-2.1787e+06 6.53126e+06 -2.88159e+07
-2.18591e+06 6.52877e+06 -2.88159e+07
-2.19311e+06 6.52626e+06 -2.88159e+07
-2.20031e+06 6.52374e+06 -2.88159e+07
-2.2075e+06 6.52122e+06 -2.88159e+07
-2.2147e+06 6.51869e+06 -2.88159e+07
-2.22189e+06 6.51615e+06 -2.88159e+07
-2.22908e+06 6.51361e+06 -2.88159e+07
-2.23626e+06 6.51105e+06 -2.88159e+07
-2.24345e+06 6.50849e+06 -2.88159e+07
-2.25063e+06 6.50592e+06 -2.88159e+07
-2.2578e+06 6.50334e+06 -2.88159e+07
-2.26498e+06 6.50075e+06 -2.88159e+07
-2.27215e+06 6.49816e+06 -2.88159e+07
-2.27932e+06 6.49556e+06 -2.88159e+07
-2.28649e+06 6.49295e+06 -2.88159e+07
-2.29365e+06 6.49033e+06 -2.88159e+07
-2.30081e+06 6.4877e+06 -2.88159e+07
-2.30797e+06 6.48507e+06 -2.88159e+07
-2.31513e+06 6.48243e+06 -2.88159e+07
-2.32228e+06 6.47978e+06 -2.88159e+07
-2.32943e+06 6.47712e+06 -2.88159e+07
-2.33658e+06 6.47446e+06 -2.88159e+07
-2.34372e+06 6.47178e+06 -2.88159e+07
-2.35086e+06 6.4691e+06 -2.88159e+07
-2.358e+06 6.46641e+06 -2.88159e+07
-2.36513e+06 6.46372e+06 -2.88159e+07
-2.37227e+06 6.46101e+06 -2.88159e+07
-2.3794e+06 6.4583e+06 -2.88159e+07
-2.38652e+06 6.45558e+06 -2.88159e+07
-2.39365e+06 6.45285e+06 -2.88159e+07
-2.40077e+06 6.45011e+06 -2.88159e+07
-2.40789e+06 6.44737e+06 -2.88159e+07
-2.415e+06 6.44461e+06 -2.88159e+07
-2.42211e+06 6.44185e+06 -2.88159e+07
-2.42922e+06 6.43909e+06 -2.88159e+07
-2.43633e+06 6.43631e+06 -2.88159e+07
-2.44343e+06 6.43353e+06 -2.88159e+07
-2.45053e+06 6.43074e+06 -2.88159e+07
-2.45763e+06 6.42794e+06 -2.88159e+07
-2.46472e+06 6.42513e+06 -2.88159e+07
-2.47181e+06 6.42231e+06 -2.88159e+07
-2.4789e+06 6.41949e+06 -2.88159e+07
-2.48599e+06 6.41666e+06 -2.88159e+07
-2.49307e+06 6.41382e+06 -2.88159e+07
-2.50015e+06 6.41097e+06 -2.88159e+07
-2.50722e+06 6.40812e+06 -2.88159e+07
-2.5143e+06 6.40526e+06 -2.88159e+07
-2.52137e+06 6.40239e+06 -2.88159e+07
-2.52843e+06 6.39951e+06 -2.88159e+07
-2.5355e+06 6.39662e+06 -2.88159e+07
-2.54256e+06 6.39373e+06 -2.88159e+07
-2.54961e+06 6.39083e+06 -2.88159e+07
-2.55667e+06 6.38792e+06 -2.88159e+07
-2.56372e+06 6.385e+06 -2.88159e+07
-2.57077e+06 6.38208e+06 -2.88159e+07
-2.57781e+06 6.37914e+06 -2.88159e+07
-2.58485e+06 6.3762e+06 -2.88159e+07
-2.59189e+06 6.37325e+06 -2.88159e+07
-2.59893e+06 6.3703e+06 -2.88159e+07
-2.60596e+06 6.36733e+06 -2.88159e+07
-2.61299e+06 6.36436e+06 -2.88159e+07
-2.62001e+06 6.36138e+06 -2.88159e+07
-2.62704e+06 6.35839e+06 -2.88159e+07
-2.63406e+06 6.3554e+06 -2.88159e+07
-2.64107e+06 6.3524e+06 -2.88159e+07
-2.64808e+06 6.34939e+06 -2.88159e+07
-2.65509e+06 6.34637e+06 -2.88159e+07
-2.6621e+06 6.34334e+06 -2.88159e+07
-2.6691e+06 6.34031e+06 -2.88159e+07
-2.6761e+06 6.33727e+06 -2.88159e+07
-2.6831e+06 6.33422e+06 -2.88159e+07
-2.69009e+06 6.33116e+06 -2.88159e+07
-2.69708e+06 6.32809e+06 -2.88159e+07
-2.70407e+06 6.32502e+06 -2.88159e+07
-2.71105e+06 6.32194e+06 -2.88159e+07
-2.71803e+06 6.31885e+06 -2.88159e+07
-2.72501e+06 6.31576e+06 -2.88159e+07
-2.73198e+06 6.31265e+06 -2.88159e+07
-2.73895e+06 6.30954e+06 -2.88159e+07
-2.74592e+06 6.30642e+06 -2.88159e+07
-2.75288e+06 6.30329e+06 -2.88159e+07
-2.75984e+06 6.30016e+06 -2.88159e+07
-2.7668e+06 6.29702e+06 -2.88159e+07
-2.77375e+06 6.29387e+06 -2.88159e+07
-2.7807e+06 6.29071e+06 -2.88159e+07
-2.78765e+06 6.28754e+06 -2.88159e+07
-2.79459e+06 6.28437e+06 -2.88159e+07
-2.80153e+06 6.28119e+06 -2.88159e+07
-2.80847e+06 6.278e+06 -2.88159e+07
-2.8154e+06 6.2748e+06 -2.88159e+07
-2.82233e+06 6.2716e+06 -2.88159e+07
-2.82926e+06 6.26839e+06 -2.88159e+07
-2.83618e+06 6.26517e+06 -2.88159e+07
-2.8431e+06 6.26194e+06 -2.8816e+07
-2.85001e+06 6.25871e+06 -2.8816e+07
-2.85692e+06 6.25547e+06 -2.8816e+07
-2.86383e+06 6.25222e+06 -2.8816e+07
-2.87074e+06 6.24896e+06 -2.8816e+07
-2.87764e+06 6.24569e+06 -2.8816e+07
-2.88454e+06 6.24242e+06 -2.8816e+07
-2.89143e+06 6.23914e+06 -2.8816e+07
-2.89832e+06 6.23585e+06 -2.8816e+07
-2.90521e+06 6.23255e+06 -2.8816e+07
-2.91209e+06 6.22925e+06 -2.8816e+07
-2.91897e+06 6.22594e+06 -2.8816e+07
-2.92585e+06 6.22262e+06 -2.8816e+07
-2.93272e+06 6.21929e+06 -2.8816e+07
-2.93959e+06 6.21596e+06 -2.8816e+07
-2.94646e+06 6.21262e+06 -2.8816e+07
-2.95332e+06 6.20927e+06 -2.8816e+07
-2.96018e+06 6.20591e+06 -2.8816e+07
-2.96703e+06 6.20255e+06 -2.8816e+07
-2.97388e+06 6.19918e+06 -2.8816e+07
-2.98073e+06 6.1958e+06 -2.8816e+07
-2.98757e+06 6.19241e+06 -2.8816e+07
-2.99441e+06 6.18901e+06 -2.8816e+07
-3.00125e+06 6.18561e+06 -2.8816e+07
-3.00808e+06 6.1822e+06 -2.8816e+07
-3.01491e+06 6.17878e+06 -2.8816e+07
-3.02174e+06 6.17536e+06 -2.8816e+07
-3.02856e+06 6.17192e+06 -2.8816e+07
-3.03538e+06 6.16848e+06 -2.8816e+07
-3.04219e+06 6.16504e+06 -2.8816e+07
-3.049e+06 6.16158e+06 -2.8816e+07
-3.05581e+06 6.15812e+06 -2.8816e+07
-3.06261e+06 6.15465e+06 -2.8816e+07
-3.06941e+06 6.15117e+06 -2.8816e+07
-3.07621e+06 6.14768e+06 -2.8816e+07
-3.083e+06 6.14419e+06 -2.8816e+07
-3.08979e+06 6.14069e+06 -2.8816e+07
-3.09657e+06 6.13718e+06 -2.8816e+07
-3.10335e+06 6.13366e+06 -2.8816e+07
-3.11013e+06 6.13014e+06 -2.8816e+07
-3.1169e+06 6.12661e+06 -2.8816e+07
-3.12367e+06 6.12307e+06 -2.8816e+07
-3.13044e+06 6.11952e+06 -2.8816e+07
-3.1372e+06 6.11597e+06 -2.8816e+07
-3.14395e+06 6.11241e+06 -2.8816e+07
-3.15071e+06 6.10884e+06 -2.8816e+07
-3.15746e+06 6.10527e+06 -2.8816e+07
-3.1642e+06 6.10168e+06 -2.8816e+07
-3.17094e+06 6.09809e+06 -2.8816e+07
-3.17768e+06 6.09449e+06 -2.8816e+07
-3.18442e+06 6.09089e+06 -2.8816e+07
-3.19115e+06 6.08727e+06 -2.8816e+07
-3.19787e+06 6.08365e+06 -2.8816e+07
-3.2046e+06 6.08002e+06 -2.8816e+07
-3.21131e+06 6.07639e+06 -2.8816e+07
-3.21803e+06 6.07274e+06 -2.8816e+07
-3.22474e+06 6.06909e+06 -2.8816e+07
-3.23145e+06 6.06543e+06 -2.8816e+07
-3.23815e+06 6.06177e+06 -2.8816e+07
-3.24485e+06 6.0581e+06 -2.8816e+07
-3.25154e+06 6.05442e+06 -2.8816e+07
-3.25823e+06 6.05073e+06 -2.8816e+07
-3.26492e+06 6.04703e+06 -2.8816e+07
-3.2716e+06 6.04333e+06 -2.8816e+07
-3.27828e+06 6.03962e+06 -2.8816e+07
-3.28496e+06 6.0359e+06 -2.8816e+07
-3.29163e+06 6.03218e+06 -2.8816e+07
-3.29829e+06 6.02844e+06 -2.8816e+07
-3.30496e+06 6.0247e+06 -2.8816e+07
-3.31161e+06 6.02096e+06 -2.8816e+07
-3.31827e+06 6.0172e+06 -2.8816e+07
-3.32492e+06 6.01344e+06 -2.8816e+07
-3.33156e+06 6.00967e+06 -2.8816e+07
-3.33821e+06 6.00589e+06 -2.8816e+07
-3.34484e+06 6.00211e+06 -2.8816e+07
-3.35148e+06 5.99832e+06 -2.8816e+07
-3.35811e+06 5.99452e+06 -2.8816e+07
-3.36473e+06 5.99071e+06 -2.8816e+07
-3.37136e+06 5.9869e+06 -2.8816e+07
-3.37797e+06 5.98308e+06 -2.8816e+07
-3.38459e+06 5.97925e+06 -2.8816e+07
-3.3912e+06 5.97541e+06 -2.8816e+07
-3.3978e+06 5.97157e+06 -2.8816e+07
-3.4044e+06 5.96772e+06 -2.8816e+07
-3.411e+06 5.96386e+06 -2.8816e+07
-3.41759e+06 5.96e+06 -2.8816e+07
-3.42418e+06 5.95612e+06 -2.8816e+07
-3.43076e+06 5.95224e+06 -2.8816e+07
-3.43734e+06 5.94836e+06 -2.8816e+07
-3.44392e+06 5.94446e+06 -2.8816e+07
-3.45049e+06 5.94056e+06 -2.8816e+07
-3.45706e+06 5.93665e+06 -2.8816e+07
-3.46362e+06 5.93273e+06 -2.8816e+07
-3.47018e+06 5.92881e+06 -2.8816e+07
-3.47673e+06 5.92488e+06 -2.8816e+07
-3.48328e+06 5.92094e+06 -2.8816e+07
-3.48983e+06 5.917e+06 -2.8816e+07
-3.49637e+06 5.91304e+06 -2.8816e+07
-3.50291e+06 5.90908e+06 -2.8816e+07
-3.50944e+06 5.90512e+06 -2.8816e+07
-3.51597e+06 5.90114e+06 -2.8816e+07
-3.52249e+06 5.89716e+06 -2.8816e+07
-3.52901e+06 5.89317e+06 -2.8816e+07
-3.53553e+06 5.88917e+06 -2.8816e+07
-3.54204e+06 5.88517e+06 -2.8816e+07
-3.54854e+06 5.88116e+06 -2.8816e+07
-3.55505e+06 5.87714e+06 -2.8816e+07
-3.56154e+06 5.87312e+06 -2.8816e+07
-3.56804e+06 5.86908e+06 -2.8816e+07
-3.57453e+06 5.86504e+06 -2.8816e+07
-3.58101e+06 5.861e+06 -2.8816e+07
-3.58749e+06 5.85694e+06 -2.8816e+07
-3.59397e+06 5.85288e+06 -2.8816e+07
-3.60044e+06 5.84881e+06 -2.8816e+07
-3.60691e+06 5.84474e+06 -2.8816e+07
-3.61337e+06 5.84065e+06 -2.8816e+07
-3.61983e+06 5.83656e+06 -2.8816e+07
-3.62628e+06 5.83247e+06 -2.8816e+07
-3.63273e+06 5.82836e+06 -2.8816e+07
-3.63918e+06 5.82425e+06 -2.8816e+07
-3.64562e+06 5.82013e+06 -2.8816e+07
-3.65205e+06 5.81601e+06 -2.8816e+07
-3.65848e+06 5.81187e+06 -2.8816e+07
-3.66491e+06 5.80773e+06 -2.8816e+07
-3.67133e+06 5.80358e+06 -2.8816e+07
-3.67775e+06 5.79943e+06 -2.8816e+07
-3.68417e+06 5.79527e+06 -2.8816e+07
-3.69057e+06 5.7911e+06 -2.8816e+07
-3.69698e+06 5.78692e+06 -2.8816e+07
-3.70338e+06 5.78274e+06 -2.8816e+07
-3.70977e+06 5.77855e+06 -2.8816e+07
-3.71616e+06 5.77435e+06 -2.8816e+07
-3.72255e+06 5.77015e+06 -2.8816e+07
-3.72893e+06 5.76594e+06 -2.8816e+07
-3.73531e+06 5.76172e+06 -2.8816e+07
-3.74168e+06 5.75749e+06 -2.8816e+07
-3.74805e+06 5.75326e+06 -2.8816e+07
-3.75441e+06 5.74902e+06 -2.8816e+07
-3.76077e+06 5.74477e+06 -2.8816e+07
-3.76712e+06 5.74052e+06 -2.8816e+07
-3.77347e+06 5.73626e+06 -2.8816e+07
-3.77982e+06 5.73199e+06 -2.8816e+07
-3.78616e+06 5.72771e+06 -2.8816e+07
-3.79249e+06 5.72343e+06 -2.8816e+07
-3.79882e+06 5.71914e+06 -2.8816e+07
-3.80515e+06 5.71485e+06 -2.8816e+07
-3.81147e+06 5.71054e+06 -2.8816e+07
-3.81779e+06 5.70623e+06 -2.8816e+07
-3.8241e+06 5.70191e+06 -2.8816e+07
-3.83041e+06 5.69759e+06 -2.8816e+07
-3.83671e+06 5.69326e+06 -2.8816e+07
-3.84301e+06 5.68892e+06 -2.8816e+07
-3.8493e+06 5.68457e+06 -2.8816e+07
-3.85559e+06 5.68022e+06 -2.8816e+07
-3.86187e+06 5.67586e+06 -2.8816e+07
-3.86815e+06 5.6715e+06 -2.8816e+07
-3.87442e+06 5.66712e+06 -2.8816e+07
-3.88069e+06 5.66274e+06 -2.8816e+07
-3.88696e+06 5.65835e+06 -2.8816e+07
-3.89322e+06 5.65396e+06 -2.8816e+07
-3.89947e+06 5.64956e+06 -2.8816e+07
-3.90572e+06 5.64515e+06 -2.8816e+07
-3.91197e+06 5.64073e+06 -2.8816e+07
-3.91821e+06 5.63631e+06 -2.8816e+07
-3.92444e+06 5.63188e+06 -2.8816e+07
-3.93067e+06 5.62745e+06 -2.8816e+07
-3.9369e+06 5.623e+06 -2.8816e+07
-3.94312e+06 5.61855e+06 -2.8816e+07
-3.94934e+06 5.6141e+06 -2.8816e+07
-3.95555e+06 5.60963e+06 -2.8816e+07
-3.96175e+06 5.60516e+06 -2.8816e+07
-3.96796e+06 5.60068e+06 -2.8816e+07
-3.97415e+06 5.5962e+06 -2.8816e+07
-3.98034e+06 5.59171e+06 -2.8816e+07
-3.98653e+06 5.58721e+06 -2.8816e+07
-3.99271e+06 5.5827e+06 -2.8816e+07
-3.99889e+06 5.57819e+06 -2.8816e+07
-4.00506e+06 5.57367e+06 -2.8816e+07
-4.01123e+06 5.56915e+06 -2.8816e+07
-4.01739e+06 5.56461e+06 -2.8816e+07
-4.02355e+06 5.56008e+06 -2.8816e+07
-4.0297e+06 5.55553e+06 -2.8816e+07
-4.03585e+06 5.55098e+06 -2.8816e+07
-4.04199e+06 5.54642e+06 -2.8816e+07
-4.04813e+06 5.54185e+06 -2.8816e+07
-4.05426e+06 5.53727e+06 -2.8816e+07
-4.06039e+06 5.53269e+06 -2.8816e+07
-4.06651e+06 5.52811e+06 -2.8816e+07
-4.07263e+06 5.52351e+06 -2.8816e+07
-4.07874e+06 5.51891e+06 -2.8816e+07
-4.08485e+06 5.5143e+06 -2.8816e+07
-4.09095e+06 5.50969e+06 -2.8816e+07
-4.09705e+06 5.50507e+06 -2.8816e+07
-4.10314e+06 5.50044e+06 -2.8816e+07
-4.10922e+06 5.4958e+06 -2.8816e+07
-4.11531e+06 5.49116e+06 -2.8816e+07
-4.12138e+06 5.48651e+06 -2.8816e+07
-4.12745e+06 5.48186e+06 -2.8816e+07
-4.13352e+06 5.47719e+06 -2.8816e+07
-4.13958e+06 5.47253e+06 -2.8816e+07
-4.14564e+06 5.46785e+06 -2.8816e+07
-4.15169e+06 5.46317e+06 -2.8816e+07
-4.15774e+06 5.45848e+06 -2.8816e+07
-4.16378e+06 5.45378e+06 -2.8816e+07
-4.16981e+06 5.44908e+06 -2.8816e+07
-4.17585e+06 5.44437e+06 -2.8816e+07
-4.18187e+06 5.43965e+06 -2.8816e+07
-4.18789e+06 5.43493e+06 -2.8816e+07
-4.19391e+06 5.4302e+06 -2.8816e+07
-4.19992e+06 5.42547e+06 -2.8816e+07
-4.20592e+06 5.42072e+06 -2.8816e+07
-4.21192e+06 5.41597e+06 -2.8816e+07
-4.21792e+06 5.41122e+06 -2.8816e+07
-4.22391e+06 5.40645e+06 -2.8816e+07
-4.22989e+06 5.40168e+06 -2.8816e+07
-4.23587e+06 5.39691e+06 -2.8816e+07
-4.24184e+06 5.39212e+06 -2.8816e+07
-4.24781e+06 5.38733e+06 -2.8816e+07
-4.25378e+06 5.38254e+06 -2.8816e+07
-4.25973e+06 5.37774e+06 -2.8816e+07
-4.26569e+06 5.37293e+06 -2.8816e+07
-4.27163e+06 5.36811e+06 -2.8816e+07
-4.27758e+06 5.36329e+06 -2.8816e+07
-4.28351e+06 5.35846e+06 -2.8816e+07
-4.28944e+06 5.35362e+06 -2.8816e+07
-4.29537e+06 5.34878e+06 -2.8816e+07
-4.30129e+06 5.34393e+06 -2.8816e+07
-4.30721e+06 5.33907e+06 -2.8816e+07
-4.31312e+06 5.33421e+06 -2.8816e+07
-4.31902e+06 5.32934e+06 -2.8816e+07
-4.32492e+06 5.32447e+06 -2.8816e+07
-4.33082e+06 5.31958e+06 -2.8816e+07
-4.33671e+06 5.3147e+06 -2.8816e+07
-4.34259e+06 5.3098e+06 -2.8816e+07
-4.34847e+06 5.3049e+06 -2.8816e+07
-4.35434e+06 5.29999e+06 -2.8816e+07
-4.36021e+06 5.29507e+06 -2.8816e+07
-4.36607e+06 5.29015e+06 -2.8816e+07
-4.37193e+06 5.28522e+06 -2.8816e+07
-4.37778e+06 5.28029e+06 -2.8816e+07
-4.38363e+06 5.27535e+06 -2.8816e+07
-4.38947e+06 5.2704e+06 -2.8816e+07
-4.3953e+06 5.26545e+06 -2.8816e+07
-4.40113e+06 5.26049e+06 -2.8816e+07
-4.40696e+06 5.25552e+06 -2.8816e+07
-4.41277e+06 5.25055e+06 -2.8816e+07
-4.41859e+06 5.24557e+06 -2.8816e+07
-4.4244e+06 5.24058e+06 -2.8816e+07
-4.4302e+06 5.23559e+06 -2.8816e+07
-4.436e+06 5.23059e+06 -2.8816e+07
-4.44179e+06 5.22558e+06 -2.8816e+07
-4.44757e+06 5.22057e+06 -2.8816e+07
-4.45335e+06 5.21555e+06 -2.8816e+07
-4.45913e+06 5.21052e+06 -2.8816e+07
-4.4649e+06 5.20549e+06 -2.8816e+07
-4.47066e+06 5.20045e+06 -2.8816e+07
-4.47642e+06 5.19541e+06 -2.8816e+07
-4.48217e+06 5.19036e+06 -2.8816e+07
-4.48792e+06 5.1853e+06 -2.8816e+07
-4.49366e+06 5.18024e+06 -2.8816e+07
-4.4994e+06 5.17517e+06 -2.8816e+07
-4.50513e+06 5.17009e+06 -2.8816e+07
-4.51086e+06 5.16501e+06 -2.8816e+07
-4.51658e+06 5.15992e+06 -2.8816e+07
-4.52229e+06 5.15482e+06 -2.8816e+07
-4.528e+06 5.14972e+06 -2.8816e+07
-4.5337e+06 5.14461e+06 -2.8816e+07
-4.5394e+06 5.13949e+06 -2.8816e+07
-4.54509e+06 5.13437e+06 -2.8816e+07
-4.55078e+06 5.12925e+06 -2.8816e+07
-4.55646e+06 5.12411e+06 -2.8816e+07
-4.56213e+06 5.11897e+06 -2.8816e+07
-4.5678e+06 5.11382e+06 -2.8816e+07
-4.57346e+06 5.10867e+06 -2.8816e+07
-4.57912e+06 5.10351e+06 -2.8816e+07
-4.58477e+06 5.09835e+06 -2.8816e+07
-4.59042e+06 5.09317e+06 -2.8816e+07
-4.59606e+06 5.088e+06 -2.8816e+07
-4.6017e+06 5.08281e+06 -2.8816e+07
-4.60733e+06 5.07762e+06 -2.8816e+07
-4.61295e+06 5.07242e+06 -2.8816e+07
-4.61857e+06 5.06722e+06 -2.8816e+07
-4.62418e+06 5.06201e+06 -2.8816e+07
-4.62979e+06 5.0568e+06 -2.8816e+07
-4.63539e+06 5.05157e+06 -2.8816e+07
-4.64098e+06 5.04634e+06 -2.8816e+07
-4.64657e+06 5.04111e+06 -2.8816e+07
-4.65216e+06 5.03587e+06 -2.8816e+07
-4.65773e+06 5.03062e+06 -2.8816e+07
-4.66331e+06 5.02537e+06 -2.8816e+07
-4.66887e+06 5.02011e+06 -2.8816e+07
-4.67443e+06 5.01484e+06 -2.8816e+07
-4.67999e+06 5.00957e+06 -2.8816e+07
-4.68554e+06 5.00429e+06 -2.8816e+07
-4.69108e+06 4.99901e+06 -2.8816e+07
-4.69662e+06 4.99372e+06 -2.8816e+07
-4.70215e+06 4.98842e+06 -2.8816e+07
-4.70767e+06 4.98312e+06 -2.8816e+07
-4.71319e+06 4.97781e+06 -2.8816e+07
-4.71871e+06 4.97249e+06 -2.8816e+07
-4.72422e+06 4.96717e+06 -2.8816e+07
-4.72972e+06 4.96185e+06 -2.8816e+07
-4.73522e+06 4.95651e+06 -2.8816e+07
-4.74071e+06 4.95117e+06 -2.8816e+07
-4.74619e+06 4.94583e+06 -2.8816e+07
-4.75167e+06 4.94047e+06 -2.8816e+07
-4.75714e+06 4.93512e+06 -2.8816e+07
-4.76261e+06 4.92975e+06 -2.8816e+07
-4.76807e+06 4.92438e+06 -2.8816e+07
-4.77353e+06 4.91901e+06 -2.8816e+07
-4.77898e+06 4.91362e+06 -2.8816e+07
-4.78442e+06 4.90823e+06 -2.8816e+07
-4.78986e+06 4.90284e+06 -2.8816e+07
-4.79529e+06 4.89744e+06 -2.8816e+07
-4.80072e+06 4.89203e+06 -2.8816e+07
-4.80614e+06 4.88662e+06 -2.8816e+07
-4.81155e+06 4.8812e+06 -2.8816e+07
-4.81696e+06 4.87578e+06 -2.8816e+07
-4.82236e+06 4.87034e+06 -2.8816e+07
-4.82776e+06 4.86491e+06 -2.8816e+07
-4.83315e+06 4.85946e+06 -2.8816e+07
-4.83853e+06 4.85402e+06 -2.8816e+07
-4.84391e+06 4.84856e+06 -2.8816e+07
-4.84928e+06 4.8431e+06 -2.8816e+07
-4.85465e+06 4.83763e+06 -2.8816e+07
-4.86001e+06 4.83216e+06 -2.8816e+07
-4.86536e+06 4.82668e+06 -2.8816e+07
-4.87071e+06 4.82119e+06 -2.8816e+07
-4.87605e+06 4.8157e+06 -2.8816e+07
-4.88139e+06 4.81021e+06 -2.8816e+07
-4.88672e+06 4.8047e+06 -2.8816e+07
-4.89204e+06 4.7992e+06 -2.8816e+07
-4.89736e+06 4.79368e+06 -2.8816e+07
-4.90267e+06 4.78816e+06 -2.8816e+07
-4.90798e+06 4.78263e+06 -2.8816e+07
-4.91328e+06 4.7771e+06 -2.8816e+07
-4.91857e+06 4.77156e+06 -2.8816e+07
-4.92386e+06 4.76602e+06 -2.8816e+07
-4.92914e+06 4.76047e+06 -2.8816e+07
-4.93441e+06 4.75491e+06 -2.8816e+07
-4.93968e+06 4.74935e+06 -2.8816e+07
-4.94495e+06 4.74378e+06 -2.8816e+07
-4.9502e+06 4.73821e+06 -2.8816e+07
-4.95545e+06 4.73263e+06 -2.8816e+07
-4.9607e+06 4.72704e+06 -2.8816e+07
-4.96594e+06 4.72145e+06 -2.8816e+07
-4.97117e+06 4.71585e+06 -2.8816e+07
-4.9764e+06 4.71025e+06 -2.8816e+07
-4.98162e+06 4.70464e+06 -2.8816e+07
-4.98683e+06 4.69903e+06 -2.8816e+07
-4.99204e+06 4.69341e+06 -2.8816e+07
-4.99724e+06 4.68778e+06 -2.8816e+07
-5.00243e+06 4.68215e+06 -2.8816e+07
-5.00762e+06 4.67651e+06 -2.8816e+07
-5.01281e+06 4.67086e+06 -2.8816e+07
-5.01798e+06 4.66521e+06 -2.8816e+07
-5.02315e+06 4.65956e+06 -2.8816e+07
-5.02832e+06 4.6539e+06 -2.8816e+07
-5.03347e+06 4.64823e+06 -2.8816e+07
-5.03863e+06 4.64256e+06 -2.8816e+07
-5.04377e+06 4.63688e+06 -2.8816e+07
-5.04891e+06 4.6312e+06 -2.8816e+07
-5.05404e+06 4.62551e+06 -2.8816e+07
-5.05917e+06 4.61981e+06 -2.8816e+07
-5.06429e+06 4.61411e+06 -2.8816e+07
-5.06941e+06 4.6084e+06 -2.8816e+07
-5.07451e+06 4.60269e+06 -2.8816e+07
-5.07961e+06 4.59697e+06 -2.8816e+07
-5.08471e+06 4.59125e+06 -2.8816e+07
-5.0898e+06 4.58552e+06 -2.8816e+07
-5.09488e+06 4.57978e+06 -2.8816e+07
-5.09996e+06 4.57404e+06 -2.8816e+07
-5.10503e+06 4.56829e+06 -2.8816e+07
-5.11009e+06 4.56254e+06 -2.8816e+07
-5.11515e+06 4.55678e+06 -2.8816e+07
-5.1202e+06 4.55102e+06 -2.8816e+07
-5.12524e+06 4.54525e+06 -2.8816e+07
-5.13028e+06 4.53947e+06 -2.8816e+07
-5.13532e+06 4.53369e+06 -2.88161e+07
-5.14034e+06 4.5279e+06 -2.88161e+07
-5.14536e+06 4.52211e+06 -2.88161e+07
-5.15037e+06 4.51631e+06 -2.88161e+07
-5.15538e+06 4.51051e+06 -2.88161e+07
-5.16038e+06 4.5047e+06 -2.88161e+07
-5.16537e+06 4.49889e+06 -2.88161e+07
-5.17036e+06 4.49307e+06 -2.88161e+07
-5.17534e+06 4.48724e+06 -2.88161e+07
-5.18032e+06 4.48141e+06 -2.88161e+07
-5.18528e+06 4.47557e+06 -2.88161e+07
-5.19025e+06 4.46973e+06 -2.88161e+07
-5.1952e+06 4.46388e+06 -2.88161e+07
-5.20015e+06 4.45803e+06 -2.88161e+07
-5.20509e+06 4.45217e+06 -2.88161e+07
-5.21003e+06 4.44631e+06 -2.88161e+07
-5.21496e+06 4.44044e+06 -2.88161e+07
-5.21988e+06 4.43456e+06 -2.88161e+07
-5.2248e+06 4.42868e+06 -2.88161e+07
-5.22971e+06 4.42279e+06 -2.88161e+07
-5.23461e+06 4.4169e+06 -2.88161e+07
-5.23951e+06 4.41101e+06 -2.88161e+07
-5.2444e+06 4.4051e+06 -2.88161e+07
-5.24928e+06 4.39919e+06 -2.88161e+07
-5.25416e+06 4.39328e+06 -2.88161e+07
-5.25903e+06 4.38736e+06 -2.88161e+07
-5.26389e+06 4.38144e+06 -2.88161e+07
-5.26875e+06 4.37551e+06 -2.88161e+07
-5.2736e+06 4.36957e+06 -2.88161e+07
-5.27845e+06 4.36363e+06 -2.88161e+07
-5.28328e+06 4.35768e+06 -2.88161e+07
-5.28812e+06 4.35173e+06 -2.88161e+07
-5.29294e+06 4.34577e+06 -2.88161e+07
-5.29776e+06 4.33981e+06 -2.88161e+07
-5.30257e+06 4.33384e+06 -2.88161e+07
-5.30738e+06 4.32787e+06 -2.88161e+07
-5.31218e+06 4.32189e+06 -2.88161e+07
-5.31697e+06 4.31591e+06 -2.88161e+07
-5.32175e+06 4.30992e+06 -2.88161e+07
-5.32653e+06 4.30392e+06 -2.88161e+07
-5.33131e+06 4.29792e+06 -2.88161e+07
-5.33607e+06 4.29192e+06 -2.88161e+07
-5.34083e+06 4.28591e+06 -2.88161e+07
-5.34558e+06 4.27989e+06 -2.88161e+07
-5.35033e+06 4.27387e+06 -2.88161e+07
-5.35507e+06 4.26784e+06 -2.88161e+07
-5.3598e+06 4.26181e+06 -2.88161e+07
-5.36453e+06 4.25577e+06 -2.88161e+07
-5.36925e+06 4.24973e+06 -2.88161e+07
-5.37396e+06 4.24368e+06 -2.88161e+07
-5.37866e+06 4.23763e+06 -2.88161e+07
-5.38336e+06 4.23157e+06 -2.88161e+07
-5.38806e+06 4.22551e+06 -2.88161e+07
-5.39274e+06 4.21944e+06 -2.88161e+07
-5.39742e+06 4.21336e+06 -2.88161e+07
-5.40209e+06 4.20728e+06 -2.88161e+07
-5.40676e+06 4.2012e+06 -2.88161e+07
-5.41142e+06 4.19511e+06 -2.88161e+07
-5.41607e+06 4.18901e+06 -2.88161e+07
-5.42072e+06 4.18291e+06 -2.88161e+07
-5.42535e+06 4.17681e+06 -2.88161e+07
